time_s,step,state,phase_current_a,phase_current_b,phase_current_c,target_speed_rpm,observer_speed_rpm,true_speed_rpm,id_ref_a,iq_ref_a,id_a,iq_a,vd_v,vq_v,duty_a,duty_b,duty_c,dc_bus_voltage_v,control_angle_rad,forced_angle_rad,observer_angle_rad,true_angle_rad,observer_reliable,flags,observer_bemf_alpha_v,observer_bemf_beta_v,observer_bemf_magnitude_v,observer_pll_phase_error_rad,observer_speed_mean_rpm,observer_speed_variance_rpm2,observer_speed_variance_ratio,observer_reliability_flags,observer_reliable_samples,observer_wait_elapsed_s,observer_loss_elapsed_s,voltage_limited
0.02,240,3,0.0,0.013,-0.013,582.0,-151,,0.0,0.016,0.0,0.015,-0.01,0.098,0.499,0.507,0.493,12.288,0.0,0.0,0.679,,0,29534,0.103,0.103,0.14566399692442877,-1.474,0,0,,0,0,0.0,0.0,0
0.04,480,3,0.011,0.027,-0.038,582.0,-168,,0.0,0.032,0.011,0.038,-0.104,0.131,0.489,0.511,0.492,12.288,0.0,0.0,0.836,,0,29534,0.103,0.103,0.14566399692442877,-1.632,0,0,,0,0,0.0,0.0,0
0.06,720,3,0.002,0.041,-0.043,582.0,-172,,0.0,0.048,0.002,0.049,-0.021,0.282,0.497,0.52,0.48,12.288,0.0,0.0,0.857,,0,29534,0.103,0.103,0.14566399692442877,-1.653,0,0,,0,0,0.0,0.0,0
0.08,960,3,0.002,0.056,-0.057,582.0,-173,,0.0,0.064,0.002,0.065,-0.045,0.357,0.494,0.525,0.475,12.288,0.0,0.0,0.846,,0,29534,0.103,0.103,0.14566399692442877,-1.642,-167,53,0.0019003908350962745,43,0,0.0,0.0,0
0.1,1200,3,0.002,0.067,-0.069,582.0,-173,,0.0,0.08,0.002,0.078,-0.016,0.515,0.498,0.536,0.464,12.288,0.0,0.0,0.831,,0,29534,0.103,0.103,0.14566399692442877,-1.627,-172,3,0.00010140616549486209,43,0,0.0,0.0,0
0.12,1440,3,0.002,0.08,-0.081,582.0,-173,,0.0,0.096,0.002,0.093,-0.064,0.635,0.492,0.545,0.455,12.288,0.0,0.0,0.818,,0,29534,0.103,0.103,0.14566399692442877,-1.614,-173,0,0.0,43,0,0.0,0.0,0
0.14,1680,3,-0.005,0.097,-0.093,582.0,-117,,0.0,0.112,-0.005,0.11,0.192,1.142,0.523,0.581,0.419,12.288,0.0,0.0,0.689,,0,29534,0.103,0.254,0.2740894014733149,-1.08,-168,174,0.006164965986394558,59,0,0.0,0.0,0
0.16,1920,3,0.0,0.11,-0.11,582.0,-50,,0.0,0.128,0.0,0.127,-0.034,0.336,0.496,0.524,0.476,12.288,0.0,0.0,4.942,,0,29534,0.112,0.007,0.11221853679316979,-0.173,-148,955,0.04359934258582907,11,0,0.0,0.0,0
0.18,2160,3,0.0,0.126,-0.126,582.0,282,,0.0,0.144,0.0,0.146,-0.589,1.029,0.428,0.572,0.428,12.288,0.0,0.0,3.73,,0,29534,-0.069,0.166,0.17976929659983654,2.966,-53,17709,6.3043787824848705,11,0,0.0,0.0,0
0.2,2400,3,-0.01,0.137,-0.128,582.0,-263,,0.0,0.16,-0.01,0.153,0.389,1.278,0.548,0.59,0.41,12.288,0.0,0.0,1.049,,0,29534,0.141,0.174,0.22395758527006848,-1.746,-97,31966,3.3973854819853333,11,0,0.0,0.0,0
0.22,2640,3,-0.002,0.152,-0.15,582.0,32,,0.0,0.176,-0.002,0.174,0.021,0.969,0.503,0.568,0.432,12.288,0.0,0.0,4.25,,0,29534,0.104,0.101,0.14497241116847026,1.233,-100,34882,3.4882,11,0,0.0,0.0,0
0.24,2880,3,-0.003,0.169,-0.166,582.0,-335,,0.0,0.192,-0.003,0.194,-0.317,0.896,0.461,0.563,0.437,12.288,0.0,0.0,1.91,,0,29534,0.007,0.103,0.10323759005323593,-2.001,-140,40737,2.0784183673469387,11,0,0.0,0.0,0
0.26,3120,3,0.003,0.18,-0.184,582.0,-132,,0.0,0.208,0.003,0.21,0.316,1.003,0.539,0.571,0.429,12.288,0.0,0.0,5.144,,0,29534,0.195,0.103,0.22053117693423757,0.046,-164,30727,1.1424375371802498,11,0,0.0,0.0,0
0.28,3360,3,0.005,0.196,-0.201,582.0,203,,0.0,0.224,0.005,0.229,-0.442,1.286,0.446,0.591,0.409,12.288,0.0,0.0,3.171,,0,29534,0.002,0.113,0.11301769772916098,3.103,-88,40384,5.214876033057851,11,0,0.0,0.0,0
0.3,3600,3,0.002,0.207,-0.209,582.0,-296,,0.0,0.24,0.002,0.241,0.404,1.437,0.549,0.601,0.399,12.288,0.0,0.0,0.252,,0,29534,0.204,0.109,0.23129418496797535,-1.351,-200,35113,0.877825,11,0,0.0,0.0,0
0.32,3840,3,-0.003,0.223,-0.22,582.0,-174,,0.0,0.256,-0.003,0.256,-0.088,1.563,0.489,0.61,0.39,12.288,0.0,0.0,6.015,,0,29534,0.103,0.116,0.15512897859523217,-0.467,-174,31011,1.0242766547760602,11,0,0.0,0.0,0
0.34,4080,3,0.0,0.238,-0.238,582.0,-161,,0.0,0.272,0.0,0.275,0.104,1.564,0.513,0.61,0.39,12.288,0.0,0.0,6.1,,0,29534,0.102,0.103,0.1449586147836685,-0.61,-217,18157,0.38558899105948313,11,0,0.0,0.0,0
0.36,4320,3,0.005,0.249,-0.254,582.0,-161,,0.0,0.288,0.005,0.29,0.041,1.628,0.505,0.615,0.385,12.288,0.0,0.0,0.029,,0,29534,0.103,0.103,0.14566399692442877,-0.826,-190,2271,0.06290858725761773,11,0,0.0,0.0,0
0.38,4560,3,-0.006,0.263,-0.257,582.0,-160,,0.0,0.304,-0.006,0.3,-0.046,1.76,0.494,0.624,0.376,12.288,0.0,0.0,0.201,,0,29534,0.101,0.103,0.14425671561490647,-0.987,-161,166,0.006404073916901354,43,0,0.0,0.0,0
0.4,4800,3,0.0,0.275,-0.275,582.0,-164,,0.0,0.32,0.0,0.317,0.142,1.847,0.517,0.63,0.37,12.288,0.0,0.0,0.349,,0,29534,0.104,0.103,0.14637281168304447,-1.153,-164,54,0.002007733491969066,43,0,0.0,0.0,0
0.42,5040,3,-0.002,0.29,-0.289,582.0,-165,,0.0,0.336,-0.002,0.335,-0.076,1.932,0.491,0.636,0.364,12.288,0.0,0.0,0.461,,0,29534,0.103,0.103,0.14566399692442877,-1.255,-162,15,0.0005715592135345222,43,0,0.0,0.0,0
0.44,5280,3,0.0,0.306,-0.306,582.0,-167,,0.0,0.352,0.0,0.354,0.137,2.026,0.517,0.643,0.357,12.288,0.0,0.0,0.545,,0,29534,0.103,0.103,0.14566399692442877,-1.339,-164,8,0.000297441998810232,43,0,0.0,0.0,0
0.46,5520,3,-0.002,0.318,-0.316,582.0,-167,,0.0,0.368,-0.002,0.366,-0.015,2.134,0.498,0.65,0.35,12.288,0.0,0.0,0.607,,0,29534,0.103,0.104,0.14637281168304447,-1.394,-166,2,7.257947452460444e-05,43,0,0.0,0.0,0
0.48,5760,3,-0.002,0.332,-0.33,582.0,-166,,0.0,0.384,-0.002,0.382,0.081,2.206,0.51,0.655,0.345,12.288,0.0,0.0,0.652,,0,29534,0.103,0.11,0.15069505632236246,-1.414,-166,1,3.628973726230222e-05,43,0,0.0,0.0,0
0.5,6000,3,-0.005,0.346,-0.342,582.0,-167,,0.0,0.4,-0.005,0.397,0.089,2.345,0.511,0.665,0.335,12.288,0.0,0.0,0.684,,0,29534,0.103,0.109,0.14996666296213967,-1.45,-166,1,3.628973726230222e-05,43,0,0.0,0.0,0
0.52,6240,3,0.0,0.361,-0.361,582.0,-165,,0.0,0.416,0.0,0.417,0.026,2.385,0.503,0.668,0.332,12.288,0.0,0.0,0.708,,0,29534,0.103,0.114,0.15363918770938617,-1.452,-166,1,3.628973726230222e-05,43,0,0.0,0.0,0
0.54,6480,3,0.003,0.377,-0.38,582.0,-163,,0.0,0.432,0.003,0.437,0.036,2.445,0.504,0.672,0.328,12.288,0.0,0.0,0.724,,0,29534,0.103,0.118,0.1566301375853319,-1.45,-165,1,3.6730945821854914e-05,43,0,0.0,0.0,0
0.56,6720,3,0.005,0.388,-0.393,582.0,-161,,0.0,0.448,0.005,0.451,0.01,2.554,0.501,0.68,0.32,12.288,0.0,0.0,0.733,,0,29534,0.103,0.121,0.15890248582070704,-1.444,-164,3,0.000111540749553837,43,0,0.0,0.0,0
0.58,6960,3,0.002,0.402,-0.404,582.0,-160,,0.0,0.464,0.002,0.465,0.057,2.669,0.507,0.688,0.312,12.288,0.0,0.0,0.739,,0,29534,0.103,0.123,0.1604306703844374,-1.443,-162,4,0.00015241579027587258,43,0,0.0,0.0,0
0.6,7200,3,-0.002,0.413,-0.412,582.0,-157,,0.0,0.48,-0.002,0.476,0.094,2.819,0.511,0.699,0.301,12.288,0.0,0.0,0.741,,0,29534,0.103,0.131,0.1666433316997713,-1.416,-160,4,0.00015625,43,0,0.0,0.0,0
0.62,7440,3,0.0,0.431,-0.431,582.0,-154,,0.0,0.496,0.0,0.498,0.092,2.857,0.511,0.701,0.299,12.288,0.0,0.0,0.739,,0,29534,0.103,0.135,0.16980577139779438,-1.4,-158,5,0.000200288415318058,43,0,0.0,0.0,0
0.64,7680,3,0.0,0.442,-0.442,582.0,-154,,0.0,0.512,0.0,0.511,0.048,2.971,0.506,0.709,0.291,12.288,0.0,0.0,0.735,,0,29534,0.103,0.134,0.16901183390520322,-1.398,-156,6,0.0002465483234714004,43,0,0.0,0.0,0
0.66,7920,3,-0.002,0.456,-0.455,582.0,-151,,0.0,0.528,-0.002,0.526,0.093,3.083,0.511,0.717,0.283,12.288,0.0,0.0,0.729,,0,29534,0.103,0.139,0.1730028901492689,-1.372,-153,6,0.0002563116749967961,43,0,0.0,0.0,0
0.68,8160,3,0.0,0.472,-0.472,582.0,-147,,0.0,0.544,0.0,0.546,0.105,3.139,0.513,0.721,0.279,12.288,0.0,0.0,0.72,,0,29534,0.103,0.148,0.18031361568112375,-1.335,-151,7,0.0003070040787684751,43,0,0.0,0.0,0
0.7,8400,3,0.0,0.487,-0.487,582.0,-144,,0.0,0.56,0.0,0.562,0.081,3.244,0.51,0.729,0.271,12.288,0.0,0.0,0.709,,0,29534,0.103,0.151,0.1827840255602223,-1.314,-148,8,0.0003652300949598247,43,0,0.0,0.0,0
0.72,8640,3,0.002,0.5,-0.501,582.0,-141,,0.0,0.576,0.002,0.578,0.079,3.333,0.51,0.735,0.265,12.288,0.0,0.0,0.698,,0,29534,0.103,0.157,0.18777113729218342,-1.286,-146,7,0.0003283918183524113,43,0,0.0,0.0,0
0.74,8880,3,-0.002,0.509,-0.508,582.0,-140,,0.0,0.592,-0.002,0.587,0.097,3.484,0.512,0.746,0.254,12.288,0.0,0.0,0.686,,0,29534,0.103,0.158,0.18860805921274945,-1.271,-143,8,0.00039121717443395764,43,0,0.0,0.0,0
0.76,9120,3,0.003,0.527,-0.53,582.0,-135,,0.0,0.608,0.003,0.61,0.062,3.508,0.508,0.747,0.253,12.288,0.0,0.0,0.675,,0,29534,0.103,0.168,0.19706090429103384,-1.231,-140,7,0.00035714285714285714,43,0,0.0,0.0,0
0.78,9360,3,-0.002,0.543,-0.541,582.0,-131,,0.0,0.624,-0.002,0.626,0.111,3.635,0.513,0.756,0.244,12.288,0.0,0.0,0.65,,0,29534,0.103,0.173,0.20134050759844627,-1.194,-137,10,0.0005327934359848687,43,0,0.0,0.0,0
0.8,9600,3,-0.002,0.555,-0.554,582.0,-128,,0.0,0.64,-0.002,0.64,0.101,3.729,0.512,0.763,0.237,12.288,0.0,0.0,0.629,,0,29534,0.103,0.175,0.2030615670184784,-1.166,-134,15,0.0008353753619959902,43,0,0.0,0.0,0
0.82,9840,3,0.002,0.571,-0.573,582.0,-126,,0.0,0.656,0.002,0.661,0.063,3.782,0.508,0.767,0.233,12.288,0.0,0.0,0.612,,0,29534,0.103,0.176,0.20392400545301181,-1.148,-130,14,0.0008284023668639054,43,0,0.0,0.0,0
0.84,10080,3,0.0,0.579,-0.579,582.0,-122,,0.0,0.672,0.0,0.669,0.103,3.949,0.513,0.778,0.222,12.288,0.0,0.0,0.591,,0,29534,0.103,0.186,0.21261467494037187,-1.104,-126,10,0.0006298815822625346,43,0,0.0,0.0,0
0.86,10320,3,0.003,0.595,-0.599,582.0,-118,,0.0,0.688,0.003,0.689,0.07,3.999,0.509,0.782,0.218,12.288,0.0,0.0,0.57,,0,29534,0.103,0.192,0.21788299612406656,-1.067,-123,11,0.0007270804415361227,43,0,0.0,0.0,0
0.88,10560,3,-0.002,0.611,-0.61,582.0,-112,,0.0,0.704,-0.002,0.705,0.133,4.123,0.516,0.791,0.209,12.288,0.0,0.0,0.538,,0,29534,0.103,0.201,0.22585393509965684,-1.016,-119,15,0.001059247228303086,43,0,0.0,0.0,0
0.9,10800,3,0.006,0.626,-0.632,582.0,-108,,0.0,0.72,0.006,0.726,0.065,4.16,0.508,0.793,0.207,12.288,0.0,0.0,0.514,,0,29534,0.103,0.21,0.2338995510897787,-0.975,-115,17,0.001285444234404537,43,0,0.0,0.0,0
0.92,11040,3,-0.005,0.642,-0.637,582.0,-105,,0.0,0.736,-0.005,0.738,0.174,4.304,0.521,0.803,0.197,12.288,0.0,0.0,0.491,,0,29534,0.103,0.214,0.2374973684064731,-0.944,-111,15,0.0012174336498660824,43,0,0.0,0.0,0
0.94,11280,3,0.003,0.651,-0.654,582.0,-101,,0.0,0.752,0.003,0.754,0.092,4.393,0.511,0.81,0.19,12.288,0.0,0.0,0.464,,0,29534,0.103,0.22,0.2429176815301842,-0.906,-107,12,0.001048126473927854,43,0,0.0,0.0,0
0.96,11520,3,0.0,0.662,-0.662,582.0,-95,,0.0,0.768,0.0,0.765,0.134,4.532,0.516,0.819,0.181,12.288,0.0,0.0,0.431,,0,29534,0.103,0.229,0.2510975905897944,-0.858,-103,16,0.001508153454614007,59,0,0.0,0.0,0
0.98,11760,3,-0.002,0.677,-0.675,582.0,-92,,0.0,0.784,-0.002,0.781,0.121,4.637,0.515,0.827,0.173,12.288,0.0,0.0,0.406,,0,29534,0.103,0.23,0.25200992043965253,-0.83,-99,17,0.0017345168860320376,59,0,0.0,0.0,0
1.0,12000,3,-0.002,0.691,-0.69,582.0,-88,,0.0,0.8,-0.002,0.797,0.14,4.735,0.517,0.834,0.166,12.288,0.0,0.0,0.383,,0,29534,0.103,0.241,0.2620877715575452,-0.791,-94,15,0.0016976007243096423,59,0,0.0,0.0,0
1.02,12240,4,-0.061,0.721,-0.661,582.0,-90,,0.0,0.8,-0.002,0.8,0.094,4.706,0.47,0.831,0.169,12.288,0.073,0.073,0.389,,0,29534,0.103,0.229,0.2510975905897944,-0.815,-91,8,0.0009660669001328342,59,0,0.0,0.0,0
1.04,12480,4,-0.225,0.78,-0.555,582.0,-103,,0.0,0.8,0.007,0.803,-0.038,4.611,0.333,0.81,0.19,12.288,0.293,0.293,0.46,,0,29534,0.103,0.197,0.2223015969353347,-0.947,-91,13,0.0015698587127158557,43,0,0.0,0.0,0
1.06,12720,4,-0.487,0.792,-0.305,582.0,-115,,0.0,0.8,0.003,0.799,-0.129,4.59,0.197,0.803,0.303,12.288,0.659,0.659,0.672,,0,29534,0.056,0.129,0.14063072210580446,-1.087,-98,115,0.01197417742607247,11,0,0.0,0.0,0
1.08,12960,4,-0.741,0.635,0.105,582.0,-66,,0.0,0.8,-0.005,0.801,-0.396,4.553,0.185,0.815,0.617,12.288,1.172,1.172,1.064,,0,29534,-0.031,0.076,0.0820792300158816,-0.683,-96,311,0.033745659722222224,11,0,0.0,0.0,0
1.1,13200,4,-0.771,0.207,0.563,582.0,171,,0.0,0.8,0.0,0.798,-0.452,4.774,0.167,0.598,0.833,12.288,1.832,1.832,1.59,,0,29534,-0.007,-0.054,0.054451813560247926,1.426,-77,3588,0.6051610726935402,11,0,0.0,0.0,0
1.12,13440,4,-0.391,-0.413,0.804,582.0,131,,0.0,0.8,0.003,0.805,-0.173,4.86,0.232,0.194,0.806,12.288,2.638,2.638,2.776,,0,29534,0.061,-0.097,0.11458621208504975,0.939,-7,11377,232.18367346938774,11,0,0.0,0.0,0
1.14,13680,4,0.35,-0.795,0.445,582.0,164,,0.0,0.8,-0.004,0.797,-0.053,4.673,0.753,0.205,0.795,12.288,3.591,3.591,3.637,,0,29534,0.109,0.01,0.10945775440780794,1.178,65,10380,2.4568047337278105,11,0,0.0,0.0,0
1.16,13920,4,0.798,-0.415,-0.383,582.0,97,,0.0,0.8,0.0,0.798,-0.459,4.647,0.797,0.253,0.203,12.288,4.69,4.69,5.009,,0,29534,0.212,0.192,0.28602097825159606,0.447,132,1862,0.10686409550045914,27,0,0.0,0.0,0
1.18,14160,4,0.27,0.516,-0.785,582.0,9,,0.0,0.8,-0.002,0.798,-0.234,4.735,0.67,0.819,0.181,12.288,5.936,5.936,0.099,,0,29534,0.103,0.276,0.2945929394944828,-0.454,115,1636,0.12370510396975426,27,0,0.0,0.0,0
1.2,14400,4,-0.693,0.696,-0.003,582.0,92,,0.0,0.8,0.002,0.802,-0.8,4.593,0.176,0.824,0.596,12.288,1.045,1.045,1.167,,0,29534,-0.14,0.019,0.1412834031300209,0.275,72,5055,0.9751157407407407,11,0,0.0,0.0,0
1.22,14640,4,-0.425,-0.373,0.798,582.0,120,,0.0,0.8,0.003,0.799,-0.753,4.953,0.258,0.176,0.824,12.288,2.584,2.584,3.119,,0,29534,0.1,-0.26,0.2785677655436824,0.396,73,5441,1.0210170763745543,27,0,0.0,0.0,0
1.24,14880,4,0.721,-0.659,-0.062,582.0,185,,0.0,0.8,0.003,0.8,-0.197,4.573,0.82,0.18,0.431,12.288,4.27,4.27,4.244,,0,29534,0.147,0.082,0.16832409215557945,0.991,102,7939,0.7630718954248366,11,0,0.0,0.0,0
1.26,15120,4,0.14,0.61,-0.75,582.0,41,,0.0,0.8,-0.003,0.798,-0.311,4.73,0.566,0.832,0.168,12.288,6.102,6.102,0.155,,0,29534,0.088,0.26,0.2744886154287642,-0.48,152,1681,0.07275796398891966,27,0,0.0,0.0,0
1.28,15360,4,-0.784,0.233,0.551,582.0,157,,0.0,0.8,-0.002,0.805,-0.453,4.695,0.174,0.615,0.826,12.288,1.798,1.798,2.056,,0,29534,-0.012,-0.018,0.021633307652783935,0.509,127,4684,0.29040858081716164,11,0,0.0,0.0,0
1.3,15600,4,0.575,-0.777,0.203,582.0,213,,0.0,0.8,-0.009,0.806,-0.832,4.224,0.803,0.197,0.537,12.288,3.924,3.924,4.378,,0,29534,0.335,0.208,0.3943209352798809,0.902,135,5154,0.282798353909465,27,0,0.0,0.0,0
1.32,15840,4,0.081,0.653,-0.734,582.0,150,,0.0,0.8,0.011,0.805,-1.003,5.239,0.434,0.874,0.126,12.288,6.196,6.196,6.063,,0,29534,-0.053,0.533,0.5356286026716647,0.328,130,5162,0.3054437869822485,27,0,0.0,0.0,0
1.34,16080,4,-0.579,-0.187,0.766,582.0,-62,,0.0,0.8,0.001,0.799,0.061,4.796,0.17,0.37,0.83,12.288,2.331,2.331,2.488,,0,29534,-0.088,0.096,0.13023056476879766,-1.75,172,10293,0.3479245538128718,11,0,0.0,0.0,0
1.36,16320,4,0.787,-0.26,-0.527,582.0,213,,0.0,0.8,-0.007,0.802,-0.808,4.147,0.795,0.424,0.205,12.288,4.896,4.896,5.377,,0,29534,0.119,0.39,0.4077511495998509,0.624,177,13466,0.42982540138529796,27,0,0.0,0.0,0
1.38,16560,4,-0.766,0.562,0.204,582.0,218,,0.0,0.8,0.014,0.793,-1.842,5.482,0.132,0.804,0.868,12.288,1.325,1.325,1.363,,0,29534,-0.551,-0.251,0.6054766717223712,0.649,161,15200,0.586397129740365,27,0,0.0,0.0,0
1.4,16800,4,0.685,-0.697,0.013,582.0,265,,0.0,0.8,0.009,0.798,-0.152,4.327,0.805,0.195,0.484,12.288,4.184,4.184,4.174,,0,29534,0.089,0.042,0.09841239759298621,0.997,174,12695,0.419309023649095,11,0,0.0,0.0,0
1.42,17040,4,-0.616,0.731,-0.115,582.0,482,,0.0,0.8,0.004,0.786,-0.298,3.986,0.219,0.781,0.467,12.288,0.906,0.906,1.703,,0,29534,0.199,-0.056,0.20672929158684794,2.762,219,11987,0.2499322366089114,11,0,0.0,0.0,0
1.44,17280,4,0.584,-0.686,0.102,582.0,191,,0.0,0.8,0.005,0.741,0.198,6.382,0.944,0.056,0.626,12.288,4.057,4.057,3.633,,0,29534,0.542,-0.687,0.8750617121094947,0.189,217,20229,0.4295907749155854,27,0,0.0,0.0,1
1.46,17520,4,-0.71,0.682,0.029,582.0,64,,0.0,0.8,-0.008,0.804,0.182,4.975,0.149,0.851,0.493,12.288,1.072,1.072,1.336,,0,29534,-0.05,0.307,0.3110450128196882,-1.17,207,27035,0.6309365446101426,27,0,0.0,0.0,0
1.48,17760,4,0.796,-0.52,-0.276,582.0,375,,0.0,0.8,-0.016,0.809,-0.922,3.251,0.715,0.323,0.285,12.288,4.517,4.517,4.624,,0,29534,0.051,0.619,0.6210974158696846,1.6,198,32510,0.829252117130905,27,0,0.0,0.0,0
1.5,18000,4,-0.766,0.207,0.559,582.0,178,,0.0,0.8,-0.003,0.792,-0.041,5.426,0.131,0.671,0.869,12.288,1.826,1.826,1.477,,0,29534,-0.3,0.103,0.31718921797564303,-0.227,193,21475,0.5765255443099143,27,0,0.0,0.0,0
1.52,18240,4,0.522,0.251,-0.773,582.0,125,,0.0,0.8,0.003,0.788,-0.235,4.625,0.803,0.709,0.197,12.288,5.564,5.564,0.118,,0,29534,0.103,0.086,0.13418271125595874,-0.987,211,20811,0.46744233058556633,11,0,0.0,0.0,0
1.54,18480,4,0.021,-0.701,0.68,582.0,205,,0.0,0.8,-0.002,0.797,0.453,5.131,0.459,0.138,0.862,12.288,3.165,3.165,2.524,,0,29534,-0.167,-0.179,0.24480604567698078,-0.123,196,19050,0.49588713036234905,11,0,0.0,0.0,0
1.56,18720,4,-0.622,0.737,-0.115,582.0,62,,0.0,0.8,0.009,0.793,0.361,3.662,0.248,0.752,0.397,12.288,0.913,0.913,6.271,,0,29534,0.537,0.028,0.5377294858941623,-1.503,212,20758,0.4618636525453898,27,0,0.0,0.0,0
1.58,18960,4,0.741,-0.113,-0.627,582.0,396,,0.0,0.8,-0.002,0.798,0.17,4.984,0.846,0.392,0.154,12.288,5.091,5.091,3.475,,0,29534,0.369,0.099,0.3820497349822402,1.524,191,24480,0.6710342370000822,27,0,0.0,0.0,0
1.6,19200,4,-0.019,-0.678,0.697,582.0,-9,,0.0,0.8,0.012,0.794,-1.001,4.247,0.617,0.2,0.8,12.288,3.132,3.132,1.364,,0,29534,0.229,0.17,0.28520343616443333,-2.297,248,22023,0.3580742715920916,27,0,0.0,0.0,0
1.62,19440,4,-0.761,0.595,0.166,582.0,127,,0.0,0.8,0.051,0.799,-1.313,2.851,0.292,0.629,0.708,12.288,1.32,1.32,5.905,,0,29534,0.55,0.001,0.5500009090901579,-1.184,250,30200,0.4832,27,0,0.0,0.0,0
1.64,19680,4,0.267,0.501,-0.768,582.0,146,,0.0,0.8,0.003,0.78,-1.766,4.192,0.47,0.82,0.18,12.288,5.938,5.938,2.201,,0,29534,-0.48,0.114,0.4933518014561212,-0.855,254,34877,0.5405945811891624,27,0,0.0,0.0,0
1.66,19920,4,0.782,-0.597,-0.185,582.0,122,,0.0,0.8,0.001,0.817,0.649,4.623,0.828,0.172,0.448,12.288,4.419,4.419,4.625,,0,29534,0.234,-0.38,0.44626897718752534,-0.925,202,38215,0.9365503382021371,27,0,0.0,0.0,0
1.68,20160,4,-0.056,-0.626,0.682,582.0,400,,0.0,0.8,-0.016,0.757,-1.182,6.275,0.571,0.052,0.948,12.288,3.047,3.047,2.02,,0,29534,0.364,-0.833,0.9090572039206334,1.558,195,32074,0.8434976988823143,27,0,0.0,0.0,1
1.7,20400,4,-0.808,0.201,0.607,582.0,-90,,0.0,0.8,-0.027,0.84,0.84,6.329,0.086,0.807,0.914,12.288,1.821,1.821,4.178,,0,29534,-0.893,0.125,0.9017061605645156,-2.752,189,33048,0.9251700680272109,27,0,0.0,0.0,1
1.72,20640,4,-0.567,0.8,-0.233,582.0,132,,0.0,0.8,-0.015,0.822,0.621,5.406,0.15,0.85,0.229,12.288,0.742,0.742,0.771,,0,29534,-0.056,0.769,0.7710363156168456,-0.69,192,32316,0.8766276041666666,27,0,0.0,0.0,0
1.74,20880,4,0.126,0.597,-0.723,582.0,-126,,0.0,0.8,-0.021,0.772,-0.922,6.318,0.536,0.95,0.05,12.288,6.092,6.092,2.859,,0,29534,0.046,1.002,1.0030553324717435,-2.913,163,42578,1.6025443185667507,27,0,0.0,0.0,1
1.76,21120,4,0.653,0.086,-0.739,582.0,184,,0.0,0.8,-0.029,0.808,1.061,6.296,0.948,0.425,0.052,12.288,5.306,5.306,4.968,,0,29534,1.137,0.305,1.1771975195352733,0.018,142,38843,1.926353898036104,27,0,0.0,0.0,1
1.78,21360,4,0.8,-0.463,-0.337,582.0,321,,0.0,0.8,0.037,0.802,-0.558,2.764,0.685,0.376,0.315,12.288,4.667,4.667,0.372,,0,29534,-0.408,-0.079,0.4155779108663019,1.411,130,40957,2.423491124260355,27,0,0.0,0.0,0
1.8,21600,4,0.661,-0.704,0.043,582.0,-86,,0.0,0.8,0.032,0.788,-1.362,3.086,0.719,0.281,0.339,12.288,4.174,4.174,2.65,,0,29534,-0.168,0.446,0.47659206875482096,-2.294,119,38398,2.7115316714921263,27,0,0.0,0.0,0
1.82,21840,4,0.485,-0.758,0.273,582.0,338,,0.0,0.8,0.002,0.768,-2.677,5.047,0.899,0.101,0.412,12.288,3.828,3.828,3.4,,0,29534,0.854,0.441,0.9611435896888664,1.809,108,39124,3.3542524005486967,27,0,0.0,0.0,0
1.84,22080,4,0.415,-0.859,0.444,582.0,-41,,0.0,0.8,-0.015,0.859,1.191,5.074,0.661,0.145,0.855,12.288,3.629,3.629,4.559,,0,29534,-0.087,-0.77,0.7748993483027328,-1.532,84,38083,5.397250566893424,27,0,0.0,0.0,0
1.86,22320,4,0.3,-0.787,0.487,582.0,244,,0.0,0.8,0.037,0.793,-1.284,2.988,0.724,0.276,0.582,12.288,3.576,3.576,5.188,,0,29534,-0.076,0.543,0.5482928049865328,1.249,49,38582,16.06913785922532,27,0,0.0,0.0,0
1.88,22560,4,0.394,-0.747,0.353,582.0,-115,,0.0,0.8,-0.021,0.747,-1.989,6.067,0.941,0.059,0.657,12.288,3.669,3.669,0.277,,0,29534,1.114,-0.165,1.1261531867379324,-2.002,71,37639,7.4665740924419755,27,0,0.0,0.0,1
1.9,22800,4,0.536,-0.803,0.267,582.0,133,,0.0,0.8,0.043,0.817,-0.662,2.336,0.671,0.329,0.501,12.288,3.91,3.91,0.521,,0,29534,-0.414,0.295,0.5083512565146269,0.438,49,36616,15.250312369845897,27,0,0.0,0.0,0
1.92,23040,4,0.678,-0.551,-0.128,582.0,-184,,0.0,0.8,-0.051,0.719,-0.815,6.333,0.938,0.062,0.318,12.288,4.296,4.296,0.778,,0,29534,1.149,0.04,1.1496960467880195,-2.325,40,36070,22.54375,27,0,0.0,0.0,1
1.94,23280,4,0.779,-0.35,-0.429,582.0,116,,0.0,0.8,0.045,0.779,-2.233,2.972,0.755,0.607,0.245,12.288,4.83,4.83,0.292,,0,29534,-0.477,0.365,0.6006280046751067,0.632,-7,35610,726.734693877551,27,0,0.0,0.0,0
1.96,23520,4,0.616,0.244,-0.86,582.0,-97,,0.0,0.8,-0.005,0.887,1.204,5.617,0.904,0.544,0.096,12.288,5.51,5.51,6.095,,0,29534,1.133,0.26,1.162449568798578,-1.163,-4,37365,2335.3125,27,0,0.0,0.0,0
1.98,23760,4,-0.104,0.621,-0.517,582.0,91,,0.0,0.8,-0.069,0.662,-1.466,6.214,0.281,0.932,0.068,12.288,0.053,0.053,6.149,,0,29534,-0.556,1.079,1.2138274177163737,0.615,-29,35319,41.99643281807372,27,0,0.0,0.0,1
2.0,24000,4,-0.638,0.667,-0.029,582.0,-253,,0.0,0.8,0.013,0.754,-3.232,4.429,0.15,0.784,0.85,12.288,1.026,1.026,5.113,,0,29534,-0.297,-0.796,0.849602848394472,-2.343,-26,34720,51.36094674556213,27,0,0.0,0.0,0
2.02,24240,4,-0.702,0.014,0.688,582.0,206,,0.0,0.8,0.056,0.801,-1.801,2.607,0.353,0.294,0.706,12.288,2.146,2.146,3.091,,0,29534,0.58,0.328,0.6663212438456393,2.149,-61,36663,9.852996506315506,27,0,0.0,0.0,0
2.04,24480,4,0.177,-0.811,0.634,582.0,-116,,0.0,0.8,0.053,0.851,0.164,2.719,0.57,0.312,0.688,12.288,3.413,3.413,2.024,,0,29534,-0.561,0.142,0.5786924917432401,-0.709,-79,35970,5.7634994391924375,27,0,0.0,0.0,0
2.06,24720,4,0.859,-0.372,-0.487,582.0,-309,,0.0,0.8,0.032,0.861,0.659,3.666,0.735,0.265,0.298,12.288,4.827,4.827,5.895,,0,29534,0.371,-0.604,0.7088420134275337,-2.222,-128,33641,2.05328369140625,27,0,0.0,0.0,0
2.08,24960,4,-0.065,0.795,-0.729,582.0,-39,,0.0,0.8,0.026,0.882,1.11,3.411,0.592,0.747,0.253,12.288,0.104,0.104,4.789,,0,29534,0.948,0.346,1.0091679741252195,0.271,-113,34293,2.6856449212937585,27,0,0.0,0.0,0
2.1,25200,4,-0.835,0.275,0.56,582.0,-343,,0.0,0.8,0.038,0.85,0.341,3.274,0.285,0.652,0.715,12.288,1.811,1.811,2.437,,0,29534,-0.093,0.745,0.7507822587142027,-2.333,-123,31634,2.090951153413973,27,0,0.0,0.0,0
2.12,25440,4,0.361,-0.825,0.464,582.0,-127,,0.0,0.8,0.06,0.825,-0.703,2.314,0.666,0.334,0.567,12.288,3.665,3.665,1.323,,0,29534,-0.467,0.332,0.5729860382243184,-0.378,-109,36099,3.038380607692955,27,0,0.0,0.0,0
2.14,25680,4,0.484,0.27,-0.753,582.0,183,,0.0,0.8,0.052,0.762,-3.114,3.297,0.423,0.816,0.184,12.288,5.666,5.666,5.236,,0,29534,-0.685,0.01,0.6850729888121412,2.615,-123,34409,2.2743737193469498,27,0,0.0,0.0,0
2.16,25920,4,-0.661,0.361,0.3,582.0,-253,,0.0,0.8,0.008,0.662,-3.185,5.534,0.05,0.533,0.95,12.288,1.53,1.53,4.044,,0,29534,-0.589,-1.094,1.2424801809284525,-1.412,-118,34194,2.4557598391266877,27,0,0.0,0.0,1
2.18,26160,5,0.448,-0.638,0.19,582.0,51,,0.0,0.8,-0.077,0.651,0.984,6.309,0.86,0.101,0.899,12.288,3.777,3.777,2.264,,0,29534,0.686,-1.179,1.36405168523777,1.407,-109,33578,2.826193081390455,27,0,0.0,0.0,1
2.2,26400,5,0.268,0.597,-0.865,582.0,-300,,0.0,0.8,0.045,0.885,0.669,3.389,0.684,0.719,0.281,12.288,6.026,6.026,0.143,,0,29534,0.956,0.016,0.9561338818387307,-1.715,-121,34878,2.3822143296222937,27,0,0.0,0.0,0
2.22,26640,5,-0.712,0.139,0.573,582.0,-193,,0.0,0.8,0.063,0.752,-3.32,3.24,0.305,0.193,0.807,12.288,1.992,1.992,5.16,,0,29534,0.816,-0.277,0.8617337175717333,-0.787,-123,33464,2.2119108995968007,27,0,0.0,0.0,0
2.24,26880,5,0.56,-0.519,-0.041,582.0,120,,0.0,0.8,-0.009,0.624,-3.003,5.635,0.894,0.123,0.106,12.288,4.242,4.242,3.014,,0,29534,1.303,0.624,1.4447093133222337,2.153,-114,35894,2.7619267466912896,27,0,0.0,0.0,1
2.26,27120,5,-0.204,0.701,-0.496,582.0,-290,,0.0,0.8,-0.057,0.718,1.415,6.226,0.512,0.95,0.05,12.288,0.208,0.208,1.343,,0,29534,0.345,1.389,1.4312043879194893,-1.604,-125,33955,2.17312,27,0,0.0,0.0,1
2.28,27360,5,-0.563,-0.265,0.828,582.0,-27,,0.0,0.8,0.038,0.845,0.411,3.169,0.281,0.41,0.719,12.288,2.457,2.457,6.142,,0,29534,-0.445,0.603,0.749422444286265,0.775,-113,35192,2.7560498081290628,27,0,0.0,0.0,0
2.3,27600,5,0.741,-0.417,-0.324,582.0,187,,0.0,0.8,0.049,0.741,-3.753,3.609,0.853,0.673,0.147,12.288,4.707,4.707,3.763,,0,29534,-0.304,0.946,0.9936458121483731,2.843,-121,37182,2.539580629738406,27,0,0.0,0.0,0
2.32,27840,5,-0.402,0.557,-0.155,582.0,-247,,0.0,0.8,-0.058,0.572,-2.532,5.861,0.05,0.95,0.526,12.288,0.673,0.673,2.57,,0,29534,-1.319,0.265,1.345357201638286,-1.212,-123,34972,2.3115870183092073,27,0,0.0,0.0,1
2.34,28080,5,-0.129,-0.597,0.726,582.0,44,,0.0,0.8,-0.04,0.774,1.611,6.178,0.144,0.1,0.9,12.288,2.922,2.922,0.842,,0,29534,-0.877,-0.772,1.16838050308964,1.454,-112,36799,2.93359375,27,0,0.0,0.0,1
2.36,28320,5,0.793,-0.115,-0.678,582.0,-305,,0.0,0.8,0.06,0.855,-0.326,2.699,0.691,0.519,0.309,12.288,5.172,5.172,5.047,,0,29534,0.117,-0.477,0.4911394913871211,-1.683,-132,36298,2.08321854912764,27,0,0.0,0.0,0
2.38,28560,5,-0.648,0.621,0.027,582.0,-196,,0.0,0.8,0.039,0.732,-3.919,4.233,0.102,0.647,0.898,12.288,1.138,1.138,3.828,,0,29534,-0.065,-0.977,0.9791598439478613,-0.765,-127,34959,2.1674623349246698,27,0,0.0,0.0,0
2.4,28800,5,0.246,-0.559,0.313,582.0,121,,0.0,0.8,-0.116,0.548,-1.397,6.23,0.85,0.098,0.902,12.288,3.387,3.387,1.79,,0,29534,1.052,-0.959,1.423511503290367,2.191,-115,38211,2.8893005671077505,27,0,0.0,0.0,1
2.42,29040,5,0.471,0.346,-0.817,582.0,-266,,0.0,0.8,-0.029,0.82,1.654,6.167,0.946,0.608,0.054,12.288,5.637,5.637,0.1,,0,29534,1.309,0.449,1.3838648777969618,-1.356,-130,36285,2.147041420118343,27,0,0.0,0.0,1
2.44,29280,5,-0.836,0.455,0.381,582.0,-63,,0.0,0.8,0.069,0.835,-0.85,2.306,0.328,0.541,0.672,12.288,1.603,1.603,5.029,,0,29534,0.542,0.523,0.7531885554096,0.448,-110,35719,2.95198347107438,27,0,0.0,0.0,0
2.46,29520,5,0.46,-0.718,0.259,582.0,183,,0.0,0.8,0.019,0.727,-3.84,4.876,0.914,0.086,0.254,12.288,3.852,3.852,2.68,,0,29534,0.856,0.799,1.1709555926678006,2.795,-113,37884,2.9668728952932883,27,0,0.0,0.0,0
2.48,29760,5,0.008,0.488,-0.496,582.0,-259,,0.0,0.8,-0.095,0.561,-0.743,6.342,0.551,0.949,0.051,12.288,6.102,6.102,1.376,,0,29534,-0.121,1.498,1.5028789039706425,-1.312,-107,35096,3.0654205607476634,27,0,0.0,0.0,1
2.5,30000,5,-0.814,0.038,0.776,582.0,41,,0.0,0.8,0.014,0.919,1.344,5.01,0.15,0.68,0.85,12.288,2.068,2.068,6.001,,0,29534,-0.985,0.449,1.08250912236341,1.428,-110,37045,3.061570247933884,27,0,0.0,0.0,0
2.52,30240,5,0.726,-0.701,-0.026,582.0,-409,,0.0,0.8,0.08,0.82,-1.687,2.115,0.685,0.42,0.315,12.288,4.317,4.317,3.869,,0,29534,-0.506,0.159,0.5303932503341271,-2.627,-132,36947,2.1204660238751147,27,0,0.0,0.0,0
2.54,30480,5,-0.193,0.705,-0.512,582.0,-228,,0.0,0.8,0.011,0.729,-3.683,5.215,0.055,0.945,0.384,12.288,0.283,0.283,2.654,,0,29534,-1.136,-0.05,1.1370998197168092,-1.054,-126,35319,2.2246787603930462,27,0,0.0,0.0,1
2.56,30720,5,-0.249,-0.33,0.579,582.0,100,,0.0,0.8,-0.096,0.573,-0.016,6.385,0.093,0.167,0.907,12.288,2.533,2.533,0.727,,0,29534,-0.546,-1.187,1.3065546295505597,1.989,-106,38411,3.418565325738697,27,0,0.0,0.0,1
2.58,30960,5,0.865,-0.402,-0.463,582.0,-262,,0.0,0.8,0.025,0.865,1.064,4.675,0.815,0.185,0.289,12.288,4.782,4.782,5.212,,0,29534,0.722,-0.741,1.0345844576447105,-1.314,-129,36673,2.2037738116699717,27,0,0.0,0.0,0
2.6,31200,5,-0.48,0.79,-0.31,582.0,-106,,0.0,0.8,0.08,0.792,-2.118,2.334,0.299,0.701,0.663,12.288,0.748,0.748,3.912,,0,29534,0.54,-0.494,0.7318715734334816,0.054,-122,35751,2.401975275463585,27,0,0.0,0.0,0
2.62,31440,5,-0.105,-0.535,0.64,582.0,164,,0.0,0.8,0.007,0.686,-3.257,5.492,0.797,0.084,0.916,12.288,2.998,2.998,1.65,,0,29534,1.193,-0.602,1.3362832783508145,2.605,-123,39108,2.5849692643267894,27,0,0.0,0.0,1
2.64,31680,5,0.469,0.097,-0.567,582.0,-250,,0.0,0.8,-0.091,0.599,0.245,6.38,0.95,0.479,0.05,12.288,5.247,5.247,0.245,,0,29534,1.229,0.843,1.4903321777375673,-1.23,-129,36417,2.1883901207860106,27,0,0.0,0.0,1
2.66,31920,5,-0.816,0.686,0.129,582.0,17,,0.0,0.8,0.016,0.877,1.126,3.801,0.223,0.777,0.441,12.288,1.213,1.213,4.988,,0,29534,0.11,1.019,1.024919996877805,1.188,-108,36772,3.1526063100137174,27,0,0.0,0.0,0
2.68,32160,5,0.174,-0.745,0.571,582.0,-445,,0.0,0.8,0.075,0.776,-2.794,2.718,0.774,0.226,0.465,12.288,3.463,3.463,2.711,,0,29534,0.161,0.743,0.7602433820823434,-2.952,-122,37383,2.5116232195646333,27,0,0.0,0.0,0
2.7,32400,5,0.35,0.281,-0.63,582.0,-251,,0.0,0.8,0.01,0.632,-3.219,5.514,0.533,0.95,0.05,12.288,5.712,5.712,1.565,,0,29534,-0.433,1.32,1.3892044485963901,-1.263,-108,35000,3.0006858710562416,27,0,0.0,0.0,1
2.72,32640,5,-0.619,0.185,0.434,582.0,78,,0.0,0.8,-0.076,0.631,0.771,6.338,0.107,0.893,0.881,12.288,1.678,1.678,6.015,,0,29534,-1.295,0.098,1.2987028143497648,1.768,-102,37325,3.5875624759707803,27,0,0.0,0.0,1
2.74,32880,5,0.594,-0.868,0.275,582.0,-300,,0.0,0.8,0.047,0.886,0.681,3.185,0.704,0.296,0.681,12.288,3.928,3.928,4.133,,0,29534,-0.47,-0.616,0.7748264321769102,-1.662,-125,35961,2.301504,27,0,0.0,0.0,0
2.76,33120,5,0.139,0.579,-0.718,582.0,-200,,0.0,0.8,0.059,0.76,-3.062,3.29,0.209,0.791,0.285,12.288,6.177,6.177,2.869,,0,29534,-0.53,-0.286,0.6022424760841766,-0.816,-110,34751,2.87198347107438,27,0,0.0,0.0,0
2.78,33360,5,-0.469,-0.056,0.525,582.0,143,,0.0,0.8,-0.028,0.576,-3.073,5.597,0.129,0.104,0.896,12.288,2.143,2.143,0.722,,0,29534,-0.044,-1.395,1.3956937343127969,2.397,-114,38794,2.985072329947676,27,0,0.0,0.0,1
2.8,33600,5,0.696,-0.474,-0.222,582.0,-257,,0.0,0.8,-0.08,0.706,1.229,6.265,0.95,0.05,0.492,12.288,4.393,4.393,5.439,,0,29534,1.14,-0.694,1.3346295366130632,-1.289,-117,36095,2.636788662429688,27,0,0.0,0.0,1
2.82,33840,5,-0.252,0.83,-0.578,582.0,-14,,0.0,0.8,0.049,0.85,0.48,2.799,0.435,0.697,0.303,12.288,0.359,0.359,4.01,,0,29534,0.908,0.18,0.9256694874521899,0.897,-107,35591,3.1086557777971877,27,0,0.0,0.0,0
2.84,34080,5,-0.421,-0.322,0.744,582.0,212,,0.0,0.8,0.05,0.744,-3.723,3.855,0.652,0.133,0.867,12.288,2.608,2.608,1.608,,0,29534,0.974,-0.037,0.9747025187204555,3.079,-108,37635,3.226594650205761,27,0,0.0,0.0,0
2.86,34320,5,0.543,-0.142,-0.401,582.0,-234,,0.0,0.8,-0.069,0.559,-2.614,5.825,0.95,0.534,0.05,12.288,4.858,4.858,0.442,,0,29534,0.915,1.22,1.525,-1.1,-117,35810,2.6159690262254367,27,0,0.0,0.0,1
2.88,34560,5,-0.591,0.718,-0.128,582.0,51,,0.0,0.8,-0.043,0.765,1.462,6.215,0.096,0.904,0.158,12.288,0.824,0.824,5.014,,0,29534,-0.324,1.313,1.3523849304099775,1.515,-105,36702,3.3289795918367346,27,0,0.0,0.0,1
2.9,34800,5,-0.115,-0.67,0.785,582.0,-340,,0.0,0.8,0.057,0.846,-0.184,2.754,0.499,0.305,0.695,12.288,3.073,3.073,2.965,,0,29534,-0.535,0.364,0.6470865475344083,-2.013,-117,35867,2.6201329534662867,27,0,0.0,0.0,0
2.92,35040,5,0.611,0.03,-0.642,582.0,-232,,0.0,0.8,0.032,0.723,-3.964,4.516,0.674,0.911,0.089,12.288,5.323,5.323,1.755,,0,29534,-0.643,0.813,1.0365413643458712,-1.101,-112,34536,2.7531887755102042,27,0,0.0,0.0,0
2.94,35280,5,-0.563,0.33,0.233,582.0,118,,0.0,0.8,-0.103,0.557,-1.853,6.11,0.108,0.881,0.892,12.288,1.289,1.289,5.964,,0,29534,-1.274,-0.346,1.3201484764980036,2.163,-108,38083,3.265003429355281,27,0,0.0,0.0,1
2.96,35520,5,0.342,-0.827,0.485,582.0,-273,,0.0,0.8,-0.022,0.831,1.735,6.145,0.594,0.053,0.947,12.288,3.538,3.538,4.312,,0,29534,-0.27,-1.127,1.1588912804918328,-1.423,-131,35456,2.066080065264262,27,0,0.0,0.0,1
2.98,35760,5,0.458,0.38,-0.838,582.0,-36,,0.0,0.8,0.069,0.836,-0.888,2.407,0.544,0.679,0.321,12.288,5.788,5.788,2.917,,0,29534,0.23,-0.455,0.5098284025042151,0.691,-111,35360,2.869896923950978,27,0,0.0,0.0,0
3.0,36000,5,-0.72,0.262,0.458,582.0,181,,0.0,0.8,0.02,0.728,-4.034,4.949,0.076,0.238,0.924,12.288,1.754,1.754,0.66,,0,29534,0.328,-1.136,1.1824043301679843,2.774,-124,38657,2.5141129032258065,27,0,0.0,0.0,1
3.02,36240,5,0.492,-0.49,-0.002,582.0,-235,,0.0,0.8,-0.106,0.557,-1.18,6.275,0.95,0.05,0.5,12.288,4.003,4.003,5.614,,0,29534,1.419,-0.26,1.4426229583643815,-1.097,-120,35971,2.497986111111111,27,0,0.0,0.0,1
3.04,36480,5,0.04,0.777,-0.817,582.0,33,,0.0,0.8,0.012,0.921,1.7,4.979,0.726,0.847,0.153,12.288,6.253,6.253,4.024,,0,29534,1.069,0.809,1.340612546562205,1.338,-99,35806,3.653300683603714,27,0,0.0,0.0,0
3.06,36720,5,-0.691,-0.029,0.72,582.0,-396,,0.0,0.8,0.073,0.812,-1.732,2.406,0.393,0.3,0.7,12.288,2.219,2.219,1.778,,0,29534,0.435,0.505,0.6665208173793223,-2.512,-110,36368,3.005619834710744,27,0,0.0,0.0,0
3.08,36960,5,0.701,-0.511,-0.19,582.0,-226,,0.0,0.8,0.01,0.725,-3.807,5.125,0.946,0.4,0.054,12.288,4.468,4.468,0.636,,0,29534,0.503,1.218,1.3177757775888885,-1.041,-109,35402,2.979715512162276,27,0,0.0,0.0,1
3.1,37200,5,-0.337,0.583,-0.246,582.0,84,,0.0,0.8,-0.104,0.576,-0.289,6.378,0.14,0.899,0.101,12.288,0.434,0.434,5.017,,0,29534,-0.724,1.163,1.3699434294889699,1.828,-110,37335,3.0855371900826447,27,0,0.0,0.0,1
3.12,37440,5,-0.433,-0.471,0.903,582.0,-293,,0.0,0.8,0.037,0.903,1.202,4.439,0.193,0.321,0.807,12.288,2.684,2.684,3.195,,0,29534,-1.02,-0.037,1.0206708578185233,-1.606,-124,35046,2.2792663891779394,27,0,0.0,0.0,0
3.14,37680,5,0.785,-0.314,-0.471,582.0,-158,,0.0,0.8,0.084,0.786,-2.436,2.515,0.72,0.692,0.28,12.288,4.933,4.933,1.863,,0,29534,-0.591,0.071,0.5952495275092623,-0.421,-116,34643,2.574539239001189,27,0,0.0,0.0,0
3.16,37920,5,-0.562,0.669,-0.107,582.0,158,,0.0,0.8,0.001,0.718,-3.492,5.345,0.091,0.909,0.826,12.288,0.899,0.899,5.847,,0,29534,-0.975,-0.592,1.1406528832208334,2.562,-122,38580,2.5920451491534533,27,0,0.0,0.0,1
3.18,38160,5,0.097,-0.557,0.46,582.0,-251,,0.0,0.8,-0.093,0.588,0.286,6.379,0.471,0.05,0.95,12.288,3.149,3.149,4.505,,0,29534,0.182,-1.357,1.3691504665302496,-1.245,-134,35446,1.9740476720873246,27,0,0.0,0.0,1
3.2,38400,5,0.691,0.128,-0.819,582.0,37,,0.0,0.8,0.015,0.881,1.104,3.933,0.786,0.445,0.214,12.288,5.398,5.398,2.938,,0,29534,0.901,-0.388,0.9809918450221694,1.37,-113,35891,2.810791761296891,27,0,0.0,0.0,0
3.22,38640,5,-0.739,0.568,0.171,582.0,-435,,0.0,0.8,0.073,0.77,-2.982,2.676,0.219,0.447,0.781,12.288,1.364,1.364,0.556,,0,29534,0.614,-0.512,0.7994623193121737,-2.848,-137,37439,1.9947253449837499,27,0,0.0,0.0,0
3.24,38880,5,0.308,-0.682,0.373,582.0,-220,,0.0,0.8,0.003,0.683,-3.01,5.631,0.948,0.052,0.566,12.288,3.614,3.614,5.76,,0,29534,1.335,0.115,1.3399440286817954,-0.975,-123,35827,2.3681009980831518,27,0,0.0,0.0,1
3.26,39120,5,0.182,0.431,-0.613,582.0,72,,0.0,0.8,-0.08,0.624,0.99,6.308,0.901,0.854,0.099,12.288,5.863,5.863,3.97,,0,29534,0.857,1.246,1.5122714703385765,1.715,-101,36630,3.5908244289775513,27,0,0.0,0.0,1
3.28,39360,5,-0.855,0.273,0.583,582.0,-312,,0.0,0.8,0.046,0.873,0.495,3.322,0.283,0.665,0.717,12.288,1.829,1.829,2.021,,0,29534,-0.229,0.826,0.8571563451319718,-1.769,-112,35469,2.8275669642857144,27,0,0.0,0.0,0
3.3,39600,5,0.573,-0.725,0.152,582.0,-183,,0.0,0.8,0.068,0.761,-3.228,3.06,0.795,0.316,0.205,12.288,4.079,4.079,0.737,,0,29534,-0.088,0.871,0.8754341779939826,-0.647,-110,35421,2.9273553719008265,27,0,0.0,0.0,0
3.32,39840,5,-0.027,0.551,-0.524,582.0,133,,0.0,0.8,0.001,0.621,-3.179,5.537,0.101,0.899,0.139,12.288,0.045,0.045,4.88,,0,29534,-1.06,0.834,1.3487609128381501,2.315,-111,38631,3.1353786218651085,27,0,0.0,0.0,1
3.34,40080,5,-0.468,-0.2,0.667,582.0,-274,,0.0,0.8,-0.065,0.682,1.258,6.26,0.05,0.499,0.95,12.288,2.294,2.294,3.348,,0,29534,-1.205,-0.437,1.281793275064275,-1.446,-125,35297,2.259008,27,0,0.0,0.0,1
3.36,40320,5,0.828,-0.578,-0.251,582.0,-20,,0.0,0.8,0.047,0.848,0.251,2.784,0.69,0.31,0.411,12.288,4.544,4.544,1.879,,0,29534,-0.257,-0.575,0.629820609380163,0.842,-113,35649,2.791839611559245,27,0,0.0,0.0,0
3.38,40560,5,-0.321,0.75,-0.429,582.0,-462,,0.0,0.8,0.052,0.751,-3.493,3.522,0.161,0.839,0.646,12.288,0.51,0.51,5.697,,0,29534,-0.357,-0.645,0.7372068909064808,-3.089,-129,38271,2.299801694609699,27,0,0.0,0.0,0
3.4,40800,5,-0.137,-0.393,0.53,582.0,-230,,0.0,0.8,-0.071,0.545,-2.664,5.802,0.538,0.051,0.949,12.288,2.759,2.759,4.632,,0,29534,0.607,-1.294,1.4292952808989472,-1.066,-133,35676,2.016846627847815,27,0,0.0,0.0,1
3.42,41040,5,0.717,-0.136,-0.581,582.0,70,,0.0,0.8,-0.037,0.76,1.395,6.231,0.906,0.163,0.094,12.288,5.009,5.009,2.889,,0,29534,1.357,-0.182,1.3691504665302496,1.694,-112,36920,2.9432397959183674,27,0,0.0,0.0,1
3.44,41280,5,-0.674,0.796,-0.123,582.0,-333,,0.0,0.8,0.061,0.855,-0.412,2.377,0.331,0.669,0.529,12.288,0.975,0.975,0.809,,0,29534,0.683,0.337,0.7616153884999962,-1.941,-135,36717,2.014650205761317,27,0,0.0,0.0,0
3.46,41520,5,0.016,-0.654,0.638,582.0,-194,,0.0,0.8,0.046,0.745,-3.587,4.112,0.873,0.127,0.663,12.288,3.224,3.224,5.896,,0,29534,0.867,0.417,0.962069644048704,-0.747,-121,36064,2.463219725428591,27,0,0.0,0.0,0
3.48,41760,5,0.29,0.239,-0.53,582.0,116,,0.0,0.8,-0.121,0.517,-1.714,6.151,0.893,0.88,0.107,12.288,5.474,5.474,3.927,,0,29534,0.365,1.533,1.5758534195793719,2.13,-101,37779,3.7034604450544064,27,0,0.0,0.0,1
3.5,42000,5,-0.848,0.503,0.345,582.0,-290,,0.0,0.8,-0.02,0.852,1.591,6.184,0.054,0.946,0.609,12.288,1.44,1.44,2.201,,0,29534,-0.701,0.946,1.1774196363234306,-1.581,-114,35271,2.71398891966759,27,0,0.0,0.0,1
3.52,42240,5,0.373,-0.835,0.461,582.0,-91,,0.0,0.8,0.071,0.833,-0.771,2.224,0.664,0.336,0.547,12.288,3.689,3.689,0.863,,0,29534,-0.517,0.293,0.5942541543817763,0.186,-100,35275,3.5275,27,0,0.0,0.0,0
3.54,42480,5,0.268,0.452,-0.72,582.0,166,,0.0,0.8,0.024,0.727,-3.835,4.858,0.26,0.914,0.086,12.288,5.939,5.939,4.862,,0,29534,-0.931,0.363,0.9992647296887848,2.63,-115,38193,2.887939508506616,27,0,0.0,0.0,0
3.56,42720,5,-0.474,-0.008,0.482,582.0,-259,,0.0,0.8,-0.112,0.541,-1.001,6.306,0.05,0.525,0.95,12.288,1.905,1.905,3.595,,0,29534,-0.991,-0.859,1.3114732174162003,-1.325,-122,34436,2.3136253695243214,27,0,0.0,0.0,1
3.58,42960,5,0.771,-0.825,0.054,582.0,38,,0.0,0.8,0.022,0.923,1.375,4.457,0.811,0.189,0.687,12.288,4.154,4.154,1.947,,0,29534,0.193,-1.03,1.0479260470090435,1.382,-111,35599,2.889294700105511,27,0,0.0,0.0,0
3.6,43200,5,-0.027,0.729,-0.702,582.0,-350,,0.0,0.8,0.072,0.824,-1.378,2.36,0.322,0.678,0.371,12.288,0.12,0.12,6.015,,0,29534,0.402,-0.388,0.5587020672952625,-2.092,-126,36390,2.2921390778533635,27,0,0.0,0.0,0
3.62,43440,5,-0.506,-0.185,0.691,582.0,-221,,0.0,0.8,0.01,0.715,-3.763,5.158,0.39,0.055,0.945,12.288,2.37,2.37,4.841,,0,29534,0.809,-0.923,1.2273589531999187,-0.993,-110,34918,2.8857851239669423,27,0,0.0,0.0,1
3.64,43680,5,0.576,-0.246,-0.33,582.0,103,,0.0,0.8,-0.102,0.569,-0.268,6.379,0.901,0.099,0.145,12.288,4.619,4.619,2.894,,0,29534,1.466,0.273,1.49120253486909,2.009,-100,36442,3.6442,27,0,0.0,0.0,1
3.66,43920,5,-0.464,0.86,-0.396,582.0,-295,,0.0,0.8,0.014,0.861,1.339,4.43,0.337,0.812,0.188,12.288,0.585,0.585,1.048,,0,29534,0.61,1.01,1.1799152511939153,-1.609,-111,35670,2.8950572193815436,27,0,0.0,0.0,0
3.68,44160,5,-0.311,-0.488,0.8,582.0,-118,,0.0,0.8,0.072,0.803,-1.832,2.538,0.62,0.29,0.71,12.288,2.835,2.835,6.03,,0,29534,0.186,0.603,0.6310348643300147,-0.052,-116,35936,2.670630202140309,27,0,0.0,0.0,0
3.7,44400,5,0.642,-0.115,-0.527,582.0,152,,0.0,0.8,0.012,0.684,-3.448,5.374,0.911,0.817,0.089,12.288,5.084,5.084,3.813,,0,29534,-0.025,1.412,1.4122212999385046,2.498,-107,37955,3.3151366931609747,27,0,0.0,0.0,1
3.72,44640,5,-0.576,0.487,0.089,582.0,-266,,0.0,0.8,-0.087,0.614,0.22,6.381,0.05,0.95,0.476,12.288,1.05,1.05,2.389,,0,29534,-1.122,0.67,1.3068220995988706,-1.373,-120,35032,2.432777777777778,27,0,0.0,0.0,1
3.74,44880,5,0.128,-0.809,0.682,582.0,9,,0.0,0.8,0.009,0.87,1.356,3.929,0.412,0.212,0.788,12.288,3.3,3.3,0.861,,0,29534,-0.822,-0.354,0.8949860334105778,1.117,-103,35923,3.386087284381186,27,0,0.0,0.0,0
3.76,45120,5,0.579,0.174,-0.753,582.0,-445,,0.0,0.8,0.071,0.786,-2.597,2.764,0.491,0.767,0.233,12.288,5.549,5.549,4.826,,0,29534,-0.501,-0.173,0.5300283011311755,-2.949,-126,37409,2.356324011085916,27,0,0.0,0.0,0
3.78,45360,5,-0.658,0.369,0.289,582.0,-232,,0.0,0.8,0.01,0.659,-3.23,5.508,0.051,0.538,0.949,12.288,1.515,1.515,3.72,,0,29534,-0.598,-1.095,1.2476493898527743,-1.092,-123,34494,2.279992068213365,27,0,0.0,0.0,1
3.8,45600,5,0.444,-0.642,0.198,582.0,74,,0.0,0.8,-0.077,0.653,1.005,6.305,0.85,0.098,0.902,12.288,3.765,3.765,1.922,,0,29534,0.657,-1.192,1.3610705345425709,1.728,-111,36695,2.9782485187890595,27,0,0.0,0.0,1
3.82,45840,5,0.26,0.594,-0.854,582.0,-281,,0.0,0.8,0.029,0.875,0.924,3.729,0.73,0.736,0.264,12.288,6.014,6.014,6.254,,0,29534,1.012,0.079,1.0150788146740133,-1.481,-127,36037,2.234298468596937,27,0,0.0,0.0,0
3.84,46080,5,-0.72,0.15,0.57,582.0,-165,,0.0,0.8,0.064,0.757,-3.153,3.106,0.305,0.209,0.791,12.288,1.98,1.98,4.95,,0,29534,0.803,-0.194,0.826102293907964,-0.485,-109,35052,2.9502567123979464,27,0,0.0,0.0,0
3.86,46320,5,0.552,-0.524,-0.029,582.0,141,,0.0,0.8,-0.003,0.622,-3.081,5.592,0.894,0.124,0.106,12.288,4.23,4.23,2.788,,0,29534,1.297,0.636,1.444543180386104,2.389,-102,37392,3.594002306805075,27,0,0.0,0.0,1
3.88,46560,5,-0.198,0.69,-0.492,582.0,-281,,0.0,0.8,-0.061,0.707,1.385,6.233,0.518,0.95,0.05,12.288,0.196,0.196,1.252,,0,29534,0.331,1.401,1.4395700747098072,-1.501,-104,35098,3.245007396449704,27,0,0.0,0.0,1
3.9,46800,5,-0.575,-0.26,0.835,582.0,-13,,0.0,0.8,0.035,0.854,0.513,3.243,0.273,0.423,0.727,12.288,2.445,2.445,6.103,,0,29534,-0.513,0.577,0.772073830666472,0.906,-108,35985,3.085133744855967,27,0,0.0,0.0,0
3.92,47040,5,0.741,-0.428,-0.313,582.0,191,,0.0,0.8,0.053,0.742,-3.672,3.52,0.846,0.663,0.154,12.288,4.695,4.695,3.764,,0,29534,-0.323,0.886,0.9430402960637472,2.881,-122,37458,2.5166621875839827,27,0,0.0,0.0,0
3.94,47280,5,-0.393,0.557,-0.164,582.0,-249,,0.0,0.8,-0.054,0.57,-2.613,5.826,0.05,0.95,0.528,12.288,0.661,0.661,2.601,,0,29534,-1.318,0.254,1.3422518392611724,-1.236,-128,34578,2.1104736328125,27,0,0.0,0.0,1
3.96,47520,5,-0.128,-0.583,0.71,582.0,44,,0.0,0.8,-0.047,0.756,1.589,6.184,0.138,0.101,0.899,12.288,2.91,2.91,0.87,,0,29534,-0.876,-0.807,1.191060451866319,1.448,-109,36524,3.074152007406784,27,0,0.0,0.0,1
3.98,47760,5,0.792,-0.117,-0.675,582.0,-298,,0.0,0.8,0.052,0.853,-0.134,2.872,0.703,0.49,0.297,12.288,5.16,5.16,5.104,,0,29534,0.184,-0.5,0.5327813810560575,-1.628,-131,35978,2.096497873084319,27,0,0.0,0.0,0
4.0,48000,5,-0.646,0.629,0.018,582.0,-199,,0.0,0.8,0.04,0.735,-3.846,4.098,0.113,0.646,0.887,12.288,1.126,1.126,3.912,,0,29534,-0.015,-0.947,0.9471187887482752,-0.798,-127,34441,2.1353462706925415,27,0,0.0,0.0,0
4.02,48240,5,0.243,-0.554,0.311,582.0,117,,0.0,0.8,-0.12,0.542,-1.515,6.203,0.855,0.099,0.901,12.288,3.375,3.375,1.853,,0,29534,1.078,-0.95,1.4368660341173076,2.144,-117,37635,2.7492877492877494,27,0,0.0,0.0,1
4.04,48480,5,0.466,0.332,-0.798,582.0,-268,,0.0,0.8,-0.031,0.801,1.601,6.181,0.946,0.605,0.054,12.288,5.625,5.625,0.134,,0,29534,1.326,0.477,1.4091859352122416,-1.375,-133,35751,2.021086550963876,27,0,0.0,0.0,1
4.06,48720,5,-0.841,0.464,0.377,582.0,-58,,0.0,0.8,0.067,0.84,-0.729,2.34,0.331,0.56,0.669,12.288,1.591,1.591,5.061,,0,29534,0.5,0.558,0.7492422839108855,0.488,-112,35386,2.8209502551020407,27,0,0.0,0.0,0
4.08,48960,5,0.448,-0.723,0.275,582.0,181,,0.0,0.8,0.027,0.729,-3.892,4.747,0.908,0.092,0.251,12.288,3.84,3.84,2.717,,0,29534,0.818,0.801,1.1448689881379441,2.782,-114,37519,2.886965220067713,27,0,0.0,0.0,0
4.1,49200,5,0.003,0.484,-0.487,582.0,-261,,0.0,0.8,-0.105,0.55,-0.811,6.333,0.552,0.949,0.051,12.288,6.09,6.09,1.414,,0,29534,-0.14,1.5,1.5065191668213187,-1.337,-107,34766,3.0365970827146476,27,0,0.0,0.0,1
4.12,49440,5,-0.809,0.043,0.766,582.0,38,,0.0,0.8,0.008,0.911,1.422,5.267,0.133,0.698,0.867,12.288,2.056,2.056,6.063,,0,29534,-1.016,0.431,1.1036380747328356,1.392,-110,36678,3.031239669421488,27,0,0.0,0.0,0
4.14,49680,5,0.728,-0.712,-0.016,582.0,-401,,0.0,0.8,0.081,0.827,-1.566,2.147,0.679,0.404,0.321,12.288,4.305,4.305,3.912,,0,29534,-0.49,0.096,0.49931553150287644,-2.558,-132,36517,2.095787419651056,27,0,0.0,0.0,0
4.16,49920,5,-0.182,0.701,-0.519,582.0,-234,,0.0,0.8,0.013,0.727,-3.717,5.191,0.055,0.945,0.38,12.288,0.271,0.271,2.723,,0,29534,-1.102,-0.065,1.1039153047222419,-1.108,-127,34796,2.1573563147126293,27,0,0.0,0.0,1
4.18,50160,5,-0.247,-0.322,0.57,582.0,98,,0.0,0.8,-0.098,0.563,-0.154,6.383,0.095,0.161,0.905,12.288,2.521,2.521,0.772,,0,29534,-0.519,-1.214,1.3202867112866052,1.972,-108,37846,3.244684499314129,27,0,0.0,0.0,1
4.2,50400,5,0.879,-0.423,-0.456,582.0,-266,,0.0,0.8,0.031,0.879,1.095,4.715,0.82,0.18,0.296,12.288,4.77,4.77,5.267,,0,29534,0.756,-0.755,1.068438580359208,-1.355,-130,36155,2.1393491124260353,27,0,0.0,0.0,0
4.22,50640,5,-0.479,0.793,-0.314,582.0,-104,,0.0,0.8,0.075,0.795,-1.94,2.327,0.302,0.698,0.639,12.288,0.736,0.736,3.979,,0,29534,0.571,-0.446,0.724539163882809,0.065,-124,35265,2.293509365244537,27,0,0.0,0.0,0
4.24,50880,5,-0.117,-0.535,0.651,582.0,152,,0.0,0.8,0.009,0.694,-3.335,5.445,0.799,0.084,0.916,12.288,2.986,2.986,1.786,,0,29534,1.189,-0.579,1.3224832702155442,2.483,-115,38341,2.8991304347826086,27,0,0.0,0.0,1
4.26,51120,5,0.46,0.093,-0.552,582.0,-259,,0.0,0.8,-0.093,0.584,0.131,6.384,0.95,0.483,0.05,12.288,5.235,5.235,0.35,,0,29534,1.222,0.868,1.4989022649926178,-1.319,-123,35833,2.3684975874148986,27,0,0.0,0.0,1
4.28,51360,5,-0.801,0.677,0.124,582.0,5,,0.0,0.8,0.008,0.862,1.255,4.066,0.203,0.797,0.425,12.288,1.201,1.201,5.138,,0,29534,0.084,1.062,1.0653168542738822,1.066,-104,35284,3.2622041420118344,27,0,0.0,0.0,0
4.3,51600,5,0.158,-0.747,0.589,582.0,-447,,0.0,0.8,0.084,0.783,-2.743,2.676,0.77,0.23,0.472,12.288,3.451,3.451,2.79,,0,29534,0.113,0.714,0.7228865747819639,-2.975,-120,36118,2.5081944444444444,27,0,0.0,0.0,0
4.32,51840,5,0.362,0.278,-0.64,582.0,-257,,0.0,0.8,0.011,0.642,-3.222,5.512,0.542,0.949,0.051,12.288,5.7,5.7,1.628,,0,29534,-0.447,1.3,1.3747032407032436,-1.313,-116,33931,2.5216260404280617,27,0,0.0,0.0,1
4.34,52080,5,-0.607,0.179,0.428,582.0,73,,0.0,0.8,-0.085,0.617,0.701,6.346,0.107,0.893,0.88,12.288,1.666,1.666,6.086,,0,29534,-1.322,0.057,1.3232282493961502,1.729,-108,36483,3.1278292181069958,27,0,0.0,0.0,1
4.36,52320,5,0.591,-0.865,0.275,582.0,-300,,0.0,0.8,0.038,0.883,0.838,3.399,0.715,0.285,0.71,12.288,3.916,3.916,4.176,,0,29534,-0.45,-0.659,0.7979855888423049,-1.652,-129,35369,2.1254131362297937,27,0,0.0,0.0,0
4.38,52560,5,0.153,0.576,-0.729,582.0,-201,,0.0,0.8,0.063,0.767,-3.033,3.185,0.215,0.785,0.289,12.288,6.165,6.165,2.92,,0,29534,-0.492,-0.297,0.5746938315311901,-0.818,-112,34220,2.727997448979592,27,0,0.0,0.0,0
4.4,52800,5,-0.484,-0.04,0.524,582.0,140,,0.0,0.8,-0.018,0.583,-3.152,5.553,0.13,0.104,0.896,12.288,2.131,2.131,0.751,,0,29534,-0.027,-1.389,1.3892623942222002,2.38,-116,38208,2.839476813317479,27,0,0.0,0.0,1
4.42,53040,5,0.67,-0.472,-0.198,582.0,-259,,0.0,0.8,-0.068,0.685,1.034,6.301,0.95,0.05,0.477,12.288,4.381,4.381,5.485,,0,29534,1.169,-0.664,1.3444169740076923,-1.305,-118,35580,2.55530020109164,27,0,0.0,0.0,1
4.44,53280,5,-0.244,0.836,-0.592,582.0,-11,,0.0,0.8,0.051,0.859,0.538,2.855,0.443,0.702,0.298,12.288,0.347,0.347,4.046,,0,29534,0.923,0.244,0.9547067612623261,0.924,-108,35194,3.017318244170096,27,0,0.0,0.0,0
4.46,53520,5,-0.428,-0.313,0.741,582.0,211,,0.0,0.8,0.05,0.742,-3.624,3.797,0.638,0.139,0.861,12.288,2.596,2.596,1.653,,0,29534,0.94,-0.004,0.9400085105997711,3.068,-109,37108,3.123306119013551,27,0,0.0,0.0,0
4.48,53760,5,0.549,-0.156,-0.393,582.0,-237,,0.0,0.8,-0.062,0.562,-2.75,5.762,0.949,0.543,0.051,12.288,4.846,4.846,0.481,,0,29534,0.897,1.232,1.5239530832673294,-1.124,-117,35447,2.589451384323179,27,0,0.0,0.0,1
4.5,54000,5,-0.575,0.702,-0.128,582.0,48,,0.0,0.8,-0.048,0.747,1.431,6.223,0.097,0.903,0.153,12.288,0.812,0.812,5.053,,0,29534,-0.348,1.323,1.3680032894697292,1.49,-106,36189,3.220808116767533,27,0,0.0,0.0,1
4.52,54240,5,-0.121,-0.669,0.79,582.0,-335,,0.0,0.8,0.053,0.849,-0.06,2.826,0.48,0.301,0.699,12.288,3.061,3.061,2.993,,0,29534,-0.579,0.332,0.667431644440088,-1.964,-118,35309,2.535837403045102,27,0,0.0,0.0,0
4.54,54480,5,0.616,0.019,-0.635,582.0,-229,,0.0,0.8,0.035,0.722,-3.913,4.455,0.68,0.905,0.095,12.288,5.311,5.311,1.741,,0,29534,-0.636,0.769,0.9979263499878135,-1.064,-112,34232,2.728954081632653,27,0,0.0,0.0,0
4.56,54720,5,-0.559,0.337,0.222,582.0,120,,0.0,0.8,-0.098,0.554,-1.998,6.064,0.105,0.873,0.895,12.288,1.277,1.277,5.953,,0,29534,-1.274,-0.36,1.323886702101052,2.183,-105,37849,3.433015873015873,27,0,0.0,0.0,1
4.58,54960,5,0.335,-0.809,0.474,582.0,-272,,0.0,0.8,-0.033,0.813,1.753,6.139,0.583,0.053,0.947,12.288,3.526,3.526,4.331,,0,29534,-0.252,-1.156,1.1831483423476532,-1.421,-128,35547,2.16961669921875,27,0,0.0,0.0,1
4.6,55200,5,0.474,0.373,-0.848,582.0,-32,,0.0,0.8,0.072,0.846,-0.782,2.428,0.561,0.676,0.324,12.288,5.776,5.776,2.96,,0,29534,0.28,-0.454,0.5334004124482845,0.733,-108,35029,3.003172153635117,27,0,0.0,0.0,0
4.62,55440,5,-0.718,0.271,0.447,582.0,179,,0.0,0.8,0.022,0.725,-4.048,4.931,0.075,0.244,0.925,12.288,1.742,1.742,0.701,,0,29534,0.339,-1.109,1.1596559834709603,2.749,-124,38175,2.4827653485952133,27,0,0.0,0.0,0
4.64,55680,5,0.487,-0.487,0.0,582.0,-236,,0.0,0.8,-0.11,0.551,-1.276,6.256,0.95,0.05,0.497,12.288,3.991,3.991,5.65,,0,29534,1.433,-0.234,1.451979683053451,-1.114,-120,35526,2.4670833333333335,27,0,0.0,0.0,1
4.66,55920,5,0.043,0.765,-0.808,582.0,32,,0.0,0.8,0.004,0.909,1.788,5.283,0.746,0.867,0.133,12.288,6.241,6.241,4.057,,0,29534,1.069,0.84,1.3595444089841273,1.324,-100,35447,3.5447,27,0,0.0,0.0,0
4.68,56160,5,-0.699,-0.018,0.717,582.0,-392,,0.0,0.8,0.074,0.814,-1.637,2.452,0.378,0.305,0.695,12.288,2.207,2.207,1.813,,0,29534,0.382,0.517,0.642816459030103,-2.473,-110,35966,2.972396694214876,27,0,0.0,0.0,0
4.7,56400,5,0.701,-0.519,-0.182,582.0,-228,,0.0,0.8,0.01,0.727,-3.85,5.093,0.946,0.397,0.054,12.288,4.456,4.456,0.671,,0,29534,0.477,1.202,1.2931871480957424,-1.062,-109,35089,2.9533709283730327,27,0,0.0,0.0,1
4.72,56640,5,-0.334,0.573,-0.239,582.0,81,,0.0,0.8,-0.112,0.565,-0.368,6.374,0.14,0.899,0.101,12.288,0.422,0.422,5.068,,0,29534,-0.755,1.148,1.3740192866186411,1.802,-111,36856,2.9913156399642884,27,0,0.0,0.0,1
4.74,56880,5,-0.452,-0.469,0.921,582.0,-294,,0.0,0.8,0.039,0.92,1.281,4.554,0.182,0.328,0.818,12.288,2.672,2.672,3.229,,0,29534,-1.054,-0.068,1.0561912705566165,-1.612,-125,34571,2.212544,27,0,0.0,0.0,0
4.76,57120,5,0.792,-0.322,-0.469,582.0,-155,,0.0,0.8,0.081,0.792,-2.287,2.496,0.717,0.671,0.283,12.288,4.921,4.921,1.913,,0,29534,-0.564,0.025,0.564553806115945,-0.396,-118,34094,2.4485779948290722,27,0,0.0,0.0,0
4.78,57360,5,-0.551,0.675,-0.124,582.0,151,,0.0,0.8,0.01,0.719,-3.575,5.291,0.092,0.908,0.828,12.288,0.887,0.887,5.925,,0,29534,-0.96,-0.595,1.1294356998076518,2.493,-123,38039,2.51431026505387,27,0,0.0,0.0,1
4.8,57600,5,0.093,-0.547,0.455,582.0,-254,,0.0,0.8,-0.095,0.578,0.159,6.383,0.477,0.05,0.95,12.288,3.137,3.137,4.552,,0,29534,0.213,-1.37,1.386459159153273,-1.272,-136,35009,1.8927876297577855,27,0,0.0,0.0,1
4.82,57840,5,0.677,0.121,-0.798,582.0,32,,0.0,0.8,0.007,0.86,1.191,4.236,0.808,0.434,0.192,12.288,5.386,5.386,3.019,,0,29534,0.938,-0.37,1.0083372451714754,1.319,-116,35241,2.6189803804994054,27,0,0.0,0.0,0
4.84,58080,5,-0.741,0.575,0.166,582.0,-436,,0.0,0.8,0.07,0.774,-2.864,2.633,0.227,0.46,0.773,12.288,1.352,1.352,0.601,,0,29534,0.608,-0.468,0.7672600602142666,-2.854,-139,36798,1.9045598053930957,27,0,0.0,0.0,0
4.86,58320,5,0.297,-0.69,0.393,582.0,-224,,0.0,0.8,0.011,0.692,-3.141,5.559,0.949,0.051,0.557,12.288,3.602,3.602,5.817,,0,29534,1.327,0.142,1.3345759626188387,-1.012,-125,35256,2.256384,27,0,0.0,0.0,1
4.88,58560,5,0.179,0.423,-0.602,582.0,70,,0.0,0.8,-0.085,0.612,0.92,6.318,0.901,0.853,0.099,12.288,5.851,5.851,4.008,,0,29534,0.826,1.264,1.5099576152991845,1.701,-103,36172,3.409557922518616,27,0,0.0,0.0,1
4.9,58800,5,-0.865,0.279,0.586,582.0,-310,,0.0,0.8,0.039,0.882,0.63,3.406,0.281,0.688,0.719,12.288,1.817,1.817,2.052,,0,29534,-0.285,0.834,0.8813518026304819,-1.742,-114,34984,2.6919052016004925,27,0,0.0,0.0,0
4.92,59040,5,0.568,-0.728,0.16,582.0,-182,,0.0,0.8,0.067,0.762,-3.094,3.012,0.784,0.309,0.216,12.288,4.067,4.067,0.768,,0,29534,-0.114,0.838,0.8457186293324748,-0.643,-110,35093,2.9002479338842977,27,0,0.0,0.0,0
4.94,59280,5,-0.013,0.549,-0.536,582.0,129,,0.0,0.8,0.008,0.627,-3.215,5.516,0.102,0.898,0.135,12.288,0.033,0.033,4.928,,0,29534,-1.05,0.818,1.3310236662058268,2.272,-112,38187,3.044244260204082,27,0,0.0,0.0,1
4.96,59520,5,-0.46,-0.193,0.653,582.0,-278,,0.0,0.8,-0.07,0.667,1.211,6.269,0.05,0.502,0.95,12.288,2.282,2.282,3.405,,0,29534,-1.206,-0.464,1.2921811018584044,-1.484,-126,34744,2.18846056941295,27,0,0.0,0.0,1
4.98,59760,5,0.819,-0.583,-0.236,582.0,-24,,0.0,0.8,0.05,0.841,0.287,2.927,0.701,0.299,0.413,12.288,4.532,4.532,1.984,,0,29534,-0.222,-0.597,0.6369403425753467,0.8,-116,34830,2.588436385255648,27,0,0.0,0.0,0
5.0,60000,5,-0.31,0.752,-0.442,582.0,-465,,0.0,0.8,0.057,0.753,-3.422,3.456,0.166,0.834,0.636,12.288,0.498,0.498,5.765,,0,29534,-0.311,-0.628,0.700788841235361,-3.112,-133,37472,2.1183786534004185,27,0,0.0,0.0,0
