sequence,reference_control_tick,reference_control_tick_unwrapped,mapped_truth_tick,truth_sequence_left,truth_sequence_right,truth_mechanical_angle_rad,truth_electrical_angle_rad,estimated_electrical_angle_rad,electrical_angle_error_rad,reliable,controller_state,control_electrical_angle_rad,forced_electrical_angle_rad
25,6240,6240,2953431435.143663,1475090,1475091,6.154331207,6.219294978418098,0.0,0.06389032876148804,0,3,0.0,0.0
26,6480,6480,2953451434.564401,1475100,1475101,6.154331207,6.219294978418098,0.0,0.06389032876148804,0,3,0.0,0.0
27,6720,6720,2953471433.985139,1475110,1475111,6.152797222,6.230032873418104,0.0,0.0531524337614826,0,3,0.0,0.0
28,6960,6960,2953491433.4058766,1475120,1475121,6.152797222,6.230032873418104,0.0,0.0531524337614826,0,3,0.0,0.0
29,7200,7200,2953511432.826615,1475130,1475131,6.152797222,6.230032873418104,0.0,0.0531524337614826,0,3,0.0,0.0
30,7440,7440,2953531432.2473526,1475140,1475141,6.152797222,6.230032873418104,0.0,0.0531524337614826,0,3,0.0,0.0
31,7680,7680,2953551431.6680903,1475150,1475151,6.152797222,6.230032873418104,0.0,0.0531524337614826,0,3,0.0,0.0
32,7920,7920,2953571431.0888286,1475160,1475161,6.152797222,6.230032873418104,0.0,0.0531524337614826,0,3,0.0,0.0
33,8160,8160,2953591430.5095663,1475170,1475171,6.152797222,6.230032873418104,0.0,0.0531524337614826,0,3,0.0,0.0
34,8400,8400,2953611429.930304,1475180,1475181,6.152797222,6.230032873418104,0.0,0.0531524337614826,0,3,0.0,0.0
35,8640,8640,2953631429.3510423,1475190,1475191,6.151263237,6.240770768418109,0.0,0.04241453876147716,0,3,0.0,0.0
36,8880,8880,2953651428.77178,1475200,1475201,6.151263237,6.240770768418109,0.0,0.04241453876147716,0,3,0.0,0.0
37,9120,9120,2953671428.1925178,1475210,1475211,6.151263237,6.240770768418109,0.0,0.04241453876147716,0,3,0.0,0.0
38,9360,9360,2953691427.6132555,1475220,1475221,6.151263237,6.240770768418109,0.0,0.04241453876147716,0,3,0.0,0.0
39,9600,9600,2953711427.0339937,1475230,1475231,6.151263237,6.240770768418109,0.0,0.04241453876147716,0,3,0.0,0.0
40,9840,9840,2953731426.4547315,1475240,1475241,6.151263237,6.240770768418109,0.0,0.04241453876147716,0,3,0.0,0.0
41,10080,10080,2953751425.875469,1475250,1475251,6.150685020169184,6.244818286233816,0.0,0.03836702094577049,0,3,0.0,0.0
42,10320,10320,2953771425.2962074,1475260,1475261,6.150307024541376,6.247464255628479,0.0,0.03572105155110705,0,3,0.0,0.0
43,10560,10560,2953791424.716945,1475270,1475271,6.149729252,6.2515086634181,0.0,0.031676643761485934,0,3,0.0,0.0
44,10800,10800,2953811424.137683,1475280,1475281,6.149729252,6.2515086634181,0.0,0.031676643761485934,0,3,0.0,0.0
45,11040,11040,2953831423.558421,1475290,1475291,6.149729252,6.2515086634181,0.0,0.031676643761485934,0,3,0.0,0.0
46,11280,11280,2953851422.979159,1475300,1475301,6.149729252,6.2515086634181,0.0,0.031676643761485934,0,3,0.0,0.0
47,11520,11520,2953871422.3998966,1475310,1475311,6.149729252,6.2515086634181,0.0,0.031676643761485934,0,3,0.0,0.0
48,11760,11760,2953891421.8206344,1475320,1475321,6.149729252,6.2515086634181,0.0,0.031676643761485934,0,3,0.0,0.0
49,12000,12000,2953911421.2413726,1475330,1475331,6.149729252,6.2515086634181,0.0,0.031676643761485934,0,3,0.0,0.0
50,12240,12240,2953931420.6621103,1475340,1475341,6.149729252,6.2515086634181,0.0,0.031676643761485934,0,3,0.0,0.0
51,12480,12480,2953951420.082848,1475348,1475349,6.148195267,6.262246558418106,0.0,0.020938748761480497,0,3,0.0,0.0
52,12720,12720,2953971419.5035863,1475358,1475359,6.14953558914441,6.252864303407229,0.0,0.030321003772357358,0,3,0.0,0.0
53,12960,12960,2953991418.924324,1475368,1475369,6.148195267,6.262246558418106,0.0,0.020938748761480497,0,3,0.0,0.0
54,13200,13200,2954011418.345062,1475378,1475379,6.148195267,6.262246558418106,0.0,0.020938748761480497,0,3,0.0,0.0
55,13440,13440,2954031417.7658,1475388,1475389,6.148195267,6.262246558418106,0.0,0.020938748761480497,0,3,0.0,0.0
56,13680,13680,2954051417.1865377,1475398,1475399,6.148195267,6.262246558418106,0.0,0.020938748761480497,0,3,0.0,0.0
57,13920,13920,2954071416.6072755,1475408,1475409,6.148195267,6.262246558418106,0.0,0.020938748761480497,0,3,0.0,0.0
58,14160,14160,2954091416.0280137,1475418,1475419,6.148195267,6.262246558418106,0.0,0.020938748761480497,0,3,0.0,0.0
59,14400,14400,2954111415.4487514,1475428,1475429,6.148195267,6.262246558418106,0.0,0.020938748761480497,0,3,0.0,0.0
60,14640,14640,2954131414.869489,1475438,1475439,6.148195267,6.262246558418106,0.0,0.020938748761480497,0,3,0.0,0.0
61,14880,14880,2954151414.290227,1475448,1475449,6.148195267,6.262246558418106,0.0,0.020938748761480497,0,3,0.0,0.0
62,15120,15120,2954171413.710965,1475458,1475459,6.147997161247443,6.26363329868601,0.0,0.019552008493576523,0,3,0.0,0.0
63,15360,15360,2954191413.131703,1475468,1475469,6.148195267,6.262246558418106,0.0,0.020938748761480497,0,3,0.0,0.0
64,15600,15600,2954211412.5524406,1475478,1475479,6.1479962726678306,6.263639518743297,0.0,0.019545788436289513,0,3,0.0,0.0
65,15840,15840,2954231411.973179,1475488,1475489,6.146860720621611,6.271588383066835,0.0,0.011596924112751594,0,3,0.0,0.0
66,16080,16080,2954251411.3939166,1475498,1475499,6.146661282,6.272984453418097,0.0,0.01020085376148927,0,3,0.0,0.0
67,16320,16320,2954271410.8146544,1475508,1475509,6.146661282,6.272984453418097,0.0,0.01020085376148927,0,3,0.0,0.0
68,16560,16560,2954291410.2353926,1475518,1475519,6.146661282,6.272984453418097,0.0,0.01020085376148927,0,3,0.0,0.0
69,16800,16800,2954311409.6561303,1475528,1475529,6.146661282,6.272984453418097,0.0,0.01020085376148927,0,3,0.0,0.0
70,17040,17040,2954331409.076868,1475538,1475539,6.146661282,6.272984453418097,0.0,0.01020085376148927,0,3,0.0,0.0
71,17280,17280,2954351408.4976063,1475548,1475549,6.146661282,6.272984453418097,0.0,0.01020085376148927,0,3,0.0,0.0
72,17520,17520,2954371407.918344,1475558,1475559,6.146661282,6.272984453418097,0.0,0.01020085376148927,0,3,0.0,0.0
73,17760,17760,2954391407.339082,1475568,1475569,6.146661282,6.272984453418097,0.0,0.01020085376148927,0,3,0.0,0.0
74,18000,18000,2954411406.7598195,1475578,1475579,6.146661282,6.272984453418097,0.0,0.01020085376148927,0,3,0.0,0.0
75,18240,18240,2954431406.1805577,1475588,1475589,6.146661282,6.272984453418097,0.0,0.01020085376148927,0,3,0.0,0.0
76,18480,18480,2954451405.6012955,1475598,1475599,6.146661282,6.272984453418097,0.0,0.01020085376148927,0,3,0.0,0.0
77,18720,18720,2954471405.022033,1475608,1475609,6.146661282,6.272984453418097,0.0,0.01020085376148927,0,3,0.0,0.0
78,18960,18960,2954491404.4427714,1475618,1475619,6.146661282,6.272984453418097,0.0,0.01020085376148927,0,3,0.0,0.0
79,19200,19200,2954511403.863509,1475628,1475629,6.146661282,6.272984453418097,0.0,0.01020085376148927,0,3,0.0,0.0
80,19440,19440,2954531403.284247,1475638,1475639,6.1456881858984,6.279796126129305,0.0,0.003389181050280854,0,3,0.0,0.0
81,19680,19680,2954551402.704985,1475648,1475649,6.146100836391331,6.2769075726787875,0.0,0.006277734500798715,0,3,0.0,0.0
82,19920,19920,2954571402.125723,1475658,1475659,6.145127296,0.0005370482385131936,0.0,-0.0005370482385131936,0,3,0.0,0.0
83,20160,20160,2954591401.5464606,1475668,1475669,6.145127296,0.0005370482385131936,0.0,-0.0005370482385131936,0,3,0.0,0.0
84,20400,20400,2954611400.967199,1475678,1475679,6.145127296,0.0005370482385131936,0.0,-0.0005370482385131936,0,3,0.0,0.0
85,20640,20640,2954631400.3879366,1475688,1475689,6.145127296,0.0005370482385131936,0.0,-0.0005370482385131936,0,3,0.0,0.0
86,20880,20880,2954651399.8086743,1475698,1475699,6.145127296,0.0005370482385131936,0.0,-0.0005370482385131936,0,3,0.0,0.0
87,21120,21120,2954671399.229412,1475708,1475709,6.145127296,0.0005370482385131936,0.0,-0.0005370482385131936,0,3,0.0,0.0
88,21360,21360,2954691398.6501503,1475718,1475719,6.145127296,0.0005370482385131936,0.0,-0.0005370482385131936,0,3,0.0,0.0
89,21600,21600,2954711398.070888,1475728,1475729,6.145127296,0.0005370482385131936,0.0,-0.0005370482385131936,0,3,0.0,0.0
90,21840,21840,2954731397.491626,1475738,1475739,6.145127296,0.0005370482385131936,0.0,-0.0005370482385131936,0,3,0.0,0.0
91,22080,22080,2954751396.912364,1475748,1475749,6.145127296,0.0005370482385131936,0.0,-0.0005370482385131936,0,3,0.0,0.0
92,22320,22320,2954771396.3331017,1475758,1475759,6.145127296,0.0005370482385131936,0.0,-0.0005370482385131936,0,3,0.0,0.0
93,22560,22560,2954791395.7538395,1475768,1475769,6.145127296,0.0005370482385131936,0.0,-0.0005370482385131936,0,3,0.0,0.0
94,22800,22800,2954811395.1745777,1475778,1475779,6.145127296,0.0005370482385131936,0.0,-0.0005370482385131936,0,3,0.0,0.0
95,23040,23040,2954831394.5953155,1475788,1475789,6.145127296,0.0005370482385131936,0.0,-0.0005370482385131936,0,3,0.0,0.0
96,23280,23280,2954851394.016053,1475798,1475799,6.145127296,0.0005370482385131936,0.0,-0.0005370482385131936,0,3,0.0,0.0
97,23520,23520,2954871393.4367914,1475808,1475809,6.145127296,0.0005370482385131936,0.0,-0.0005370482385131936,0,3,0.0,0.0
98,23760,23760,2954891392.857529,1475818,1475819,6.145127296,0.0005370482385131936,0.0,-0.0005370482385131936,0,3,0.0,0.0
99,24000,24000,2954911392.278267,1475828,1475829,6.145127296,0.0005370482385131936,0.0,-0.0005370482385131936,0,3,0.0,0.0
100,24240,24240,2954931391.6990047,1475838,1475839,6.146661282,6.272984453418097,0.001,0.011200853761489604,0,4,0.017,0.017
101,24480,24480,2954951391.119743,1475846,1475847,6.151047803949384,6.242278799772414,0.014,0.05490650740717218,0,4,0.068,0.068
102,24720,24720,2954971390.5404806,1475856,1475857,6.160251270659577,6.177854532801071,0.056,0.1613307743785155,0,4,0.153,0.153
103,24960,24960,2954991389.9612184,1475866,1475867,6.174056692369771,6.081216580829711,0.138,0.3399687263498752,0,4,0.273,0.273
104,25200,25200,2955011389.3819566,1475876,1475877,6.192247304019351,5.953882299282647,0.269,0.5983030078969396,0,4,0.426,0.426
105,25440,25440,2955031388.8026943,1475886,1475887,6.218323685581048,5.7713476283507745,0.45,0.9618376788288119,0,4,0.614,0.614
106,25680,25680,2955051388.223432,1475896,1475897,6.252070470001435,5.5351201374080645,0.681,1.4290651697715218,0,4,0.836,0.836
107,25920,25920,2955071387.6441703,1475906,1475907,0.010083571339965205,5.246731277781246,0.957,1.9934540293983405,0,4,1.092,1.092
108,26160,26160,2955091387.064908,1475916,1475917,0.05149972133155421,4.956818227840122,1.274,2.600367079339464,0,4,1.383,1.383
109,26400,26400,2955111386.485646,1475926,1475927,0.09598383403704938,4.645429438901656,1.616,-3.0294294389016563,0,4,1.707,1.707
110,26640,26640,2955131385.906384,1475936,1475937,0.14660386302932532,4.291089235955725,1.976,-2.3150892359557247,0,4,2.066,2.066
111,26880,26880,2955151385.3271217,1475946,1475947,0.20313995521637812,3.895336590646355,2.372,-1.523336590646355,0,4,2.459,2.459
112,27120,27120,2955171384.7478595,1475956,1475957,0.26887903781305345,3.4351630124696273,2.807,-0.6281630124696274,0,4,2.886,2.886
113,27360,27360,2955191384.168597,1475966,1475967,0.3300152830103812,3.0072092960883334,3.271,0.2637907039116665,0,4,3.347,3.347
114,27600,27600,2955211383.5893354,1475976,1475977,0.3946610187726132,2.5546891457527092,3.761,1.206310854247291,0,4,3.842,3.842
115,27840,27840,2955231383.010073,1475986,1475987,0.46828987532329175,2.0392871498979592,4.268,2.22871285010204,0,4,4.372,4.372
116,28080,28080,2955251382.430811,1475996,1475997,0.5631723451647969,1.3751098610074237,4.838,-2.82029516818701,0,4,4.936,4.936
117,28320,28320,2955271381.851549,1476006,1476007,0.6370233205715518,0.8581530331601392,5.453,-1.6883383403397252,0,4,5.534,5.534
118,28560,28560,2955291381.272287,1476016,1476017,0.740243777073512,0.13560983764641765,6.1,-0.31879514482600513,0,4,6.166,6.166
119,28800,28800,2955311380.6930246,1476026,1476027,0.8162711810017415,5.886603317328397,0.466,0.8625819898511891,0,4,0.549,0.549
120,29040,29040,2955331380.113763,1476036,1476037,0.9159773016715419,5.1886604726397945,1.169,2.2635248345397923,0,4,1.249,1.249
121,29280,29280,2955351379.5345006,1476046,1476047,1.0316599334082732,4.378882050482675,1.915,-2.463882050482675,0,4,1.984,1.984
122,29520,29520,2955371378.9552383,1476056,1476057,1.150856447094686,3.5445064546777854,2.692,-0.8525064546777852,0,4,2.753,2.753
123,29760,29760,2955391378.375976,1476066,1476067,1.2635073133595467,2.7559503908237613,3.506,0.7500496091762385,0,4,3.556,3.556
124,30000,30000,2955411377.7967143,1476076,1476077,1.3800858269355694,1.939900795791603,4.329,2.3890992042083967,0,4,4.393,4.393
125,30240,30240,2955431377.217452,1476086,1476087,1.5063204443683067,1.0562584737624405,5.206,-2.1334437809420264,0,4,5.264,5.264
126,30480,30480,2955451376.63819,1476096,1476097,1.6568740430930264,0.002383282689402577,6.131,-0.15456858986898858,0,4,6.17,6.17
127,30720,30720,2955471376.058928,1476106,1476107,1.7776018761907808,5.440473758184709,0.775,1.617711548994878,0,4,0.826,0.826
128,30960,30960,2955491375.4796658,1476116,1476117,1.9162808962339304,4.469720617882661,1.753,-2.716720617882661,0,4,1.8,1.8
129,31200,31200,2955511374.9004035,1476126,1476127,2.061320176268868,3.4544456576380966,2.764,-0.6904456576380968,0,4,2.808,2.808
130,31440,31440,2955531374.3211417,1476136,1476137,2.208183210334066,2.4264044191817113,3.817,1.3905955808182888,0,4,3.851,3.851
131,31680,31680,2955551373.7418795,1476146,1476147,2.366407521177228,1.3188342432795785,4.887,-2.715019550459165,0,4,4.927,4.927
132,31920,31920,2955571373.162617,1476156,1476157,2.524174309387941,0.2144667258045878,6.013,-0.48465203298417414,0,4,6.038,6.038
133,32160,32160,2955591372.5833554,1476166,1476167,2.6863125486317183,5.362684358277733,0.87,1.7905009489018537,0,4,0.899,0.899
134,32400,32400,2955611372.004093,1476176,1476177,2.8581130762226845,4.1600806651409705,2.058,-2.1020806651409707,0,4,2.078,2.078
135,32640,32640,2955631371.424831,1476186,1476187,3.027155923398498,2.9767807349102746,3.28,0.3032192650897252,0,4,3.291,3.291
136,32880,32880,2955651370.8455687,1476196,1476197,3.1953472070638584,1.7994417492527504,4.52,2.720558250747249,0,4,4.538,4.538
137,33120,33120,2955671370.266307,1476206,1476207,3.3737460494224187,0.5506498527428292,5.813,-1.0208351599224166,0,4,5.82,5.82
138,33360,33360,2955691369.6870446,1476216,1476217,3.548614991233969,5.609752567241564,0.839,1.5124327399380224,0,4,0.852,0.852
139,33600,33600,2955711369.1077824,1476226,1476227,3.754395951256201,4.169285847085938,2.2,-1.9692858470859376,0,4,2.202,2.202
140,33840,33840,2955731368.5285206,1476236,1476237,3.9317303639079446,2.927944958523735,3.59,0.6620550414762647,0,4,3.586,3.586
141,34080,34080,2955751367.9492583,1476246,1476247,4.139551138480233,1.4731995365177184,5.001,-2.7553848436973043,0,4,5.004,5.004
142,34320,34320,2955771367.369996,1476256,1476257,4.360203287762149,6.211819798723891,0.185,0.25636550845569506,0,4,0.174,0.174
143,34560,34560,2955791366.7907343,1476266,1476267,4.574719083775665,4.710209226629278,1.671,-3.0392092266292776,0,4,1.66,1.66
144,34800,34800,2955811366.211472,1476276,1476277,4.810113948081177,3.0624451764906944,3.203,0.14055482350930548,0,4,3.181,3.181
145,35040,35040,2955831365.63221,1476286,1476287,5.00126089192287,1.7244165695988407,4.749,3.024583430401159,0,4,4.736,4.736
146,35280,35280,2955851365.052948,1476296,1476297,5.246935529543579,0.004694106253875674,0.067,0.0623058937461245,0,4,0.042,0.042
147,35520,35520,2955871364.4736857,1476306,1476307,5.478437827290461,4.667363329205301,1.692,-2.975363329205301,0,4,1.665,1.665
148,35760,35760,2955891363.8944235,1476316,1476317,5.719973931362359,2.976610600702003,3.36,0.3833893992979971,0,4,3.322,3.322
149,36000,36000,2955911363.315161,1476326,1476327,5.947820743435886,1.3816829161873159,5.048,-2.616868223366902,0,4,5.014,5.014
150,36240,36240,2955931362.7358994,1476336,1476337,6.194910758388945,5.935238118695487,0.499,0.8469471884840987,0,4,0.456,0.456
151,36480,36480,2955951362.156637,1476344,1476345,0.15467296548917575,4.234605518736771,2.262,-1.972605518736771,0,4,2.216,2.216
152,36720,36720,2955971361.577375,1476354,1476355,0.4018757592739403,2.5041859622434193,4.061,1.5568140377565811,0,4,4.01,4.01
153,36960,36960,2955991360.998113,1476364,1476365,0.6690211586427064,0.6341681666620573,5.896,-1.0213534738416428,0,4,5.839,5.839
154,37200,37200,2956011360.418851,1476374,1476375,0.9442765671726617,4.990565614131956,1.473,2.76561969304763,0,4,1.418,1.418
155,37440,37440,2956031359.8395886,1476384,1476385,1.2285321182191358,3.000776756806637,3.384,0.3832232431933629,0,4,3.315,3.315
156,37680,37680,2956051359.260327,1476394,1476395,1.5048795916040392,1.066344443112314,5.313,-2.0365297502919004,0,4,5.245,5.245
157,37920,37920,2956071358.6810646,1476404,1476405,1.7707304906787158,5.4885734567691635,0.997,1.7916118504104226,0,4,0.927,0.927
158,38160,38160,2956091358.1018023,1476414,1476415,2.06500659254559,3.4286407437010453,3.002,-0.42664074370104554,0,4,2.926,2.926
159,38400,38400,2956111357.5225406,1476424,1476425,2.3670383236310415,1.314418626102885,5.038,-2.559603933282471,0,4,4.96,4.96
160,38640,38640,2956131356.9432783,1476434,1476435,2.6568655459753767,5.568813376872125,0.831,1.5453719303074607,0,4,0.744,0.744
161,38880,38880,2956151356.364016,1476444,1476445,2.943953499461574,3.559197702468744,2.937,-0.622197702468744,0,4,2.846,2.846
162,39120,39120,2956171355.784754,1476454,1476455,3.2569564941923614,1.3681767393532311,5.076,-2.5753620465328178,0,4,4.982,4.982
163,39360,39360,2956191355.205492,1476464,1476465,3.5529278984732873,5.579562216566334,0.97,1.673623090613252,0,4,0.869,0.869
164,39600,39600,2956211354.62623,1476474,1476475,3.8653651072620487,3.392501755045007,3.183,-0.20950175504500734,0,4,3.073,3.073
165,39840,39840,2956231354.0469675,1476484,1476485,4.189584684164273,1.122964716729438,5.423,-1.9831500239090243,0,4,5.311,5.311
166,40080,40080,2956251353.4677057,1476494,1476495,4.501704986997129,5.221307904079033,1.415,2.476877403100553,0,4,1.301,1.301
167,40320,40320,2956271352.8884435,1476504,1476505,4.85451128504848,2.751663817719571,3.736,0.9843361822804297,0,4,3.607,3.607
168,40560,40560,2956291352.309181,1476514,1476515,5.1847982070204885,0.4396553639155165,6.079,-0.6438406710951021,0,4,5.948,5.948
169,40800,40800,2956311351.7299194,1476524,1476525,5.519257688159788,4.381624303120006,2.171,-2.210624303120006,0,4,2.04,2.04
170,41040,41040,2956331351.150657,1476534,1476535,5.854638744210215,2.0339569107670172,4.585,2.5510430892329827,0,4,4.45,4.45
171,41280,41280,2956351350.571395,1476544,1476545,6.207691575590949,5.845772398281461,0.753,1.190412908898125,0,4,0.61,0.61
172,41520,41520,2956371349.992133,1476554,1476555,0.2768189696473092,3.3795834896298373,3.237,-0.14258348962983725,0,4,3.087,3.087
173,41760,41760,2956391349.412871,1476564,1476565,0.6483294331770828,0.7790102449214222,5.754,-1.308195552101008,0,4,5.599,5.599
174,42000,42000,2956411348.8336086,1476574,1476575,0.9980650449193168,4.61404626990537,2.019,-2.59504626990537,0,4,1.862,1.862
175,42240,42240,2956431348.2543464,1476584,1476585,1.3587427820124225,2.08930211025363,4.605,2.51569788974637,0,4,4.442,4.442
176,42480,42480,2956451347.6750846,1476594,1476595,1.757071389701843,5.584187163607272,0.946,1.6449981435723142,0,4,0.773,0.773
177,42720,42720,2956471347.0958223,1476604,1476605,2.1446797393540575,2.870928716041771,3.602,0.731071283958229,0,4,3.422,3.422
178,42960,42960,2956491346.51656,1476614,1476615,2.5245595346312566,0.2117701491013797,0.006,-0.20577014910137947,0,4,6.105,6.105
179,43200,43200,2956511345.9372983,1476624,1476625,2.903425962076201,3.8428904641663557,2.727,-1.1158904641663558,0,4,2.538,2.538
180,43440,43440,2956531345.358036,1476634,1476635,3.292061377560092,1.1224425557791164,5.482,-1.9236278629587025,0,4,5.289,5.289
181,43680,43680,2956551344.778774,1476644,1476645,3.674540727768096,4.728272411502676,1.989,-2.739272411502676,0,4,1.791,1.791
182,43920,43920,2956571344.199512,1476654,1476655,4.066194893886529,1.986693248673646,4.812,2.8253067513263543,0,4,4.611,4.611
183,44160,44160,2956591343.6202497,1476664,1476665,4.475228401521937,5.4066440024053755,1.391,2.267541304774211,0,4,1.181,1.181
184,44400,44400,2956611343.0409875,1476674,1476675,4.903702496312331,2.407325338872621,4.289,1.881674661127379,0,4,4.069,4.069
185,44640,44640,2956631342.4617257,1476684,1476685,5.331673017084436,5.694717000647458,0.933,1.5214683065321282,0,4,0.708,0.708
186,44880,44880,2956651341.8824635,1476694,1476695,5.75299364616256,2.7454725971006013,3.897,1.151527402899399,0,4,3.664,3.664
187,45120,45120,2956671341.303201,1476704,1476705,6.17585537256288,6.068625819477937,0.608,0.8225594877016489,0,4,0.371,0.371
188,45360,45360,2956691340.723939,1476714,1476715,0.3206445931833248,3.0728041248777282,3.64,0.5671958751222719,0,4,3.395,3.395
189,45600,45600,2956711340.144677,1476724,1476725,0.7644621414891387,6.249266593916617,0.423,0.4569187132629695,0,4,0.171,0.171
190,45840,45840,2956731339.565415,1476734,1476735,1.2108435942762388,3.124596424406917,3.522,0.3974035755930827,0,4,3.264,3.264
191,46080,46080,2956751338.9861526,1476744,1476745,1.664888110325549,6.229470119241331,0.371,0.424715187938256,0,4,0.108,0.108
192,46320,46320,2956771338.406891,1476754,1476755,2.122000637037407,3.0296824322583245,3.537,0.5073175677416755,0,4,3.269,3.269
193,46560,46560,2956791337.8276286,1476764,1476765,2.5724684692960955,6.15959291362709,0.455,0.5785923935524959,0,4,0.181,0.181
194,46800,46800,2956811337.2483664,1476774,1476775,3.0244673928872756,2.9956004484888297,3.692,0.6963995515111705,0,4,3.41,3.41
195,47040,47040,2956831336.6691046,1476784,1476785,3.481070932106368,6.0825609811347725,0.68,0.8806243260448134,0,4,0.391,0.391
196,47280,47280,2956851336.0898423,1476794,1476795,3.949953250250689,2.8003847541245257,3.987,1.1866152458754744,0,4,3.689,3.689
197,47520,47520,2956871335.51058,1476804,1476805,4.421892488598316,5.77999539287072,1.039,1.5421899143088655,0,4,0.738,0.738
198,47760,47760,2956891334.931318,1476814,1476815,4.908152795062483,2.376173247621555,4.413,2.0368267523784453,0,4,4.104,4.104
199,48000,48000,2956911334.352056,1476824,1476825,5.3928791168673325,5.26627430216719,1.533,2.5499110050123956,0,4,1.221,1.221
200,48240,48240,2956931333.772794,1476834,1476835,5.87708660287026,1.8768219001466946,4.972,3.095178099853306,0,4,4.656,4.656
201,48480,48480,2956951333.1935315,1476842,1476843,0.08575180301918094,4.717053656026735,2.162,-2.555053656026735,0,4,1.841,1.841
202,48720,48720,2956971332.6142697,1476852,1476853,0.5847723419680064,1.223909883384957,5.67,-1.8370951905645434,0,4,5.344,5.344
203,48960,48960,2956991332.0350075,1476862,1476863,1.1035008569964186,3.875995585365658,2.935,-0.9409955853656577,0,4,2.598,2.598
204,49200,49200,2957011331.455745,1476872,1476873,1.6281049169893715,0.20376716541498752,0.232,0.02823283458501269,0,4,6.17,6.17
205,49440,49440,2957031330.8764834,1476882,1476883,2.1504261027112967,2.830704172541097,3.846,1.0152958274589032,0,4,3.492,3.492
206,49680,49680,2957051330.297221,1476892,1476893,2.661002160790577,5.53985707316572,1.208,1.9513282340138662,0,4,0.848,0.848
207,49920,49920,2957071329.717959,1476902,1476903,3.1700074950470336,1.976819733370526,4.888,2.911180266629474,0,4,4.522,4.522
208,50160,50160,2957091329.138697,1476912,1476913,3.68308795246886,4.668441838597328,2.316,-2.3524418385973282,0,4,1.947,1.947
209,50400,50400,2957111328.559435,1476922,1476923,4.229603248776123,0.8428347644464829,6.066,-1.0600200716260701,0,4,5.689,5.689
210,50640,50640,2957131327.9801726,1476932,1476933,4.783135778870304,3.2512923609668043,3.57,0.31870763903319554,0,4,3.182,3.182
211,50880,50880,2957151327.4009104,1476942,1476943,5.331065420041642,5.698970179947025,1.104,1.688215127232561,0,4,0.71,0.71
212,51120,51120,2957171326.8216486,1476952,1476953,5.865670009434043,1.9567380542002155,4.955,2.9982619457997846,0,4,4.554,4.554
213,51360,51360,2957191326.2423863,1476962,1476963,0.12851133523090585,4.4177369305446605,2.555,-1.8627369305446604,0,4,2.15,2.15
214,51600,51600,2957211325.663124,1476972,1476973,0.6988107571472124,0.42564097713051474,0.195,-0.2306409771305149,0,4,6.063,6.063
215,51840,51840,2957231325.0838623,1476982,1476983,1.2766327728203102,2.6640721745984166,4.154,1.4899278254015833,0,4,3.727,3.727
216,52080,52080,2957251324.5046,1476992,1476993,1.836850171283461,5.025735692535946,1.854,3.1114496146436403,0,4,1.425,1.425
217,52320,52320,2957271323.925338,1477002,1477003,2.4089430012263615,1.021085882935644,5.874,-1.4302711901152305,0,4,5.441,5.441
218,52560,52560,2957291323.346076,1477012,1477013,2.9816357351157587,3.2954220528894496,3.649,0.35357794711055046,0,4,3.208,3.208
219,52800,52800,2957311322.7668138,1477022,1477023,3.55920010311845,5.535656784050197,1.459,2.206528523129389,0,4,1.008,1.008
220,53040,53040,2957331322.1875515,1477032,1477033,4.129021530246804,1.5469067941517203,5.581,-2.249092101331306,0,4,5.127,5.127
221,53280,53280,2957351321.6082897,1477042,1477043,4.747311383522773,3.5020631283995165,3.459,-0.043063128399516426,0,4,2.996,2.996
222,53520,53520,2957371321.0290275,1477052,1477053,5.355904728818453,5.525095018509347,1.372,2.130090288670239,0,4,0.899,0.899
223,53760,53760,2957391320.449765,1477062,1477063,5.940335113563078,1.4340823252969699,5.597,-2.1202676324765557,0,4,5.12,5.12
224,54000,54000,2957411319.870503,1477072,1477073,0.26477319176198455,3.4639039348271097,3.577,0.11309606517289028,0,4,3.091,3.091
225,54240,54240,2957431319.291241,1477082,1477083,0.8802405336408923,5.438817848854342,1.592,2.436367458325245,0,4,1.097,1.097
226,54480,54480,2957451318.711979,1477092,1477093,1.4913785759101543,1.1608515529695076,5.918,-1.5260368601490937,0,4,5.42,5.42
227,54720,54720,2957471318.1327167,1477102,1477103,2.139690086641865,2.9058562850271183,4.002,1.0961437149728814,0,4,3.494,3.494
228,54960,54960,2957491317.553455,1477112,1477113,2.763106823806102,4.825124432057045,2.119,-2.706124432057045,0,4,1.603,1.603
229,55200,55200,2957511316.9741926,1477122,1477123,3.3837575737775234,0.48056918225709566,0.269,-0.21156918225709553,0,4,6.028,6.028
230,55440,55440,2957531316.3949304,1477132,1477133,4.014307108514963,2.3499077462746065,4.739,2.3890922537253934,0,4,4.205,4.205
231,55680,55680,2957551315.8156686,1477142,1477143,4.64355889379504,4.228330556493649,2.95,-1.278330556493649,0,4,2.416,2.416
232,55920,55920,2957571315.2364063,1477152,1477153,5.319036835311509,5.7831702730579515,1.207,1.7070150341216346,0,4,0.661,0.661
233,56160,56160,2957591314.657144,1477162,1477163,5.954140180730032,1.3374468551282916,5.776,-1.844632162307878,0,4,5.224,5.224
234,56400,56400,2957611314.0778823,1477172,1477173,0.3285213181856845,3.01766704986121,4.099,1.0813329501387905,0,4,3.537,3.537
235,56640,56640,2957631313.49862,1477182,1477183,0.982528889093078,4.7227993606890415,2.453,-2.2697993606890416,0,4,1.885,1.885
236,56880,56880,2957651312.919358,1477192,1477193,1.668947117700888,6.201057067613958,0.841,0.9231282395656288,0,4,0.266,0.266
237,57120,57120,2957671312.3400955,1477202,1477203,2.3487195054796173,1.442650353162854,5.551,-2.17483566034244,0,4,4.965,4.965
238,57360,57360,2957691311.7608337,1477212,1477213,3.0097850672837336,3.0983767277136245,4.008,0.9096232722863755,0,4,3.416,3.416
239,57600,57600,2957711311.1815715,1477222,1477223,3.671954943127982,4.746372903983474,2.498,-2.2483729039834737,0,4,1.9,1.9
240,57840,57840,2957731310.602309,1477232,1477233,4.3717916443180975,6.13070130283225,1.026,1.178484004347336,0,4,0.418,0.418
241,58080,58080,2957751310.0230474,1477242,1477243,5.057167245283823,1.3330720960721685,5.868,-1.7482574032517544,0,4,5.254,5.254
242,58320,58320,2957771309.443785,1477252,1477253,5.760623348020907,2.6920646840921734,4.462,1.7699353159078264,0,4,3.841,3.841
243,58560,58560,2957791308.864523,1477262,1477263,0.1691746966817916,4.133093400388461,3.091,-1.0420934003884605,0,4,2.462,2.462
244,58800,58800,2957811308.285261,1477272,1477273,0.8809903902333704,5.433568852706995,1.756,2.6056164544725915,0,4,1.117,1.117
245,59040,59040,2957831307.705999,1477282,1477283,1.5895270249772881,0.4738124094995708,0.45,-0.02381240949957064,0,4,6.09,6.09
246,59280,59280,2957851307.1267366,1477292,1477293,2.3238666561722927,1.6166202983141247,5.468,-2.431805605493711,0,4,4.813,4.813
247,59520,59520,2957871306.547475,1477302,1477303,3.0310110156357775,2.949795089249317,4.234,1.2842049107506828,0,4,3.571,3.571
248,59760,59760,2957891305.9682126,1477312,1477313,3.7392028732177667,4.27563739335498,3.031,-1.2446373933549801,0,4,2.363,2.363
249,60000,60000,2957911305.3889503,1477322,1477323,4.47968604096589,5.375440526297702,1.868,2.775744780881885,0,4,1.189,1.189
250,60240,60240,2957931304.809688,1477332,1477333,5.213161692018888,0.24111096892671569,0.732,0.4908890310732845,0,4,0.049,0.049
251,60480,60480,2957951304.2304263,1477340,1477341,5.953281629959554,1.343456710521636,5.919,-1.7076420177012226,0,4,5.227,5.227
252,60720,60720,2957971303.651164,1477350,1477351,0.41135171506465745,2.4378542717083995,4.858,2.4201457282916,0,4,4.155,4.155
253,60960,60960,2957991303.071902,1477360,1477361,1.1571652629713949,3.5003447435408237,3.826,0.32565525645917637,0,4,3.118,3.118
254,61200,61200,2958011302.49264,1477370,1477371,1.9314840639204232,4.363298444077213,2.833,-1.5302984440772125,0,4,2.115,2.115
255,61440,61440,2958031301.913378,1477380,1477381,2.687232246240519,5.356246475016128,1.87,2.796938832163458,0,4,1.146,1.146
256,61680,61680,2958051301.3341155,1477390,1477391,3.439827325094655,0.0880809230371753,0.944,0.8559190769628247,0,4,0.211,0.211
257,61920,61920,2958071300.7548537,1477400,1477401,4.1975046695722344,1.0675248188737037,0.051,-1.0165248188737035,0,4,5.594,5.594
258,62160,62160,2958091300.1755915,1477410,1477411,4.987570422778378,1.8202498536102816,5.478,-2.625435160789868,0,4,4.728,4.728
259,62400,62400,2958111299.596329,1477420,1477421,5.761637650750784,2.6849645649830336,4.653,1.968035435016966,0,4,3.896,3.896
260,62640,62640,2958131299.0170674,1477430,1477431,0.254051698851067,3.5389543852035326,3.86,0.3210456147964673,0,4,3.098,3.098
261,62880,62880,2958151298.437805,1477440,1477441,1.0436403651492425,4.29501902829589,3.1,-1.19501902829589,0,4,2.334,2.334
262,63120,63120,2958171297.858543,1477450,1477451,1.8607503792074453,4.858434237068057,2.373,-2.4854342370680564,0,4,1.604,1.604
263,63360,63360,2958191297.2792807,1477460,1477461,2.6512087191952474,5.608411164333027,1.675,2.3497741428465586,0,4,0.909,0.909
264,63600,63600,2958211296.700019,1477470,1477471,3.4425280057673087,0.0691761583285988,1.014,0.9448238416714014,0,4,0.247,0.247
265,63840,63840,2958231296.1207566,1477480,1477481,4.239596939043797,0.7728789325727661,0.384,-0.3888789325727662,0,4,5.903,5.903
266,64080,64080,2958251295.5414944,1477490,1477491,5.064474212612266,1.2819233247730715,6.075,-1.4901086319526575,0,4,5.31,5.31
267,64320,64320,2958271294.9622326,1477500,1477501,5.8794725253650535,1.8601204426831401,5.515,-2.6283057498627267,0,4,4.752,4.752
268,64560,64560,2958291294.3829703,1477510,1477511,0.4181011686579805,2.390608096555138,4.991,2.600391903444862,0,4,4.227,4.227
269,64800,64800,2958311293.803708,1477520,1477521,1.2492900778934153,2.85547103908668,4.501,1.6455289609133201,0,4,3.737,3.737
270,65040,65040,2958331293.2244463,1477530,1477531,2.093059320278266,3.232271649572313,4.044,0.8117283504276864,0,4,3.28,3.28
271,65280,65280,2958351292.645184,1477540,1477541,2.9254053936983957,3.689034442810989,3.624,-0.06503444281098902,0,4,2.858,2.858
272,65520,65520,2958371292.065922,1477550,1477551,3.7500797646486883,4.199499153338529,3.237,-0.9624991533385288,0,4,2.471,2.471
273,65760,65760,2958391291.4866595,1477560,1477561,4.600463598362095,4.529997624524267,2.885,-1.644997624524267,0,4,2.117,2.117
274,66000,66000,2958411290.9073977,1477570,1477571,5.4619516878054055,4.782766305600674,2.566,-2.2167663056006743,0,4,1.797,1.797
275,66240,66240,2958431290.3281355,1477580,1477581,0.02815313396287429,5.120244339420881,2.281,-2.839244339420881,0,4,1.512,1.512
276,66480,66480,2958451289.748873,1477589,1477590,0.8938868118654522,5.343293901282423,2.031,2.970891405897163,0,4,1.261,1.261
277,66720,66720,2958471289.1696115,1477599,1477600,1.773484739744709,5.469293713307211,1.814,2.6278915938723753,0,4,1.044,1.044
278,66960,66960,2958491288.590349,1477609,1477610,2.641626774668001,5.675484776023755,1.632,2.2397005311558313,0,4,0.861,0.861
279,67200,67200,2958511288.011087,1477619,1477620,3.5046436657911495,5.9175518453413005,1.485,1.850633461838286,0,4,0.712,0.712
280,67440,67440,2958531287.431825,1477629,1477630,4.382054374736664,6.058862189902285,1.371,1.5953231172773013,0,4,0.598,0.598
281,67680,67680,2958551286.852563,1477639,1477640,5.273861861307555,6.099395091085629,1.291,1.4747902160939574,0,4,0.518,0.518
282,67920,67920,2958571286.2733006,1477649,1477650,6.1604775617862755,6.176270494914171,1.246,1.352914812265416,0,4,0.471,0.471
283,68160,68160,2958591285.694039,1477659,1477660,0.7741053538319966,6.181764107516612,1.235,1.3364211996629747,0,4,0.46,0.46
284,68400,68400,2958611285.1147766,1477669,1477670,1.6855582664157045,6.084779026610242,1.258,1.456406280569344,0,4,0.482,0.482
285,68640,68640,2958631284.5355144,1477679,1477680,2.594538402288038,6.005103382683494,1.315,1.5930819244960919,0,4,0.538,0.538
286,68880,68880,2958651283.956252,1477689,1477690,3.4897614276776463,6.021727512135822,1.407,1.6684577950437642,0,4,0.629,0.629
287,69120,69120,2958671283.3769903,1477699,1477700,4.402750533978834,5.913989075207095,1.532,1.9011962319724915,0,4,0.754,0.754
288,69360,69360,2958691282.797728,1477709,1477710,5.331080479029612,5.698864767031239,1.692,2.2763205401483475,0,4,0.913,0.913
289,69600,69600,2958711282.218466,1477719,1477720,6.252677161893552,5.530873294163236,1.886,2.6383120130163507,0,4,1.106,1.106
290,69840,69840,2958731281.639204,1477729,1477730,0.8996927363166854,5.30265243012379,2.115,3.0955328770557964,0,4,1.333,1.333
291,70080,70080,2958751281.059942,1477739,1477740,1.8491984198354037,4.939297952672348,2.378,-2.561297952672348,0,4,1.594,1.594
292,70320,70320,2958771280.4806795,1477749,1477750,2.7839648963147208,4.679117924496715,2.674,-2.0051179244967154,0,4,1.89,1.89
293,70560,70560,2958791279.9014177,1477759,1477760,3.7104617514360165,4.476825245827232,3.005,-1.4718252458272323,0,4,2.22,2.22
294,70800,70800,2958811279.3221555,1477769,1477770,4.661172915306305,4.105032405914795,3.37,-0.7350324059147946,0,4,2.584,2.584
295,71040,71040,2958831278.742893,1477779,1477780,5.624185710590081,3.64712814610796,3.768,0.12087185389203992,0,4,2.982,2.982
296,71280,71280,2958851278.1636314,1477789,1477790,0.2951336625340455,3.251380639422683,4.202,0.950619360577317,0,4,3.414,3.414
297,71520,71520,2958871277.584369,1477799,1477800,1.2649050736716485,2.7461660686390488,4.67,1.9238339313609512,0,4,3.881,3.881
298,71760,71760,2958891277.005107,1477809,1477810,2.2475313643927195,2.150967340771137,5.171,3.020032659228863,0,4,4.382,4.382
299,72000,72000,2958911276.4258447,1477819,1477820,3.2040828110504163,1.738292521346846,5.706,-2.315477828526432,0,4,4.917,4.917
300,72240,72240,2958931275.846583,1477829,1477830,4.172604766713515,1.2418241388847449,6.277,-1.24800944606433,0,4,5.486,5.486
301,72480,72480,2958951275.2673206,1477838,1477839,5.168999984296928,0.5502429229804413,0.598,0.04775707701955856,0,4,6.089,6.089
302,72720,72720,2958971274.6880584,1477847,1477848,6.150472734610791,6.246304285142564,1.236,1.272881022037022,0,4,0.443,0.443
303,72960,72960,2958991274.1087966,1477857,1477858,0.8640495882462548,5.552154466616805,1.909,2.6400308405627815,0,4,1.115,1.115
304,73200,73200,2959011273.5295343,1477867,1477868,1.8782858831460656,4.735685709497716,2.617,-2.118685709497716,0,4,1.821,1.821
305,73440,73440,2959031272.950272,1477877,1477878,2.87564931374577,4.037327002479369,3.356,-0.6813270024793692,0,4,2.56,2.56
306,73680,73680,2959051272.3710103,1477887,1477888,3.8662645719816933,3.3862055020074955,4.132,0.7457944979925042,0,4,3.335,3.335
307,73920,73920,2959071271.791748,1477897,1477898,4.888172605893758,2.5160345718026242,4.941,2.4249654281973756,0,4,4.143,4.143
308,74160,74160,2959091271.212486,1477907,1477908,5.903641158900136,1.69094000793757,5.784,-2.1901253151171565,0,4,4.985,4.985
309,74400,74400,2959111270.633224,1477917,1477918,0.6334659340468445,0.8830547388330903,0.378,-0.5050547388330902,0,4,5.862,5.862
310,74640,74640,2959131270.0539618,1477927,1477928,1.6808302194533429,6.117875355346774,1.291,1.4563099518328126,0,4,0.49,0.49
311,74880,74880,2959151269.4746995,1477937,1477938,2.7153192649174813,5.159637344277392,2.237,-2.9226373442773923,0,4,1.435,1.435
312,75120,75120,2959171268.8954372,1477947,1477948,3.733851878987168,4.31309435296917,3.217,-1.0960943529691698,0,4,2.414,2.414
313,75360,75360,2959191268.3161755,1477957,1477958,4.779376933112129,3.2776042812740336,4.232,0.9543957187259666,0,4,3.427,3.427
314,75600,75600,2959211267.736913,1477967,1477968,5.831982748066866,2.1925488837704563,5.28,3.087451116229544,0,4,4.475,4.475
315,75840,75840,2959231267.157651,1477977,1477978,0.5888072115483559,1.1956657963225101,0.079,-1.1166657963225104,0,4,5.556,5.556
316,76080,76080,2959251266.578389,1477987,1477988,1.6597870954389704,6.265177223447381,1.197,1.2150080837322053,0,4,0.389,0.389
317,76320,76320,2959271265.999127,1477997,1477998,2.7298523811367663,5.057905530742396,2.349,-2.7089055307423955,0,4,1.539,1.539
318,76560,76560,2959291265.4198647,1478007,1478008,3.775995650009876,4.018087955810213,3.534,-0.4840879558102129,0,4,2.724,2.724
319,76800,76800,2959311264.840603,1478017,1478018,4.85494967798315,2.7485950671768826,4.755,2.0064049328231173,0,4,3.942,3.942
320,77040,77040,2959331264.2613406,1478027,1478028,5.931175719153854,1.498198086161537,6.007,-1.7743833933411235,0,4,5.195,5.195
321,77280,77280,2959351263.6820784,1478037,1478038,0.7211507585189436,0.2692609675283961,1.012,0.7427390324716039,0,4,0.198,0.198
322,77520,77520,2959371263.1028166,1478047,1478048,1.827713805968451,5.089690249741016,2.335,-2.7546902497410164,0,4,1.519,1.519
323,77760,77760,2959391262.5235543,1478057,1478058,2.9116148901498557,3.7855679676507705,3.69,-0.09556796765077058,0,4,2.874,2.874
324,78000,78000,2959411261.944292,1478067,1478068,3.998823969253121,2.458289721107498,5.081,2.6227102788925025,0,4,4.264,4.264
325,78240,78240,2959431261.36503,1478077,1478078,5.106640356153667,0.9867603199832651,0.222,-0.7647603199832651,0,4,5.687,5.687
326,78480,78480,2959451260.785768,1478087,1478088,6.206156628864386,5.856517025367403,1.68,2.1066682818121834,0,4,0.861,0.861
327,78720,78720,2959471260.206506,1478097,1478098,1.0320065369925588,4.376455825392676,3.174,-1.202455825392676,1,4,2.353,2.353
328,78960,78960,2959491259.6272435,1478107,1478108,2.164952961342165,2.729016162125019,4.701,1.9719838378749808,1,4,3.879,3.879
329,79200,79200,2959511259.0479817,1478117,1478118,3.2739034913232508,1.2495477594370037,6.262,-1.2707330666165895,1,4,5.44,5.44
330,79440,79440,2959531258.4687195,1478127,1478128,4.39087603091326,5.997110596666115,1.575,1.8610747105134715,1,4,0.751,0.751
331,79680,79680,2959551257.889457,1478137,1478138,5.5307774215613,4.300986169309411,3.205,-1.0959861693094108,1,4,2.379,2.379
332,79920,79920,2959571257.3101954,1478147,1478148,0.374213293691726,2.6978232213189197,4.868,2.17017677868108,1,4,4.042,4.042
333,80160,80160,2959591256.730933,1478157,1478158,1.5224945960503014,0.9430394119884777,0.283,-0.6600394119884778,1,4,5.739,5.739
334,80400,80400,2959611256.151671,1478167,1478168,2.6720499756918024,5.462522368857144,2.015,2.835662938322443,1,4,1.187,1.187
335,80640,80640,2959631255.5724087,1478177,1478178,3.8019217378985672,3.836605340589376,3.782,-0.05460534058937583,1,4,2.952,2.952
336,80880,80880,2959651254.993147,1478187,1478188,4.970526244970227,1.939559098267349,5.582,-2.6407444054469353,1,4,4.751,4.751
337,81120,81120,2959671254.4138846,1478197,1478198,6.125134575868206,0.1404860891610724,1.133,0.9925139108389276,1,4,0.302,0.302
338,81360,81360,2959691253.8346224,1478207,1478208,1.003586933548173,4.5753930495033766,3.003,-1.5723930495033764,1,4,2.17,2.17
339,81600,81600,2959711253.2553606,1478217,1478218,2.1935306552387375,2.5289723048490114,4.906,2.3770276951509883,1,4,4.072,4.072
340,81840,81840,2959731252.6760983,1478227,1478228,3.3476923481547365,0.7330257616166058,0.56,-0.17302576161660577,1,4,6.008,6.008
341,82080,82080,2959751252.096836,1478237,1478238,4.522043459719268,5.078938595024056,2.532,-2.5469385950240557,1,4,1.695,1.695
342,82320,82320,2959771251.5175743,1478247,1478248,5.713466989355313,3.0221591947513247,4.538,1.5158408052486756,1,4,3.699,3.699
343,82560,82560,2959791250.938312,1478257,1478258,0.6116137880128212,1.0360197610712536,0.294,-0.7420197610712536,1,4,5.738,5.738
344,82800,82800,2959811250.35905,1478267,1478268,1.8238689247208164,5.116604418474459,2.368,-2.7486044184744594,1,4,1.528,1.528
345,83040,83040,2959831249.779788,1478277,1478278,3.0148520023847163,3.0629081820067476,4.476,1.4130918179932523,1,4,3.635,3.635
346,83280,83280,2959851249.2005258,1478287,1478288,4.203685088589215,1.0242618857548393,0.335,-0.6892618857548394,1,4,5.776,5.776
347,83520,83520,2959871248.6212635,1478297,1478298,5.424697933111714,5.043542588456518,2.512,-2.5315425884565177,1,4,1.668,1.668
348,83760,83760,2959891248.0420012,1478307,1478308,0.3436756399160739,2.9115867977484844,4.723,1.811413202251515,1,4,3.878,3.878
349,84000,84000,2959911247.4627395,1478317,1478318,1.5785163650974434,0.550887028658483,0.69,0.1391129713415169,1,6,6.23,6.119
350,84240,84240,2959931246.883477,1478327,1478328,2.86700306828373,4.097850720713648,3.116,-0.981850720713648,1,6,2.631,2.086
351,84480,84480,2959951246.304215,1478335,1478336,4.182272863115554,1.1741474640704652,5.848,-1.6093327712500516,0,6,5.742,4.335
352,84720,84720,2959971245.724953,1478345,1478346,5.612997216087465,3.725447607626265,3.124,-0.6014476076262647,0,7,3.124,0.301
353,84960,84960,2959991245.145691,1478355,1478356,0.8092009774843075,5.936094741950435,0.991,1.3380905652291508,0,7,0.991,2.551
354,85200,85200,2960011244.5664287,1478365,1478366,2.383897796595022,1.1964023153550194,5.698,-1.7815876225346052,0,7,5.698,4.8
355,85440,85440,2960031243.987167,1478375,1478376,3.981823589404437,2.577292380048288,4.619,2.041707619951712,0,7,4.619,0.766
356,85680,85680,2960051243.4079046,1478385,1478386,5.636720391774595,3.559385377816355,3.935,0.37561462218364516,0,7,3.935,3.016
357,85920,85920,2960071242.8286424,1478395,1478396,0.970523697751264,4.80683570008174,3.222,-1.5848357000817397,1,7,3.222,5.265
358,86160,86160,2960091242.2493806,1478405,1478406,2.669031648066703,5.48365066223284,2.497,-2.98665066223284,1,7,2.497,1.231
359,86400,86400,2960111241.6701183,1478415,1478416,4.353509894603784,6.2586735508324445,1.906,1.9305117563471414,1,7,1.906,3.48
360,86640,86640,2960131241.090856,1478425,1478426,6.063189119985556,0.5741042803396255,1.398,0.8238957196603742,1,7,1.398,5.73
361,86880,86880,2960151240.511594,1478435,1478436,1.4497235539069988,1.4524367069915964,0.772,-0.6804367069915962,1,7,0.772,1.696
