source,line_sequence,host_time_ns,host_time_s,raw_line
dengfoc,1,308149857951100,0.001378300,ilures=0
dengfoc,2,308149861748500,0.005175700,"SYNC_TRUTH,sequence=4051,truth_tick_us=16416584,mechanical_angle_rad=6.165069103,valid=1,read_failures=0"
dengfoc,3,308149865879200,0.009306400,"SYNC_TRUTH,sequence=4052,truth_tick_us=16420584,mechanical_angle_rad=6.165069103,valid=1,read_failures=0"
dengfoc,4,308149869771300,0.013198500,"SYNC_TRUTH,sequence=4053,truth_tick_us=16424584,mechanical_angle_rad=6.165069103,valid=1,read_failures=0"
dengfoc,5,308149873838000,0.017265200,"SYNC_TRUTH,sequence=4054,truth_tick_us=16428584,mechanical_angle_rad=6.165069103,valid=1,read_failures=0"
dengfoc,6,308149877975600,0.021402800,"SYNC_TRUTH,sequence=4055,truth_tick_us=16432584,mechanical_angle_rad=6.165069103,valid=1,read_failures=0"
dengfoc,7,308149881867500,0.025294700,"SYNC_TRUTH,sequence=4056,truth_tick_us=16436584,mechanical_angle_rad=6.165069103,valid=1,read_failures=0"
dengfoc,8,308149885899000,0.029326200,"SYNC_TRUTH,sequence=4057,truth_tick_us=16440584,mechanical_angle_rad=6.165069103,valid=1,read_failures=0"
dengfoc,9,308149889805300,0.033232500,"SYNC_TRUTH,sequence=4058,truth_tick_us=16444584,mechanical_angle_rad=6.165069103,valid=1,read_failures=0"
dengfoc,10,308149893852400,0.037279600,"SYNC_TRUTH,sequence=4059,truth_tick_us=16448584,mechanical_angle_rad=6.165069103,valid=1,read_failures=0"
dengfoc,11,308149897824100,0.041251300,"SYNC_TRUTH,sequence=4060,truth_tick_us=16452584,mechanical_angle_rad=6.165069103,valid=1,read_failures=0"
dengfoc,12,308149901933800,0.045361000,"SYNC_TRUTH,sequence=4061,truth_tick_us=16456584,mechanical_angle_rad=6.165069103,valid=1,read_failures=0"
dengfoc,13,308149905793900,0.049221100,"SYNC_TRUTH,sequence=4062,truth_tick_us=16460584,mechanical_angle_rad=6.165069103,valid=1,read_failures=0"
dengfoc,14,308149909812200,0.053239400,"SYNC_TRUTH,sequence=4063,truth_tick_us=16464584,mechanical_angle_rad=6.165069103,valid=1,read_failures=0"
dengfoc,15,308149913782400,0.057209600,"SYNC_TRUTH,sequence=4064,truth_tick_us=16468584,mechanical_angle_rad=6.165069103,valid=1,read_failures=0"
dengfoc,16,308149917877300,0.061304500,"SYNC_TRUTH,sequence=4065,truth_tick_us=16472584,mechanical_angle_rad=6.165069103,valid=1,read_failures=0"
dengfoc,17,308149921900700,0.065327900,"SYNC_TRUTH,sequence=4066,truth_tick_us=16476584,mechanical_angle_rad=6.165069103,valid=1,read_failures=0"
dengfoc,18,308149925855100,0.069282300,"SYNC_TRUTH,sequence=4067,truth_tick_us=16480584,mechanical_angle_rad=6.165069103,valid=1,read_failures=0"
dengfoc,19,308149929906200,0.073333400,"SYNC_TRUTH,sequence=4068,truth_tick_us=16484584,mechanical_angle_rad=6.165069103,valid=1,read_failures=0"
dengfoc,20,308149933875000,0.077302200,"SYNC_TRUTH,sequence=4069,truth_tick_us=16488584,mechanical_angle_rad=6.165069103,valid=1,read_failures=0"
dengfoc,21,308149937880300,0.081307500,"SYNC_TRUTH,sequence=4070,truth_tick_us=16492584,mechanical_angle_rad=6.165069103,valid=1,read_failures=0"
dengfoc,22,308149941795300,0.085222500,"SYNC_TRUTH,sequence=4071,truth_tick_us=16496584,mechanical_angle_rad=6.165069103,valid=1,read_failures=0"
dengfoc,23,308149945847900,0.089275100,"SYNC_TRUTH,sequence=4072,truth_tick_us=16500584,mechanical_angle_rad=6.165069103,valid=1,read_failures=0"
dengfoc,24,308149949832500,0.093259700,"SYNC_TRUTH,sequence=4073,truth_tick_us=16504584,mechanical_angle_rad=6.165069103,valid=1,read_failures=0"
dengfoc,25,308149953862500,0.097289700,"SYNC_TRUTH,sequence=4074,truth_tick_us=16508584,mechanical_angle_rad=6.165069103,valid=1,read_failures=0"
dengfoc,26,308149957729100,0.101156300,"SYNC_TRUTH,sequence=4075,truth_tick_us=16512584,mechanical_angle_rad=6.165069103,valid=1,read_failures=0"
dengfoc,27,308149961829000,0.105256200,"SYNC_TRUTH,sequence=4076,truth_tick_us=16516584,mechanical_angle_rad=6.165069103,valid=1,read_failures=0"
dengfoc,28,308149965971800,0.109399000,"SYNC_TRUTH,sequence=4077,truth_tick_us=16520584,mechanical_angle_rad=6.165069103,valid=1,read_failures=0"
dengfoc,29,308149969840100,0.113267300,"SYNC_TRUTH,sequence=4078,truth_tick_us=16524584,mechanical_angle_rad=6.165069103,valid=1,read_failures=0"
dengfoc,30,308149973897000,0.117324200,"SYNC_TRUTH,sequence=4079,truth_tick_us=16528584,mechanical_angle_rad=6.165069103,valid=1,read_failures=0"
dengfoc,31,308149977817600,0.121244800,"SYNC_TRUTH,sequence=4080,truth_tick_us=16532584,mechanical_angle_rad=6.165069103,valid=1,read_failures=0"
dengfoc,32,308149981916000,0.125343200,"SYNC_TRUTH,sequence=4081,truth_tick_us=16536584,mechanical_angle_rad=6.165069103,valid=1,read_failures=0"
dengfoc,33,308149985782400,0.129209600,"SYNC_TRUTH,sequence=4082,truth_tick_us=16540584,mechanical_angle_rad=6.165069103,valid=1,read_failures=0"
dengfoc,34,308149989878700,0.133305900,"SYNC_TRUTH,sequence=4083,truth_tick_us=16544584,mechanical_angle_rad=6.165069103,valid=1,read_failures=0"
dengfoc,35,308149993738400,0.137165600,"SYNC_TRUTH,sequence=4084,truth_tick_us=16548584,mechanical_angle_rad=6.165069103,valid=1,read_failures=0"
dengfoc,36,308149997865000,0.141292200,"SYNC_TRUTH,sequence=4085,truth_tick_us=16552584,mechanical_angle_rad=6.165069103,valid=1,read_failures=0"
dengfoc,37,308150001755300,0.145182500,"SYNC_TRUTH,sequence=4086,truth_tick_us=16556584,mechanical_angle_rad=6.165069103,valid=1,read_failures=0"
dengfoc,38,308150005790200,0.149217400,"SYNC_TRUTH,sequence=4087,truth_tick_us=16560584,mechanical_angle_rad=6.165069103,valid=1,read_failures=0"
dengfoc,39,308150009983600,0.153410800,"SYNC_TRUTH,sequence=4088,truth_tick_us=16564584,mechanical_angle_rad=6.165069103,valid=1,read_failures=0"
dengfoc,40,308150013779400,0.157206600,"SYNC_TRUTH,sequence=4089,truth_tick_us=16568584,mechanical_angle_rad=6.165069103,valid=1,read_failures=0"
dengfoc,41,308150017884300,0.161311500,"SYNC_TRUTH,sequence=4090,truth_tick_us=16572584,mechanical_angle_rad=6.165069103,valid=1,read_failures=0"
dengfoc,42,308150021830400,0.165257600,"SYNC_TRUTH,sequence=4091,truth_tick_us=16576584,mechanical_angle_rad=6.165069103,valid=1,read_failures=0"
dengfoc,43,308150025936100,0.169363300,"SYNC_TRUTH,sequence=4092,truth_tick_us=16580584,mechanical_angle_rad=6.165069103,valid=1,read_failures=0"
dengfoc,44,308150029762000,0.173189200,"SYNC_TRUTH,sequence=4093,truth_tick_us=16584584,mechanical_angle_rad=6.165069103,valid=1,read_failures=0"
dengfoc,45,308150033907300,0.177334500,"SYNC_TRUTH,sequence=4094,truth_tick_us=16588584,mechanical_angle_rad=6.165069103,valid=1,read_failures=0"
dengfoc,46,308150037776900,0.181204100,"SYNC_TRUTH,sequence=4095,truth_tick_us=16592584,mechanical_angle_rad=6.165069103,valid=1,read_failures=0"
dengfoc,47,308150041818100,0.185245300,"SYNC_TRUTH,sequence=4096,truth_tick_us=16596584,mechanical_angle_rad=6.165069103,valid=1,read_failures=0"
dengfoc,48,308150045950000,0.189377200,"SYNC_TRUTH,sequence=4097,truth_tick_us=16600584,mechanical_angle_rad=6.165069103,valid=1,read_failures=0"
dengfoc,49,308150049868700,0.193295900,"SYNC_TRUTH,sequence=4098,truth_tick_us=16604584,mechanical_angle_rad=6.165069103,valid=1,read_failures=0"
dengfoc,50,308150053960500,0.197387700,"SYNC_TRUTH,sequence=4099,truth_tick_us=16608584,mechanical_angle_rad=6.165069103,valid=1,read_failures=0"
dengfoc,51,308150057864900,0.201292100,"SYNC_TRUTH,sequence=4100,truth_tick_us=16612584,mechanical_angle_rad=6.165069103,valid=1,read_failures=0"
dengfoc,52,308150061894000,0.205321200,"SYNC_TRUTH,sequence=4101,truth_tick_us=16616584,mechanical_angle_rad=6.165069103,valid=1,read_failures=0"
dengfoc,53,308150065841300,0.209268500,"SYNC_TRUTH,sequence=4102,truth_tick_us=16620584,mechanical_angle_rad=6.165069103,valid=1,read_failures=0"
dengfoc,54,308150069890100,0.213317300,"SYNC_TRUTH,sequence=4103,truth_tick_us=16624584,mechanical_angle_rad=6.165069103,valid=1,read_failures=0"
dengfoc,55,308150073780800,0.217208000,"SYNC_TRUTH,sequence=4104,truth_tick_us=16628584,mechanical_angle_rad=6.165069103,valid=1,read_failures=0"
dengfoc,56,308150077925300,0.221352500,"SYNC_TRUTH,sequence=4105,truth_tick_us=16632584,mechanical_angle_rad=6.165069103,valid=1,read_failures=0"
dengfoc,57,308150081776800,0.225204000,"SYNC_TRUTH,sequence=4106,truth_tick_us=16636584,mechanical_angle_rad=6.165069103,valid=1,read_failures=0"
dengfoc,58,308150085902600,0.229329800,"SYNC_TRUTH,sequence=4107,truth_tick_us=16640584,mechanical_angle_rad=6.165069103,valid=1,read_failures=0"
dengfoc,59,308150089946600,0.233373800,"SYNC_TRUTH,sequence=4108,truth_tick_us=16644584,mechanical_angle_rad=6.165069103,valid=1,read_failures=0"
dengfoc,60,308150093816000,0.237243200,"SYNC_TRUTH,sequence=4109,truth_tick_us=16648584,mechanical_angle_rad=6.165069103,valid=1,read_failures=0"
dengfoc,61,308150097890400,0.241317600,"SYNC_TRUTH,sequence=4110,truth_tick_us=16652584,mechanical_angle_rad=6.165069103,valid=1,read_failures=0"
dengfoc,62,308150101782400,0.245209600,"SYNC_TRUTH,sequence=4111,truth_tick_us=16656584,mechanical_angle_rad=6.165069103,valid=1,read_failures=0"
dengfoc,63,308150105932300,0.249359500,"SYNC_TRUTH,sequence=4112,truth_tick_us=16660584,mechanical_angle_rad=6.165069103,valid=1,read_failures=0"
dengfoc,64,308150109825800,0.253253000,"SYNC_TRUTH,sequence=4113,truth_tick_us=16664584,mechanical_angle_rad=6.165069103,valid=1,read_failures=0"
dengfoc,65,308150113880200,0.257307400,"SYNC_TRUTH,sequence=4114,truth_tick_us=16668584,mechanical_angle_rad=6.165069103,valid=1,read_failures=0"
dengfoc,66,308150117727800,0.261155000,"SYNC_TRUTH,sequence=4115,truth_tick_us=16672584,mechanical_angle_rad=6.165069103,valid=1,read_failures=0"
dengfoc,67,308150121808100,0.265235300,"SYNC_TRUTH,sequence=4116,truth_tick_us=16676584,mechanical_angle_rad=6.165069103,valid=1,read_failures=0"
dengfoc,68,308150125944600,0.269371800,"SYNC_TRUTH,sequence=4117,truth_tick_us=16680584,mechanical_angle_rad=6.165069103,valid=1,read_failures=0"
dengfoc,69,308150129813400,0.273240600,"SYNC_TRUTH,sequence=4118,truth_tick_us=16684584,mechanical_angle_rad=6.165069103,valid=1,read_failures=0"
dengfoc,70,308150133900700,0.277327900,"SYNC_TRUTH,sequence=4119,truth_tick_us=16688584,mechanical_angle_rad=6.165069103,valid=1,read_failures=0"
dengfoc,71,308150137843500,0.281270700,"SYNC_TRUTH,sequence=4120,truth_tick_us=16692584,mechanical_angle_rad=6.165069103,valid=1,read_failures=0"
dengfoc,72,308150141939700,0.285366900,"SYNC_TRUTH,sequence=4121,truth_tick_us=16696584,mechanical_angle_rad=6.165069103,valid=1,read_failures=0"
dengfoc,73,308150145789800,0.289217000,"SYNC_TRUTH,sequence=4122,truth_tick_us=16700584,mechanical_angle_rad=6.165069103,valid=1,read_failures=0"
dengfoc,74,308150149829400,0.293256600,"SYNC_TRUTH,sequence=4123,truth_tick_us=16704584,mechanical_angle_rad=6.165069103,valid=1,read_failures=0"
dengfoc,75,308150153755500,0.297182700,"SYNC_TRUTH,sequence=4124,truth_tick_us=16708584,mechanical_angle_rad=6.165069103,valid=1,read_failures=0"
dengfoc,76,308150157850900,0.301278100,"SYNC_TRUTH,sequence=4125,truth_tick_us=16712584,mechanical_angle_rad=6.165069103,valid=1,read_failures=0"
dengfoc,77,308150161865000,0.305292200,"SYNC_TRUTH,sequence=4126,truth_tick_us=16716584,mechanical_angle_rad=6.165069103,valid=1,read_failures=0"
dengfoc,78,308150165866800,0.309294000,"SYNC_TRUTH,sequence=4127,truth_tick_us=16720584,mechanical_angle_rad=6.165069103,valid=1,read_failures=0"
dengfoc,79,308150169920500,0.313347700,"SYNC_TRUTH,sequence=4128,truth_tick_us=16724584,mechanical_angle_rad=6.165069103,valid=1,read_failures=0"
dengfoc,80,308150173820200,0.317247400,"SYNC_TRUTH,sequence=4129,truth_tick_us=16728584,mechanical_angle_rad=6.165069103,valid=1,read_failures=0"
dengfoc,81,308150177895800,0.321323000,"SYNC_TRUTH,sequence=4130,truth_tick_us=16732584,mechanical_angle_rad=6.165069103,valid=1,read_failures=0"
dengfoc,82,308150181974200,0.325401400,"SYNC_TRUTH,sequence=4131,truth_tick_us=16736584,mechanical_angle_rad=6.165069103,valid=1,read_failures=0"
dengfoc,83,308150185901600,0.329328800,"SYNC_TRUTH,sequence=4132,truth_tick_us=16740584,mechanical_angle_rad=6.165069103,valid=1,read_failures=0"
dengfoc,84,308150189769600,0.333196800,"SYNC_TRUTH,sequence=4133,truth_tick_us=16744584,mechanical_angle_rad=6.165069103,valid=1,read_failures=0"
dengfoc,85,308150193841600,0.337268800,"SYNC_TRUTH,sequence=4134,truth_tick_us=16748584,mechanical_angle_rad=6.165069103,valid=1,read_failures=0"
dengfoc,86,308150197904900,0.341332100,"SYNC_TRUTH,sequence=4135,truth_tick_us=16752584,mechanical_angle_rad=6.165069103,valid=1,read_failures=0"
dengfoc,87,308150201817800,0.345245000,"SYNC_TRUTH,sequence=4136,truth_tick_us=16756584,mechanical_angle_rad=6.165069103,valid=1,read_failures=0"
dengfoc,88,308150205918200,0.349345400,"SYNC_TRUTH,sequence=4137,truth_tick_us=16760584,mechanical_angle_rad=6.165069103,valid=1,read_failures=0"
dengfoc,89,308150209779300,0.353206500,"SYNC_TRUTH,sequence=4138,truth_tick_us=16764584,mechanical_angle_rad=6.165069103,valid=1,read_failures=0"
dengfoc,90,308150213927600,0.357354800,"SYNC_TRUTH,sequence=4139,truth_tick_us=16768584,mechanical_angle_rad=6.165069103,valid=1,read_failures=0"
dengfoc,91,308150217799500,0.361226700,"SYNC_TRUTH,sequence=4140,truth_tick_us=16772584,mechanical_angle_rad=6.165069103,valid=1,read_failures=0"
dengfoc,92,308150221854500,0.365281700,"SYNC_TRUTH,sequence=4141,truth_tick_us=16776584,mechanical_angle_rad=6.165069103,valid=1,read_failures=0"
dengfoc,93,308150225810100,0.369237300,"SYNC_TRUTH,sequence=4142,truth_tick_us=16780584,mechanical_angle_rad=6.165069103,valid=1,read_failures=0"
dengfoc,94,308150229859300,0.373286500,"SYNC_TRUTH,sequence=4143,truth_tick_us=16784584,mechanical_angle_rad=6.165069103,valid=1,read_failures=0"
dengfoc,95,308150233742600,0.377169800,"SYNC_TRUTH,sequence=4144,truth_tick_us=16788584,mechanical_angle_rad=6.165069103,valid=1,read_failures=0"
dengfoc,96,308150237846900,0.381274100,"SYNC_TRUTH,sequence=4145,truth_tick_us=16792584,mechanical_angle_rad=6.165069103,valid=1,read_failures=0"
dengfoc,97,308150241942200,0.385369400,"SYNC_TRUTH,sequence=4146,truth_tick_us=16796584,mechanical_angle_rad=6.165069103,valid=1,read_failures=0"
dengfoc,98,308150245804400,0.389231600,"SYNC_TRUTH,sequence=4147,truth_tick_us=16800584,mechanical_angle_rad=6.165069103,valid=1,read_failures=0"
dengfoc,99,308150249878900,0.393306100,"SYNC_TRUTH,sequence=4148,truth_tick_us=16804584,mechanical_angle_rad=6.165069103,valid=1,read_failures=0"
dengfoc,100,308150253778900,0.397206100,"SYNC_TRUTH,sequence=4149,truth_tick_us=16808584,mechanical_angle_rad=6.165069103,valid=1,read_failures=0"
dengfoc,101,308150257908500,0.401335700,"SYNC_TRUTH,sequence=4150,truth_tick_us=16812584,mechanical_angle_rad=6.165069103,valid=1,read_failures=0"
dengfoc,102,308150261833600,0.405260800,"SYNC_TRUTH,sequence=4151,truth_tick_us=16816584,mechanical_angle_rad=6.165069103,valid=1,read_failures=0"
dengfoc,103,308150265902100,0.409329300,"SYNC_TRUTH,sequence=4152,truth_tick_us=16820584,mechanical_angle_rad=6.165069103,valid=1,read_failures=0"
dengfoc,104,308150269802400,0.413229600,"SYNC_TRUTH,sequence=4153,truth_tick_us=16824584,mechanical_angle_rad=6.165069103,valid=1,read_failures=0"
dengfoc,105,308150273868600,0.417295800,"SYNC_TRUTH,sequence=4154,truth_tick_us=16828584,mechanical_angle_rad=6.165069103,valid=1,read_failures=0"
dengfoc,106,308150277958500,0.421385700,"SYNC_TRUTH,sequence=4155,truth_tick_us=16832584,mechanical_angle_rad=6.165069103,valid=1,read_failures=0"
dengfoc,107,308150281848900,0.425276100,"SYNC_TRUTH,sequence=4156,truth_tick_us=16836584,mechanical_angle_rad=6.165069103,valid=1,read_failures=0"
dengfoc,108,308150285892700,0.429319900,"SYNC_TRUTH,sequence=4157,truth_tick_us=16840584,mechanical_angle_rad=6.165069103,valid=1,read_failures=0"
dengfoc,109,308150289779100,0.433206300,"SYNC_TRUTH,sequence=4158,truth_tick_us=16844584,mechanical_angle_rad=6.165069103,valid=1,read_failures=0"
dengfoc,110,308150293860500,0.437287700,"SYNC_TRUTH,sequence=4159,truth_tick_us=16848584,mechanical_angle_rad=6.165069103,valid=1,read_failures=0"
dengfoc,111,308150297768200,0.441195400,"SYNC_TRUTH,sequence=4160,truth_tick_us=16852584,mechanical_angle_rad=6.165069103,valid=1,read_failures=0"
dengfoc,112,308150301898900,0.445326100,"SYNC_TRUTH,sequence=4161,truth_tick_us=16856584,mechanical_angle_rad=6.165069103,valid=1,read_failures=0"
dengfoc,113,308150305801200,0.449228400,"SYNC_TRUTH,sequence=4162,truth_tick_us=16860584,mechanical_angle_rad=6.165069103,valid=1,read_failures=0"
dengfoc,114,308150309988700,0.453415900,"SYNC_TRUTH,sequence=4163,truth_tick_us=16864584,mechanical_angle_rad=6.165069103,valid=1,read_failures=0"
g431,1,308150312643400,0.456070600,"ALV,0000241f,202110444,85721,0,13"
dengfoc,115,308150313753500,0.457180700,"SYNC_TRUTH,sequence=4164,truth_tick_us=16868584,mechanical_angle_rad=6.165069103,valid=1,read_failures=0"
dengfoc,116,308150317812600,0.461239800,"SYNC_TRUTH,sequence=4165,truth_tick_us=16872584,mechanical_angle_rad=6.165069103,valid=1,read_failures=0"
dengfoc,117,308150321975700,0.465402900,"SYNC_TRUTH,sequence=4166,truth_tick_us=16876584,mechanical_angle_rad=6.165069103,valid=1,read_failures=0"
dengfoc,118,308150325795800,0.469223000,"SYNC_TRUTH,sequence=4167,truth_tick_us=16880584,mechanical_angle_rad=6.165069103,valid=1,read_failures=0"
dengfoc,119,308150329921300,0.473348500,"SYNC_TRUTH,sequence=4168,truth_tick_us=16884584,mechanical_angle_rad=6.165069103,valid=1,read_failures=0"
dengfoc,120,308150333819600,0.477246800,"SYNC_TRUTH,sequence=4169,truth_tick_us=16888584,mechanical_angle_rad=6.165069103,valid=1,read_failures=0"
dengfoc,121,308150337860600,0.481287800,"SYNC_TRUTH,sequence=4170,truth_tick_us=16892584,mechanical_angle_rad=6.165069103,valid=1,read_failures=0"
dengfoc,122,308150341774000,0.485201200,"SYNC_TRUTH,sequence=4171,truth_tick_us=16896584,mechanical_angle_rad=6.165069103,valid=1,read_failures=0"
dengfoc,123,308150345826600,0.489253800,"SYNC_TRUTH,sequence=4172,truth_tick_us=16900584,mechanical_angle_rad=6.165069103,valid=1,read_failures=0"
dengfoc,124,308150349910200,0.493337400,"SYNC_TRUTH,sequence=4173,truth_tick_us=16904584,mechanical_angle_rad=6.165069103,valid=1,read_failures=0"
dengfoc,125,308150353850000,0.497277200,"SYNC_TRUTH,sequence=4174,truth_tick_us=16908584,mechanical_angle_rad=6.165069103,valid=1,read_failures=0"
dengfoc,126,308150357906900,0.501334100,"SYNC_TRUTH,sequence=4175,truth_tick_us=16912584,mechanical_angle_rad=6.165069103,valid=1,read_failures=0"
dengfoc,127,308150361812300,0.505239500,"SYNC_TRUTH,sequence=4176,truth_tick_us=16916584,mechanical_angle_rad=6.165069103,valid=1,read_failures=0"
dengfoc,128,308150365870100,0.509297300,"SYNC_TRUTH,sequence=4177,truth_tick_us=16920584,mechanical_angle_rad=6.165069103,valid=1,read_failures=0"
dengfoc,129,308150369791000,0.513218200,"SYNC_TRUTH,sequence=4178,truth_tick_us=16924584,mechanical_angle_rad=6.165069103,valid=1,read_failures=0"
dengfoc,130,308150373891300,0.517318500,"SYNC_TRUTH,sequence=4179,truth_tick_us=16928584,mechanical_angle_rad=6.165069103,valid=1,read_failures=0"
dengfoc,131,308150377826900,0.521254100,"SYNC_TRUTH,sequence=4180,truth_tick_us=16932584,mechanical_angle_rad=6.165069103,valid=1,read_failures=0"
dengfoc,132,308150381877800,0.525305000,"SYNC_TRUTH,sequence=4181,truth_tick_us=16936584,mechanical_angle_rad=6.165069103,valid=1,read_failures=0"
dengfoc,133,308150385730000,0.529157200,"SYNC_TRUTH,sequence=4182,truth_tick_us=16940584,mechanical_angle_rad=6.165069103,valid=1,read_failures=0"
dengfoc,134,308150389795900,0.533223100,"SYNC_TRUTH,sequence=4183,truth_tick_us=16944584,mechanical_angle_rad=6.165069103,valid=1,read_failures=0"
dengfoc,135,308150393940000,0.537367200,"SYNC_TRUTH,sequence=4184,truth_tick_us=16948584,mechanical_angle_rad=6.165069103,valid=1,read_failures=0"
dengfoc,136,308150397815100,0.541242300,"SYNC_TRUTH,sequence=4185,truth_tick_us=16952584,mechanical_angle_rad=6.165069103,valid=1,read_failures=0"
dengfoc,137,308150401904500,0.545331700,"SYNC_TRUTH,sequence=4186,truth_tick_us=16956584,mechanical_angle_rad=6.165069103,valid=1,read_failures=0"
dengfoc,138,308150405831600,0.549258800,"SYNC_TRUTH,sequence=4187,truth_tick_us=16960584,mechanical_angle_rad=6.165069103,valid=1,read_failures=0"
dengfoc,139,308150409882500,0.553309700,"SYNC_TRUTH,sequence=4188,truth_tick_us=16964584,mechanical_angle_rad=6.165069103,valid=1,read_failures=0"
dengfoc,140,308150413749900,0.557177100,"SYNC_TRUTH,sequence=4189,truth_tick_us=16968584,mechanical_angle_rad=6.165069103,valid=1,read_failures=0"
dengfoc,141,308150417837000,0.561264200,"SYNC_TRUTH,sequence=4190,truth_tick_us=16972584,mechanical_angle_rad=6.165069103,valid=1,read_failures=0"
dengfoc,142,308150421786600,0.565213800,"SYNC_TRUTH,sequence=4191,truth_tick_us=16976584,mechanical_angle_rad=6.165069103,valid=1,read_failures=0"
dengfoc,143,308150425803100,0.569230300,"SYNC_TRUTH,sequence=4192,truth_tick_us=16980584,mechanical_angle_rad=6.165069103,valid=1,read_failures=0"
dengfoc,144,308150429947700,0.573374900,"SYNC_TRUTH,sequence=4193,truth_tick_us=16984584,mechanical_angle_rad=6.165069103,valid=1,read_failures=0"
dengfoc,145,308150433861800,0.577289000,"SYNC_TRUTH,sequence=4194,truth_tick_us=16988584,mechanical_angle_rad=6.165069103,valid=1,read_failures=0"
dengfoc,146,308150437884600,0.581311800,"SYNC_TRUTH,sequence=4195,truth_tick_us=16992584,mechanical_angle_rad=6.165069103,valid=1,read_failures=0"
dengfoc,147,308150441826200,0.585253400,"SYNC_TRUTH,sequence=4196,truth_tick_us=16996584,mechanical_angle_rad=6.165069103,valid=1,read_failures=0"
dengfoc,148,308150444920000,0.588347200,"SYNC_TRUTH,sequence=4197,truth_tick_us=17000584,mechanical_angle_rad=6.165069103,valid=1,read_failures=0"
dengfoc,149,308150447782800,0.591210000,"SYNC_STATUS,frames=0,frame_fail=0,truth=4197,truth_fail=0,truth_tx_fail=0,idle=0,capture_state=0,capture_failure=0,rejected=0,overflow=0,recovered=0,session_rollovers=0,sync_level=0,driver_disabled=1"
dengfoc,150,308150450072900,0.593500100,"SYNC_TRUTH,sequence=4198,truth_tick_us=17004584,mechanical_angle_rad=6.165069103,valid=1,read_failures=0"
dengfoc,151,308150453884100,0.597311300,"SYNC_TRUTH,sequence=4199,truth_tick_us=17008584,mechanical_angle_rad=6.165069103,valid=1,read_failures=0"
dengfoc,152,308150457791600,0.601218800,"SYNC_TRUTH,sequence=4200,truth_tick_us=17012584,mechanical_angle_rad=6.165069103,valid=1,read_failures=0"
dengfoc,153,308150461889100,0.605316300,"SYNC_TRUTH,sequence=4201,truth_tick_us=17016584,mechanical_angle_rad=6.165069103,valid=1,read_failures=0"
dengfoc,154,308150465775500,0.609202700,"SYNC_TRUTH,sequence=4202,truth_tick_us=17020584,mechanical_angle_rad=6.165069103,valid=1,read_failures=0"
dengfoc,155,308150469836100,0.613263300,"SYNC_TRUTH,sequence=4203,truth_tick_us=17024584,mechanical_angle_rad=6.165069103,valid=1,read_failures=0"
dengfoc,156,308150473923000,0.617350200,"SYNC_TRUTH,sequence=4204,truth_tick_us=17028584,mechanical_angle_rad=6.165069103,valid=1,read_failures=0"
dengfoc,157,308150477888500,0.621315700,"SYNC_TRUTH,sequence=4205,truth_tick_us=17032584,mechanical_angle_rad=6.165069103,valid=1,read_failures=0"
dengfoc,158,308150481889400,0.625316600,"SYNC_TRUTH,sequence=4206,truth_tick_us=17036584,mechanical_angle_rad=6.165069103,valid=1,read_failures=0"
dengfoc,159,308150485818100,0.629245300,"SYNC_TRUTH,sequence=4207,truth_tick_us=17040584,mechanical_angle_rad=6.165069103,valid=1,read_failures=0"
dengfoc,160,308150489908600,0.633335800,"SYNC_TRUTH,sequence=4208,truth_tick_us=17044584,mechanical_angle_rad=6.165069103,valid=1,read_failures=0"
dengfoc,161,308150493773000,0.637200200,"SYNC_TRUTH,sequence=4209,truth_tick_us=17048584,mechanical_angle_rad=6.165069103,valid=1,read_failures=0"
dengfoc,162,308150497854600,0.641281800,"SYNC_TRUTH,sequence=4210,truth_tick_us=17052584,mechanical_angle_rad=6.165069103,valid=1,read_failures=0"
dengfoc,163,308150501767000,0.645194200,"SYNC_TRUTH,sequence=4211,truth_tick_us=17056584,mechanical_angle_rad=6.165069103,valid=1,read_failures=0"
dengfoc,164,308150505811100,0.649238300,"SYNC_TRUTH,sequence=4212,truth_tick_us=17060584,mechanical_angle_rad=6.165069103,valid=1,read_failures=0"
dengfoc,165,308150509904300,0.653331500,"SYNC_TRUTH,sequence=4213,truth_tick_us=17064584,mechanical_angle_rad=6.165069103,valid=1,read_failures=0"
dengfoc,166,308150513849300,0.657276500,"SYNC_TRUTH,sequence=4214,truth_tick_us=17068584,mechanical_angle_rad=6.165069103,valid=1,read_failures=0"
dengfoc,167,308150517914000,0.661341200,"SYNC_TRUTH,sequence=4215,truth_tick_us=17072584,mechanical_angle_rad=6.165069103,valid=1,read_failures=0"
dengfoc,168,308150521816800,0.665244000,"SYNC_TRUTH,sequence=4216,truth_tick_us=17076584,mechanical_angle_rad=6.165069103,valid=1,read_failures=0"
dengfoc,169,308150525918300,0.669345500,"SYNC_TRUTH,sequence=4217,truth_tick_us=17080584,mechanical_angle_rad=6.165069103,valid=1,read_failures=0"
dengfoc,170,308150529791700,0.673218900,"SYNC_TRUTH,sequence=4218,truth_tick_us=17084584,mechanical_angle_rad=6.165069103,valid=1,read_failures=0"
dengfoc,171,308150533835500,0.677262700,"SYNC_TRUTH,sequence=4219,truth_tick_us=17088584,mechanical_angle_rad=6.165069103,valid=1,read_failures=0"
dengfoc,172,308150537835000,0.681262200,"SYNC_TRUTH,sequence=4220,truth_tick_us=17092584,mechanical_angle_rad=6.165069103,valid=1,read_failures=0"
dengfoc,173,308150541867600,0.685294800,"SYNC_TRUTH,sequence=4221,truth_tick_us=17096584,mechanical_angle_rad=6.165069103,valid=1,read_failures=0"
dengfoc,174,308150545823400,0.689250600,"SYNC_TRUTH,sequence=4222,truth_tick_us=17100584,mechanical_angle_rad=6.165069103,valid=1,read_failures=0"
dengfoc,175,308150549779600,0.693206800,"SYNC_TRUTH,sequence=4223,truth_tick_us=17104584,mechanical_angle_rad=6.165069103,valid=1,read_failures=0"
dengfoc,176,308150553917800,0.697345000,"SYNC_TRUTH,sequence=4224,truth_tick_us=17108584,mechanical_angle_rad=6.165069103,valid=1,read_failures=0"
dengfoc,177,308150557772500,0.701199700,"SYNC_TRUTH,sequence=4225,truth_tick_us=17112584,mechanical_angle_rad=6.165069103,valid=1,read_failures=0"
dengfoc,178,308150562004600,0.705431800,"SYNC_TRUTH,sequence=4226,truth_tick_us=17116584,mechanical_angle_rad=6.165069103,valid=1,read_failures=0"
dengfoc,179,308150565810200,0.709237400,"SYNC_TRUTH,sequence=4227,truth_tick_us=17120584,mechanical_angle_rad=6.165069103,valid=1,read_failures=0"
dengfoc,180,308150569892700,0.713319900,"SYNC_TRUTH,sequence=4228,truth_tick_us=17124584,mechanical_angle_rad=6.165069103,valid=1,read_failures=0"
dengfoc,181,308150573760500,0.717187700,"SYNC_TRUTH,sequence=4229,truth_tick_us=17128584,mechanical_angle_rad=6.165069103,valid=1,read_failures=0"
dengfoc,182,308150577838000,0.721265200,"SYNC_TRUTH,sequence=4230,truth_tick_us=17132584,mechanical_angle_rad=6.165069103,valid=1,read_failures=0"
dengfoc,183,308150581936100,0.725363300,"SYNC_TRUTH,sequence=4231,truth_tick_us=17136584,mechanical_angle_rad=6.165069103,valid=1,read_failures=0"
dengfoc,184,308150585800300,0.729227500,"SYNC_TRUTH,sequence=4232,truth_tick_us=17140584,mechanical_angle_rad=6.165069103,valid=1,read_failures=0"
dengfoc,185,308150589931100,0.733358300,"SYNC_TRUTH,sequence=4233,truth_tick_us=17144584,mechanical_angle_rad=6.165069103,valid=1,read_failures=0"
dengfoc,186,308150593826200,0.737253400,"SYNC_TRUTH,sequence=4234,truth_tick_us=17148584,mechanical_angle_rad=6.165069103,valid=1,read_failures=0"
dengfoc,187,308150597852500,0.741279700,"SYNC_TRUTH,sequence=4235,truth_tick_us=17152584,mechanical_angle_rad=6.165069103,valid=1,read_failures=0"
dengfoc,188,308150601800900,0.745228100,"SYNC_TRUTH,sequence=4236,truth_tick_us=17156584,mechanical_angle_rad=6.165069103,valid=1,read_failures=0"
dengfoc,189,308150605834800,0.749262000,"SYNC_TRUTH,sequence=4237,truth_tick_us=17160584,mechanical_angle_rad=6.165069103,valid=1,read_failures=0"
dengfoc,190,308150609801900,0.753229100,"SYNC_TRUTH,sequence=4238,truth_tick_us=17164584,mechanical_angle_rad=6.165069103,valid=1,read_failures=0"
dengfoc,191,308150613845800,0.757273000,"SYNC_TRUTH,sequence=4239,truth_tick_us=17168584,mechanical_angle_rad=6.165069103,valid=1,read_failures=0"
dengfoc,192,308150617757000,0.761184200,"SYNC_TRUTH,sequence=4240,truth_tick_us=17172584,mechanical_angle_rad=6.165069103,valid=1,read_failures=0"
dengfoc,193,308150621856700,0.765283900,"SYNC_TRUTH,sequence=4241,truth_tick_us=17176584,mechanical_angle_rad=6.165069103,valid=1,read_failures=0"
dengfoc,194,308150625917000,0.769344200,"SYNC_TRUTH,sequence=4242,truth_tick_us=17180584,mechanical_angle_rad=6.165069103,valid=1,read_failures=0"
dengfoc,195,308150629796200,0.773223400,"SYNC_TRUTH,sequence=4243,truth_tick_us=17184584,mechanical_angle_rad=6.165069103,valid=1,read_failures=0"
dengfoc,196,308150633877000,0.777304200,"SYNC_TRUTH,sequence=4244,truth_tick_us=17188584,mechanical_angle_rad=6.165069103,valid=1,read_failures=0"
dengfoc,197,308150637750900,0.781178100,"SYNC_TRUTH,sequence=4245,truth_tick_us=17192584,mechanical_angle_rad=6.165069103,valid=1,read_failures=0"
dengfoc,198,308150641903300,0.785330500,"SYNC_TRUTH,sequence=4246,truth_tick_us=17196584,mechanical_angle_rad=6.165069103,valid=1,read_failures=0"
dengfoc,199,308150645765400,0.789192600,"SYNC_TRUTH,sequence=4247,truth_tick_us=17200584,mechanical_angle_rad=6.165069103,valid=1,read_failures=0"
dengfoc,200,308150649855200,0.793282400,"SYNC_TRUTH,sequence=4248,truth_tick_us=17204584,mechanical_angle_rad=6.165069103,valid=1,read_failures=0"
dengfoc,201,308150653720700,0.797147900,"SYNC_TRUTH,sequence=4249,truth_tick_us=17208584,mechanical_angle_rad=6.165069103,valid=1,read_failures=0"
dengfoc,202,308150657851800,0.801279000,"SYNC_TRUTH,sequence=4250,truth_tick_us=17212584,mechanical_angle_rad=6.165069103,valid=1,read_failures=0"
dengfoc,203,308150661907800,0.805335000,"SYNC_TRUTH,sequence=4251,truth_tick_us=17216584,mechanical_angle_rad=6.165069103,valid=1,read_failures=0"
dengfoc,204,308150665790500,0.809217700,"SYNC_TRUTH,sequence=4252,truth_tick_us=17220584,mechanical_angle_rad=6.165069103,valid=1,read_failures=0"
dengfoc,205,308150669913800,0.813341000,"SYNC_TRUTH,sequence=4253,truth_tick_us=17224584,mechanical_angle_rad=6.165069103,valid=1,read_failures=0"
dengfoc,206,308150673797800,0.817225000,"SYNC_TRUTH,sequence=4254,truth_tick_us=17228584,mechanical_angle_rad=6.165069103,valid=1,read_failures=0"
dengfoc,207,308150677924900,0.821352100,"SYNC_TRUTH,sequence=4255,truth_tick_us=17232584,mechanical_angle_rad=6.165069103,valid=1,read_failures=0"
dengfoc,208,308150681822600,0.825249800,"SYNC_TRUTH,sequence=4256,truth_tick_us=17236584,mechanical_angle_rad=6.165069103,valid=1,read_failures=0"
dengfoc,209,308150685891200,0.829318400,"SYNC_TRUTH,sequence=4257,truth_tick_us=17240584,mechanical_angle_rad=6.165069103,valid=1,read_failures=0"
dengfoc,210,308150689726500,0.833153700,"SYNC_TRUTH,sequence=4258,truth_tick_us=17244584,mechanical_angle_rad=6.165069103,valid=1,read_failures=0"
dengfoc,211,308150693799200,0.837226400,"SYNC_TRUTH,sequence=4259,truth_tick_us=17248584,mechanical_angle_rad=6.165069103,valid=1,read_failures=0"
dengfoc,212,308150697814200,0.841241400,"SYNC_TRUTH,sequence=4260,truth_tick_us=17252584,mechanical_angle_rad=6.165069103,valid=1,read_failures=0"
dengfoc,213,308150701785700,0.845212900,"SYNC_TRUTH,sequence=4261,truth_tick_us=17256584,mechanical_angle_rad=6.165069103,valid=1,read_failures=0"
dengfoc,214,308150705915200,0.849342400,"SYNC_TRUTH,sequence=4262,truth_tick_us=17260584,mechanical_angle_rad=6.165069103,valid=1,read_failures=0"
dengfoc,215,308150709805700,0.853232900,"SYNC_TRUTH,sequence=4263,truth_tick_us=17264584,mechanical_angle_rad=6.165069103,valid=1,read_failures=0"
dengfoc,216,308150713864700,0.857291900,"SYNC_TRUTH,sequence=4264,truth_tick_us=17268584,mechanical_angle_rad=6.165069103,valid=1,read_failures=0"
dengfoc,217,308150717792100,0.861219300,"SYNC_TRUTH,sequence=4265,truth_tick_us=17272584,mechanical_angle_rad=6.165069103,valid=1,read_failures=0"
dengfoc,218,308150721888400,0.865315600,"SYNC_TRUTH,sequence=4266,truth_tick_us=17276584,mechanical_angle_rad=6.165069103,valid=1,read_failures=0"
dengfoc,219,308150725891500,0.869318700,"SYNC_TRUTH,sequence=4267,truth_tick_us=17280584,mechanical_angle_rad=6.165069103,valid=1,read_failures=0"
dengfoc,220,308150729872500,0.873299700,"SYNC_TRUTH,sequence=4268,truth_tick_us=17284584,mechanical_angle_rad=6.165069103,valid=1,read_failures=0"
dengfoc,221,308150733742900,0.877170100,"SYNC_TRUTH,sequence=4269,truth_tick_us=17288584,mechanical_angle_rad=6.165069103,valid=1,read_failures=0"
dengfoc,222,308150737841200,0.881268400,"SYNC_TRUTH,sequence=4270,truth_tick_us=17292584,mechanical_angle_rad=6.165069103,valid=1,read_failures=0"
dengfoc,223,308150741793300,0.885220500,"SYNC_TRUTH,sequence=4271,truth_tick_us=17296584,mechanical_angle_rad=6.165069103,valid=1,read_failures=0"
dengfoc,224,308150745828800,0.889256000,"SYNC_TRUTH,sequence=4272,truth_tick_us=17300584,mechanical_angle_rad=6.165069103,valid=1,read_failures=0"
dengfoc,225,308150749902400,0.893329600,"SYNC_TRUTH,sequence=4273,truth_tick_us=17304584,mechanical_angle_rad=6.165069103,valid=1,read_failures=0"
dengfoc,226,308150753826900,0.897254100,"SYNC_TRUTH,sequence=4274,truth_tick_us=17308584,mechanical_angle_rad=6.165069103,valid=1,read_failures=0"
dengfoc,227,308150757913800,0.901341000,"SYNC_TRUTH,sequence=4275,truth_tick_us=17312584,mechanical_angle_rad=6.165069103,valid=1,read_failures=0"
dengfoc,228,308150761802800,0.905230000,"SYNC_TRUTH,sequence=4276,truth_tick_us=17316584,mechanical_angle_rad=6.165069103,valid=1,read_failures=0"
dengfoc,229,308150765927700,0.909354900,"SYNC_TRUTH,sequence=4277,truth_tick_us=17320584,mechanical_angle_rad=6.165069103,valid=1,read_failures=0"
dengfoc,230,308150769785000,0.913212200,"SYNC_TRUTH,sequence=4278,truth_tick_us=17324584,mechanical_angle_rad=6.165069103,valid=1,read_failures=0"
dengfoc,231,308150773935900,0.917363100,"SYNC_TRUTH,sequence=4279,truth_tick_us=17328584,mechanical_angle_rad=6.165069103,valid=1,read_failures=0"
dengfoc,232,308150777715100,0.921142300,"SYNC_TRUTH,sequence=4280,truth_tick_us=17332584,mechanical_angle_rad=6.165069103,valid=1,read_failures=0"
dengfoc,233,308150781863900,0.925291100,"SYNC_TRUTH,sequence=4281,truth_tick_us=17336584,mechanical_angle_rad=6.165069103,valid=1,read_failures=0"
dengfoc,234,308150785866400,0.929293600,"SYNC_TRUTH,sequence=4282,truth_tick_us=17340584,mechanical_angle_rad=6.165069103,valid=1,read_failures=0"
dengfoc,235,308150789791900,0.933219100,"SYNC_TRUTH,sequence=4283,truth_tick_us=17344584,mechanical_angle_rad=6.165069103,valid=1,read_failures=0"
dengfoc,236,308150793892300,0.937319500,"SYNC_TRUTH,sequence=4284,truth_tick_us=17348584,mechanical_angle_rad=6.165069103,valid=1,read_failures=0"
dengfoc,237,308150797765200,0.941192400,"SYNC_TRUTH,sequence=4285,truth_tick_us=17352584,mechanical_angle_rad=6.165069103,valid=1,read_failures=0"
dengfoc,238,308150801906100,0.945333300,"SYNC_TRUTH,sequence=4286,truth_tick_us=17356584,mechanical_angle_rad=6.165069103,valid=1,read_failures=0"
dengfoc,239,308150805783800,0.949211000,"SYNC_TRUTH,sequence=4287,truth_tick_us=17360584,mechanical_angle_rad=6.165069103,valid=1,read_failures=0"
dengfoc,240,308150809886000,0.953313200,"SYNC_TRUTH,sequence=4288,truth_tick_us=17364584,mechanical_angle_rad=6.165069103,valid=1,read_failures=0"
dengfoc,241,308150813758700,0.957185900,"SYNC_TRUTH,sequence=4289,truth_tick_us=17368584,mechanical_angle_rad=6.165069103,valid=1,read_failures=0"
dengfoc,242,308150817798100,0.961225300,"SYNC_TRUTH,sequence=4290,truth_tick_us=17372584,mechanical_angle_rad=6.165069103,valid=1,read_failures=0"
dengfoc,243,308150821915000,0.965342200,"SYNC_TRUTH,sequence=4291,truth_tick_us=17376584,mechanical_angle_rad=6.165069103,valid=1,read_failures=0"
dengfoc,244,308150825816400,0.969243600,"SYNC_TRUTH,sequence=4292,truth_tick_us=17380584,mechanical_angle_rad=6.165069103,valid=1,read_failures=0"
dengfoc,245,308150829926400,0.973353600,"SYNC_TRUTH,sequence=4293,truth_tick_us=17384584,mechanical_angle_rad=6.165069103,valid=1,read_failures=0"
dengfoc,246,308150833744300,0.977171500,"SYNC_TRUTH,sequence=4294,truth_tick_us=17388584,mechanical_angle_rad=6.165069103,valid=1,read_failures=0"
dengfoc,247,308150837878700,0.981305900,"SYNC_TRUTH,sequence=4295,truth_tick_us=17392584,mechanical_angle_rad=6.165069103,valid=1,read_failures=0"
dengfoc,248,308150841765100,0.985192300,"SYNC_TRUTH,sequence=4296,truth_tick_us=17396584,mechanical_angle_rad=6.165069103,valid=1,read_failures=0"
dengfoc,249,308150845841900,0.989269100,"SYNC_TRUTH,sequence=4297,truth_tick_us=17400584,mechanical_angle_rad=6.165069103,valid=1,read_failures=0"
dengfoc,250,308150849783900,0.993211100,"SYNC_TRUTH,sequence=4298,truth_tick_us=17404584,mechanical_angle_rad=6.165069103,valid=1,read_failures=0"
dengfoc,251,308150853800400,0.997227600,"SYNC_TRUTH,sequence=4299,truth_tick_us=17408584,mechanical_angle_rad=6.165069103,valid=1,read_failures=0"
dengfoc,252,308150857954700,1.001381900,"SYNC_TRUTH,sequence=4300,truth_tick_us=17412584,mechanical_angle_rad=6.165069103,valid=1,read_failures=0"
dengfoc,253,308150861807100,1.005234300,"SYNC_TRUTH,sequence=4301,truth_tick_us=17416584,mechanical_angle_rad=6.165069103,valid=1,read_failures=0"
dengfoc,254,308150865889900,1.009317100,"SYNC_TRUTH,sequence=4302,truth_tick_us=17420584,mechanical_angle_rad=6.165069103,valid=1,read_failures=0"
dengfoc,255,308150869866400,1.013293600,"SYNC_TRUTH,sequence=4303,truth_tick_us=17424584,mechanical_angle_rad=6.165069103,valid=1,read_failures=0"
dengfoc,256,308150873917100,1.017344300,"SYNC_TRUTH,sequence=4304,truth_tick_us=17428584,mechanical_angle_rad=6.165069103,valid=1,read_failures=0"
dengfoc,257,308150877761900,1.021189100,"SYNC_TRUTH,sequence=4305,truth_tick_us=17432584,mechanical_angle_rad=6.165069103,valid=1,read_failures=0"
dengfoc,258,308150881920700,1.025347900,"SYNC_TRUTH,sequence=4306,truth_tick_us=17436584,mechanical_angle_rad=6.165069103,valid=1,read_failures=0"
dengfoc,259,308150885781800,1.029209000,"SYNC_TRUTH,sequence=4307,truth_tick_us=17440584,mechanical_angle_rad=6.165069103,valid=1,read_failures=0"
dengfoc,260,308150889829700,1.033256900,"SYNC_TRUTH,sequence=4308,truth_tick_us=17444584,mechanical_angle_rad=6.165069103,valid=1,read_failures=0"
dengfoc,261,308150893882600,1.037309800,"SYNC_TRUTH,sequence=4309,truth_tick_us=17448584,mechanical_angle_rad=6.165069103,valid=1,read_failures=0"
dengfoc,262,308150897921000,1.041348200,"SYNC_TRUTH,sequence=4310,truth_tick_us=17452584,mechanical_angle_rad=6.165069103,valid=1,read_failures=0"
dengfoc,263,308150901949400,1.045376600,"SYNC_TRUTH,sequence=4311,truth_tick_us=17456584,mechanical_angle_rad=6.165069103,valid=1,read_failures=0"
dengfoc,264,308150905790300,1.049217500,"SYNC_TRUTH,sequence=4312,truth_tick_us=17460584,mechanical_angle_rad=6.165069103,valid=1,read_failures=0"
dengfoc,265,308150909909800,1.053337000,"SYNC_TRUTH,sequence=4313,truth_tick_us=17464584,mechanical_angle_rad=6.165069103,valid=1,read_failures=0"
dengfoc,266,308150913813400,1.057240600,"SYNC_TRUTH,sequence=4314,truth_tick_us=17468584,mechanical_angle_rad=6.165069103,valid=1,read_failures=0"
dengfoc,267,308150917888100,1.061315300,"SYNC_TRUTH,sequence=4315,truth_tick_us=17472584,mechanical_angle_rad=6.165069103,valid=1,read_failures=0"
dengfoc,268,308150921772300,1.065199500,"SYNC_TRUTH,sequence=4316,truth_tick_us=17476584,mechanical_angle_rad=6.165069103,valid=1,read_failures=0"
dengfoc,269,308150925828300,1.069255500,"SYNC_TRUTH,sequence=4317,truth_tick_us=17480584,mechanical_angle_rad=6.165069103,valid=1,read_failures=0"
dengfoc,270,308150929908100,1.073335300,"SYNC_TRUTH,sequence=4318,truth_tick_us=17484584,mechanical_angle_rad=6.165069103,valid=1,read_failures=0"
dengfoc,271,308150933855900,1.077283100,"SYNC_TRUTH,sequence=4319,truth_tick_us=17488584,mechanical_angle_rad=6.165069103,valid=1,read_failures=0"
dengfoc,272,308150937932000,1.081359200,"SYNC_TRUTH,sequence=4320,truth_tick_us=17492584,mechanical_angle_rad=6.165069103,valid=1,read_failures=0"
dengfoc,273,308150941826300,1.085253500,"SYNC_TRUTH,sequence=4321,truth_tick_us=17496584,mechanical_angle_rad=6.165069103,valid=1,read_failures=0"
dengfoc,274,308150945910200,1.089337400,"SYNC_TRUTH,sequence=4322,truth_tick_us=17500584,mechanical_angle_rad=6.165069103,valid=1,read_failures=0"
dengfoc,275,308150949808900,1.093236100,"SYNC_TRUTH,sequence=4323,truth_tick_us=17504584,mechanical_angle_rad=6.165069103,valid=1,read_failures=0"
dengfoc,276,308150953898700,1.097325900,"SYNC_TRUTH,sequence=4324,truth_tick_us=17508584,mechanical_angle_rad=6.165069103,valid=1,read_failures=0"
dengfoc,277,308150957766900,1.101194100,"SYNC_TRUTH,sequence=4325,truth_tick_us=17512584,mechanical_angle_rad=6.165069103,valid=1,read_failures=0"
dengfoc,278,308150962059700,1.105486900,"SYNC_TRUTH,sequence=4326,truth_tick_us=17516584,mechanical_angle_rad=6.165069103,valid=1,read_failures=0"
dengfoc,279,308150965778100,1.109205300,"SYNC_TRUTH,sequence=4327,truth_tick_us=17520584,mechanical_angle_rad=6.165069103,valid=1,read_failures=0"
dengfoc,280,308150969849100,1.113276300,"SYNC_TRUTH,sequence=4328,truth_tick_us=17524584,mechanical_angle_rad=6.165069103,valid=1,read_failures=0"
dengfoc,281,308150973937900,1.117365100,"SYNC_TRUTH,sequence=4329,truth_tick_us=17528584,mechanical_angle_rad=6.165069103,valid=1,read_failures=0"
dengfoc,282,308150977850700,1.121277900,"SYNC_TRUTH,sequence=4330,truth_tick_us=17532584,mechanical_angle_rad=6.165069103,valid=1,read_failures=0"
dengfoc,283,308150981907000,1.125334200,"SYNC_TRUTH,sequence=4331,truth_tick_us=17536584,mechanical_angle_rad=6.165069103,valid=1,read_failures=0"
dengfoc,284,308150985802200,1.129229400,"SYNC_TRUTH,sequence=4332,truth_tick_us=17540584,mechanical_angle_rad=6.165069103,valid=1,read_failures=0"
dengfoc,285,308150989907900,1.133335100,"SYNC_TRUTH,sequence=4333,truth_tick_us=17544584,mechanical_angle_rad=6.165069103,valid=1,read_failures=0"
dengfoc,286,308150993849400,1.137276600,"SYNC_TRUTH,sequence=4334,truth_tick_us=17548584,mechanical_angle_rad=6.165069103,valid=1,read_failures=0"
dengfoc,287,308150997841700,1.141268900,"SYNC_TRUTH,sequence=4335,truth_tick_us=17552584,mechanical_angle_rad=6.165069103,valid=1,read_failures=0"
dengfoc,288,308151001752200,1.145179400,"SYNC_TRUTH,sequence=4336,truth_tick_us=17556584,mechanical_angle_rad=6.165069103,valid=1,read_failures=0"
dengfoc,289,308151005879500,1.149306700,"SYNC_TRUTH,sequence=4337,truth_tick_us=17560584,mechanical_angle_rad=6.165069103,valid=1,read_failures=0"
dengfoc,290,308151009948900,1.153376100,"SYNC_TRUTH,sequence=4338,truth_tick_us=17564584,mechanical_angle_rad=6.165069103,valid=1,read_failures=0"
dengfoc,291,308151013837700,1.157264900,"SYNC_TRUTH,sequence=4339,truth_tick_us=17568584,mechanical_angle_rad=6.165069103,valid=1,read_failures=0"
dengfoc,292,308151017941100,1.161368300,"SYNC_TRUTH,sequence=4340,truth_tick_us=17572584,mechanical_angle_rad=6.165069103,valid=1,read_failures=0"
dengfoc,293,308151021785500,1.165212700,"SYNC_TRUTH,sequence=4341,truth_tick_us=17576584,mechanical_angle_rad=6.165069103,valid=1,read_failures=0"
dengfoc,294,308151025943600,1.169370800,"SYNC_TRUTH,sequence=4342,truth_tick_us=17580584,mechanical_angle_rad=6.165069103,valid=1,read_failures=0"
dengfoc,295,308151029776900,1.173204100,"SYNC_TRUTH,sequence=4343,truth_tick_us=17584584,mechanical_angle_rad=6.165069103,valid=1,read_failures=0"
dengfoc,296,308151033866600,1.177293800,"SYNC_TRUTH,sequence=4344,truth_tick_us=17588584,mechanical_angle_rad=6.165069103,valid=1,read_failures=0"
dengfoc,297,308151037715500,1.181142700,"SYNC_TRUTH,sequence=4345,truth_tick_us=17592584,mechanical_angle_rad=6.165069103,valid=1,read_failures=0"
dengfoc,298,308151041909200,1.185336400,"SYNC_TRUTH,sequence=4346,truth_tick_us=17596584,mechanical_angle_rad=6.165069103,valid=1,read_failures=0"
dengfoc,299,308151045785700,1.189212900,"SYNC_TRUTH,sequence=4347,truth_tick_us=17600584,mechanical_angle_rad=6.165069103,valid=1,read_failures=0"
dengfoc,300,308151049858100,1.193285300,"SYNC_TRUTH,sequence=4348,truth_tick_us=17604584,mechanical_angle_rad=6.165069103,valid=1,read_failures=0"
dengfoc,301,308151053976400,1.197403600,"SYNC_TRUTH,sequence=4349,truth_tick_us=17608584,mechanical_angle_rad=6.165069103,valid=1,read_failures=0"
dengfoc,302,308151057831600,1.201258800,"SYNC_TRUTH,sequence=4350,truth_tick_us=17612584,mechanical_angle_rad=6.165069103,valid=1,read_failures=0"
dengfoc,303,308151061850700,1.205277900,"SYNC_TRUTH,sequence=4351,truth_tick_us=17616584,mechanical_angle_rad=6.165069103,valid=1,read_failures=0"
dengfoc,304,308151065747100,1.209174300,"SYNC_TRUTH,sequence=4352,truth_tick_us=17620584,mechanical_angle_rad=6.165069103,valid=1,read_failures=0"
dengfoc,305,308151069881300,1.213308500,"SYNC_TRUTH,sequence=4353,truth_tick_us=17624584,mechanical_angle_rad=6.165069103,valid=1,read_failures=0"
dengfoc,306,308151073757700,1.217184900,"SYNC_TRUTH,sequence=4354,truth_tick_us=17628584,mechanical_angle_rad=6.165069103,valid=1,read_failures=0"
dengfoc,307,308151077865000,1.221292200,"SYNC_TRUTH,sequence=4355,truth_tick_us=17632584,mechanical_angle_rad=6.165069103,valid=1,read_failures=0"
dengfoc,308,308151081746400,1.225173600,"SYNC_TRUTH,sequence=4356,truth_tick_us=17636584,mechanical_angle_rad=6.165069103,valid=1,read_failures=0"
dengfoc,309,308151085824400,1.229251600,"SYNC_TRUTH,sequence=4357,truth_tick_us=17640584,mechanical_angle_rad=6.165069103,valid=1,read_failures=0"
dengfoc,310,308151089729400,1.233156600,"SYNC_TRUTH,sequence=4358,truth_tick_us=17644584,mechanical_angle_rad=6.165069103,valid=1,read_failures=0"
dengfoc,311,308151093822100,1.237249300,"SYNC_TRUTH,sequence=4359,truth_tick_us=17648584,mechanical_angle_rad=6.165069103,valid=1,read_failures=0"
dengfoc,312,308151097877500,1.241304700,"SYNC_TRUTH,sequence=4360,truth_tick_us=17652584,mechanical_angle_rad=6.165069103,valid=1,read_failures=0"
dengfoc,313,308151101831300,1.245258500,"SYNC_TRUTH,sequence=4361,truth_tick_us=17656584,mechanical_angle_rad=6.165069103,valid=1,read_failures=0"
dengfoc,314,308151105906800,1.249334000,"SYNC_TRUTH,sequence=4362,truth_tick_us=17660584,mechanical_angle_rad=6.165069103,valid=1,read_failures=0"
dengfoc,315,308151109772300,1.253199500,"SYNC_TRUTH,sequence=4363,truth_tick_us=17664584,mechanical_angle_rad=6.165069103,valid=1,read_failures=0"
dengfoc,316,308151113918100,1.257345300,"SYNC_TRUTH,sequence=4364,truth_tick_us=17668584,mechanical_angle_rad=6.165069103,valid=1,read_failures=0"
dengfoc,317,308151117805800,1.261233000,"SYNC_TRUTH,sequence=4365,truth_tick_us=17672584,mechanical_angle_rad=6.165069103,valid=1,read_failures=0"
dengfoc,318,308151121887200,1.265314400,"SYNC_TRUTH,sequence=4366,truth_tick_us=17676584,mechanical_angle_rad=6.165069103,valid=1,read_failures=0"
dengfoc,319,308151125818100,1.269245300,"SYNC_TRUTH,sequence=4367,truth_tick_us=17680584,mechanical_angle_rad=6.165069103,valid=1,read_failures=0"
dengfoc,320,308151129829400,1.273256600,"SYNC_TRUTH,sequence=4368,truth_tick_us=17684584,mechanical_angle_rad=6.165069103,valid=1,read_failures=0"
dengfoc,321,308151133847400,1.277274600,"SYNC_TRUTH,sequence=4369,truth_tick_us=17688584,mechanical_angle_rad=6.165069103,valid=1,read_failures=0"
dengfoc,322,308151137842300,1.281269500,"SYNC_TRUTH,sequence=4370,truth_tick_us=17692584,mechanical_angle_rad=6.165069103,valid=1,read_failures=0"
dengfoc,323,308151141904300,1.285331500,"SYNC_TRUTH,sequence=4371,truth_tick_us=17696584,mechanical_angle_rad=6.165069103,valid=1,read_failures=0"
dengfoc,324,308151145845000,1.289272200,"SYNC_TRUTH,sequence=4372,truth_tick_us=17700584,mechanical_angle_rad=6.165069103,valid=1,read_failures=0"
dengfoc,325,308151149998400,1.293425600,"SYNC_TRUTH,sequence=4373,truth_tick_us=17704584,mechanical_angle_rad=6.165069103,valid=1,read_failures=0"
dengfoc,326,308151153788700,1.297215900,"SYNC_TRUTH,sequence=4374,truth_tick_us=17708584,mechanical_angle_rad=6.165069103,valid=1,read_failures=0"
dengfoc,327,308151157908700,1.301335900,"SYNC_TRUTH,sequence=4375,truth_tick_us=17712584,mechanical_angle_rad=6.165069103,valid=1,read_failures=0"
dengfoc,328,308151161778900,1.305206100,"SYNC_TRUTH,sequence=4376,truth_tick_us=17716584,mechanical_angle_rad=6.165069103,valid=1,read_failures=0"
dengfoc,329,308151165969800,1.309397000,"SYNC_TRUTH,sequence=4377,truth_tick_us=17720584,mechanical_angle_rad=6.165069103,valid=1,read_failures=0"
dengfoc,330,308151169720100,1.313147300,"SYNC_TRUTH,sequence=4378,truth_tick_us=17724584,mechanical_angle_rad=6.165069103,valid=1,read_failures=0"
dengfoc,331,308151173849300,1.317276500,"SYNC_TRUTH,sequence=4379,truth_tick_us=17728584,mechanical_angle_rad=6.165069103,valid=1,read_failures=0"
dengfoc,332,308151177898600,1.321325800,"SYNC_TRUTH,sequence=4380,truth_tick_us=17732584,mechanical_angle_rad=6.165069103,valid=1,read_failures=0"
dengfoc,333,308151181848100,1.325275300,"SYNC_TRUTH,sequence=4381,truth_tick_us=17736584,mechanical_angle_rad=6.165069103,valid=1,read_failures=0"
dengfoc,334,308151185889900,1.329317100,"SYNC_TRUTH,sequence=4382,truth_tick_us=17740584,mechanical_angle_rad=6.165069103,valid=1,read_failures=0"
dengfoc,335,308151189854000,1.333281200,"SYNC_TRUTH,sequence=4383,truth_tick_us=17744584,mechanical_angle_rad=6.165069103,valid=1,read_failures=0"
dengfoc,336,308151193909000,1.337336200,"SYNC_TRUTH,sequence=4384,truth_tick_us=17748584,mechanical_angle_rad=6.165069103,valid=1,read_failures=0"
dengfoc,337,308151197833700,1.341260900,"SYNC_TRUTH,sequence=4385,truth_tick_us=17752584,mechanical_angle_rad=6.165069103,valid=1,read_failures=0"
dengfoc,338,308151201847400,1.345274600,"SYNC_TRUTH,sequence=4386,truth_tick_us=17756584,mechanical_angle_rad=6.165069103,valid=1,read_failures=0"
dengfoc,339,308151205752600,1.349179800,"SYNC_TRUTH,sequence=4387,truth_tick_us=17760584,mechanical_angle_rad=6.165069103,valid=1,read_failures=0"
dengfoc,340,308151209806100,1.353233300,"SYNC_TRUTH,sequence=4388,truth_tick_us=17764584,mechanical_angle_rad=6.165069103,valid=1,read_failures=0"
dengfoc,341,308151213806700,1.357233900,"SYNC_TRUTH,sequence=4389,truth_tick_us=17768584,mechanical_angle_rad=6.165069103,valid=1,read_failures=0"
dengfoc,342,308151217848300,1.361275500,"SYNC_TRUTH,sequence=4390,truth_tick_us=17772584,mechanical_angle_rad=6.165069103,valid=1,read_failures=0"
dengfoc,343,308151221801600,1.365228800,"SYNC_TRUTH,sequence=4391,truth_tick_us=17776584,mechanical_angle_rad=6.165069103,valid=1,read_failures=0"
dengfoc,344,308151225824500,1.369251700,"SYNC_TRUTH,sequence=4392,truth_tick_us=17780584,mechanical_angle_rad=6.165069103,valid=1,read_failures=0"
dengfoc,345,308151229868800,1.373296000,"SYNC_TRUTH,sequence=4393,truth_tick_us=17784584,mechanical_angle_rad=6.165069103,valid=1,read_failures=0"
dengfoc,346,308151233824400,1.377251600,"SYNC_TRUTH,sequence=4394,truth_tick_us=17788584,mechanical_angle_rad=6.165069103,valid=1,read_failures=0"
dengfoc,347,308151237887000,1.381314200,"SYNC_TRUTH,sequence=4395,truth_tick_us=17792584,mechanical_angle_rad=6.165069103,valid=1,read_failures=0"
dengfoc,348,308151241803100,1.385230300,"SYNC_TRUTH,sequence=4396,truth_tick_us=17796584,mechanical_angle_rad=6.165069103,valid=1,read_failures=0"
dengfoc,349,308151245917400,1.389344600,"SYNC_TRUTH,sequence=4397,truth_tick_us=17800584,mechanical_angle_rad=6.165069103,valid=1,read_failures=0"
dengfoc,350,308151249815800,1.393243000,"SYNC_TRUTH,sequence=4398,truth_tick_us=17804584,mechanical_angle_rad=6.165069103,valid=1,read_failures=0"
dengfoc,351,308151253908900,1.397336100,"SYNC_TRUTH,sequence=4399,truth_tick_us=17808584,mechanical_angle_rad=6.165069103,valid=1,read_failures=0"
dengfoc,352,308151257732800,1.401160000,"SYNC_TRUTH,sequence=4400,truth_tick_us=17812584,mechanical_angle_rad=6.165069103,valid=1,read_failures=0"
dengfoc,353,308151261808300,1.405235500,"SYNC_TRUTH,sequence=4401,truth_tick_us=17816584,mechanical_angle_rad=6.165069103,valid=1,read_failures=0"
dengfoc,354,308151265719900,1.409147100,"SYNC_TRUTH,sequence=4402,truth_tick_us=17820584,mechanical_angle_rad=6.165069103,valid=1,read_failures=0"
dengfoc,355,308151269831900,1.413259100,"SYNC_TRUTH,sequence=4403,truth_tick_us=17824584,mechanical_angle_rad=6.165069103,valid=1,read_failures=0"
dengfoc,356,308151274024800,1.417452000,"SYNC_TRUTH,sequence=4404,truth_tick_us=17828584,mechanical_angle_rad=6.165069103,valid=1,read_failures=0"
dengfoc,357,308151277809400,1.421236600,"SYNC_TRUTH,sequence=4405,truth_tick_us=17832584,mechanical_angle_rad=6.165069103,valid=1,read_failures=0"
dengfoc,358,308151281905800,1.425333000,"SYNC_TRUTH,sequence=4406,truth_tick_us=17836584,mechanical_angle_rad=6.165069103,valid=1,read_failures=0"
dengfoc,359,308151285772500,1.429199700,"SYNC_TRUTH,sequence=4407,truth_tick_us=17840584,mechanical_angle_rad=6.165069103,valid=1,read_failures=0"
dengfoc,360,308151289931200,1.433358400,"SYNC_TRUTH,sequence=4408,truth_tick_us=17844584,mechanical_angle_rad=6.165069103,valid=1,read_failures=0"
dengfoc,361,308151293785900,1.437213100,"SYNC_TRUTH,sequence=4409,truth_tick_us=17848584,mechanical_angle_rad=6.165069103,valid=1,read_failures=0"
dengfoc,362,308151297875900,1.441303100,"SYNC_TRUTH,sequence=4410,truth_tick_us=17852584,mechanical_angle_rad=6.165069103,valid=1,read_failures=0"
dengfoc,363,308151301908700,1.445335900,"SYNC_TRUTH,sequence=4411,truth_tick_us=17856584,mechanical_angle_rad=6.165069103,valid=1,read_failures=0"
dengfoc,364,308151305951700,1.449378900,"SYNC_TRUTH,sequence=4412,truth_tick_us=17860584,mechanical_angle_rad=6.165069103,valid=1,read_failures=0"
dengfoc,365,308151309950100,1.453377300,"SYNC_TRUTH,sequence=4413,truth_tick_us=17864584,mechanical_angle_rad=6.165069103,valid=1,read_failures=0"
dengfoc,366,308151313785700,1.457212900,"SYNC_TRUTH,sequence=4414,truth_tick_us=17868584,mechanical_angle_rad=6.165069103,valid=1,read_failures=0"
dengfoc,367,308151317862300,1.461289500,"SYNC_TRUTH,sequence=4415,truth_tick_us=17872584,mechanical_angle_rad=6.165069103,valid=1,read_failures=0"
dengfoc,368,308151321786000,1.465213200,"SYNC_TRUTH,sequence=4416,truth_tick_us=17876584,mechanical_angle_rad=6.165069103,valid=1,read_failures=0"
dengfoc,369,308151325924200,1.469351400,"SYNC_TRUTH,sequence=4417,truth_tick_us=17880584,mechanical_angle_rad=6.165069103,valid=1,read_failures=0"
dengfoc,370,308151329787500,1.473214700,"SYNC_TRUTH,sequence=4418,truth_tick_us=17884584,mechanical_angle_rad=6.165069103,valid=1,read_failures=0"
dengfoc,371,308151333967800,1.477395000,"SYNC_TRUTH,sequence=4419,truth_tick_us=17888584,mechanical_angle_rad=6.165069103,valid=1,read_failures=0"
dengfoc,372,308151337809900,1.481237100,"SYNC_TRUTH,sequence=4420,truth_tick_us=17892584,mechanical_angle_rad=6.165069103,valid=1,read_failures=0"
dengfoc,373,308151341854700,1.485281900,"SYNC_TRUTH,sequence=4421,truth_tick_us=17896584,mechanical_angle_rad=6.165069103,valid=1,read_failures=0"
dengfoc,374,308151345812700,1.489239900,"SYNC_TRUTH,sequence=4422,truth_tick_us=17900584,mechanical_angle_rad=6.165069103,valid=1,read_failures=0"
dengfoc,375,308151349785500,1.493212700,"SYNC_TRUTH,sequence=4423,truth_tick_us=17904584,mechanical_angle_rad=6.165069103,valid=1,read_failures=0"
dengfoc,376,308151353903500,1.497330700,"SYNC_TRUTH,sequence=4424,truth_tick_us=17908584,mechanical_angle_rad=6.165069103,valid=1,read_failures=0"
dengfoc,377,308151357797800,1.501225000,"SYNC_TRUTH,sequence=4425,truth_tick_us=17912584,mechanical_angle_rad=6.165069103,valid=1,read_failures=0"
dengfoc,378,308151361870100,1.505297300,"SYNC_TRUTH,sequence=4426,truth_tick_us=17916584,mechanical_angle_rad=6.165069103,valid=1,read_failures=0"
dengfoc,379,308151365807600,1.509234800,"SYNC_TRUTH,sequence=4427,truth_tick_us=17920584,mechanical_angle_rad=6.165069103,valid=1,read_failures=0"
dengfoc,380,308151369896000,1.513323200,"SYNC_TRUTH,sequence=4428,truth_tick_us=17924584,mechanical_angle_rad=6.165069103,valid=1,read_failures=0"
dengfoc,381,308151373748400,1.517175600,"SYNC_TRUTH,sequence=4429,truth_tick_us=17928584,mechanical_angle_rad=6.165069103,valid=1,read_failures=0"
dengfoc,382,308151377839800,1.521267000,"SYNC_TRUTH,sequence=4430,truth_tick_us=17932584,mechanical_angle_rad=6.165069103,valid=1,read_failures=0"
dengfoc,383,308151381829800,1.525257000,"SYNC_TRUTH,sequence=4431,truth_tick_us=17936584,mechanical_angle_rad=6.165069103,valid=1,read_failures=0"
dengfoc,384,308151385841600,1.529268800,"SYNC_TRUTH,sequence=4432,truth_tick_us=17940584,mechanical_angle_rad=6.165069103,valid=1,read_failures=0"
dengfoc,385,308151389896300,1.533323500,"SYNC_TRUTH,sequence=4433,truth_tick_us=17944584,mechanical_angle_rad=6.165069103,valid=1,read_failures=0"
dengfoc,386,308151393838100,1.537265300,"SYNC_TRUTH,sequence=4434,truth_tick_us=17948584,mechanical_angle_rad=6.165069103,valid=1,read_failures=0"
dengfoc,387,308151397854800,1.541282000,"SYNC_TRUTH,sequence=4435,truth_tick_us=17952584,mechanical_angle_rad=6.165069103,valid=1,read_failures=0"
dengfoc,388,308151401808800,1.545236000,"SYNC_TRUTH,sequence=4436,truth_tick_us=17956584,mechanical_angle_rad=6.165069103,valid=1,read_failures=0"
dengfoc,389,308151405871700,1.549298900,"SYNC_TRUTH,sequence=4437,truth_tick_us=17960584,mechanical_angle_rad=6.165069103,valid=1,read_failures=0"
dengfoc,390,308151409747500,1.553174700,"SYNC_TRUTH,sequence=4438,truth_tick_us=17964584,mechanical_angle_rad=6.165069103,valid=1,read_failures=0"
dengfoc,391,308151413851400,1.557278600,"SYNC_TRUTH,sequence=4439,truth_tick_us=17968584,mechanical_angle_rad=6.165069103,valid=1,read_failures=0"
dengfoc,392,308151417745100,1.561172300,"SYNC_TRUTH,sequence=4440,truth_tick_us=17972584,mechanical_angle_rad=6.165069103,valid=1,read_failures=0"
dengfoc,393,308151421881000,1.565308200,"SYNC_TRUTH,sequence=4441,truth_tick_us=17976584,mechanical_angle_rad=6.165069103,valid=1,read_failures=0"
dengfoc,394,308151425790900,1.569218100,"SYNC_TRUTH,sequence=4442,truth_tick_us=17980584,mechanical_angle_rad=6.165069103,valid=1,read_failures=0"
dengfoc,395,308151429800000,1.573227200,"SYNC_TRUTH,sequence=4443,truth_tick_us=17984584,mechanical_angle_rad=6.165069103,valid=1,read_failures=0"
dengfoc,396,308151433867700,1.577294900,"SYNC_TRUTH,sequence=4444,truth_tick_us=17988584,mechanical_angle_rad=6.165069103,valid=1,read_failures=0"
dengfoc,397,308151437818800,1.581246000,"SYNC_TRUTH,sequence=4445,truth_tick_us=17992584,mechanical_angle_rad=6.165069103,valid=1,read_failures=0"
dengfoc,398,308151441977100,1.585404300,"SYNC_TRUTH,sequence=4446,truth_tick_us=17996584,mechanical_angle_rad=6.165069103,valid=1,read_failures=0"
dengfoc,399,308151444814400,1.588241600,"SYNC_TRUTH,sequence=4447,truth_tick_us=18000584,mechanical_angle_rad=6.165069103,valid=1,read_failures=0"
dengfoc,400,308151447767400,1.591194600,"SYNC_STATUS,frames=0,frame_fail=0,truth=4447,truth_fail=0,truth_tx_fail=0,idle=0,capture_state=0,capture_failure=0,rejected=0,overflow=0,recovered=0,session_rollovers=0,sync_level=0,driver_disabled=1"
dengfoc,401,308151450013300,1.593440500,"SYNC_TRUTH,sequence=4448,truth_tick_us=18004584,mechanical_angle_rad=6.165069103,valid=1,read_failures=0"
dengfoc,402,308151453804700,1.597231900,"SYNC_TRUTH,sequence=4449,truth_tick_us=18008584,mechanical_angle_rad=6.165069103,valid=1,read_failures=0"
dengfoc,403,308151457830100,1.601257300,"SYNC_TRUTH,sequence=4450,truth_tick_us=18012584,mechanical_angle_rad=6.165069103,valid=1,read_failures=0"
dengfoc,404,308151461799400,1.605226600,"SYNC_TRUTH,sequence=4451,truth_tick_us=18016584,mechanical_angle_rad=6.165069103,valid=1,read_failures=0"
dengfoc,405,308151465799200,1.609226400,"SYNC_TRUTH,sequence=4452,truth_tick_us=18020584,mechanical_angle_rad=6.165069103,valid=1,read_failures=0"
dengfoc,406,308151469890100,1.613317300,"SYNC_TRUTH,sequence=4453,truth_tick_us=18024584,mechanical_angle_rad=6.165069103,valid=1,read_failures=0"
dengfoc,407,308151473804200,1.617231400,"SYNC_TRUTH,sequence=4454,truth_tick_us=18028584,mechanical_angle_rad=6.165069103,valid=1,read_failures=0"
dengfoc,408,308151477932400,1.621359600,"SYNC_TRUTH,sequence=4455,truth_tick_us=18032584,mechanical_angle_rad=6.165069103,valid=1,read_failures=0"
dengfoc,409,308151481817500,1.625244700,"SYNC_TRUTH,sequence=4456,truth_tick_us=18036584,mechanical_angle_rad=6.165069103,valid=1,read_failures=0"
dengfoc,410,308151485932700,1.629359900,"SYNC_TRUTH,sequence=4457,truth_tick_us=18040584,mechanical_angle_rad=6.165069103,valid=1,read_failures=0"
dengfoc,411,308151489880700,1.633307900,"SYNC_TRUTH,sequence=4458,truth_tick_us=18044584,mechanical_angle_rad=6.165069103,valid=1,read_failures=0"
dengfoc,412,308151493836600,1.637263800,"SYNC_TRUTH,sequence=4459,truth_tick_us=18048584,mechanical_angle_rad=6.165069103,valid=1,read_failures=0"
dengfoc,413,308151497816300,1.641243500,"SYNC_TRUTH,sequence=4460,truth_tick_us=18052584,mechanical_angle_rad=6.165069103,valid=1,read_failures=0"
dengfoc,414,308151501840400,1.645267600,"SYNC_TRUTH,sequence=4461,truth_tick_us=18056584,mechanical_angle_rad=6.165069103,valid=1,read_failures=0"
dengfoc,415,308151505720100,1.649147300,"SYNC_TRUTH,sequence=4462,truth_tick_us=18060584,mechanical_angle_rad=6.165069103,valid=1,read_failures=0"
dengfoc,416,308151509822200,1.653249400,"SYNC_TRUTH,sequence=4463,truth_tick_us=18064584,mechanical_angle_rad=6.165069103,valid=1,read_failures=0"
dengfoc,417,308151513936100,1.657363300,"SYNC_TRUTH,sequence=4464,truth_tick_us=18068584,mechanical_angle_rad=6.165069103,valid=1,read_failures=0"
dengfoc,418,308151517769600,1.661196800,"SYNC_TRUTH,sequence=4465,truth_tick_us=18072584,mechanical_angle_rad=6.165069103,valid=1,read_failures=0"
dengfoc,419,308151521877400,1.665304600,"SYNC_TRUTH,sequence=4466,truth_tick_us=18076584,mechanical_angle_rad=6.165069103,valid=1,read_failures=0"
dengfoc,420,308151525815500,1.669242700,"SYNC_TRUTH,sequence=4467,truth_tick_us=18080584,mechanical_angle_rad=6.165069103,valid=1,read_failures=0"
dengfoc,421,308151529836300,1.673263500,"SYNC_TRUTH,sequence=4468,truth_tick_us=18084584,mechanical_angle_rad=6.165069103,valid=1,read_failures=0"
dengfoc,422,308151533773400,1.677200600,"SYNC_TRUTH,sequence=4469,truth_tick_us=18088584,mechanical_angle_rad=6.165069103,valid=1,read_failures=0"
dengfoc,423,308151537836500,1.681263700,"SYNC_TRUTH,sequence=4470,truth_tick_us=18092584,mechanical_angle_rad=6.165069103,valid=1,read_failures=0"
dengfoc,424,308151541785700,1.685212900,"SYNC_TRUTH,sequence=4471,truth_tick_us=18096584,mechanical_angle_rad=6.165069103,valid=1,read_failures=0"
dengfoc,425,308151545829200,1.689256400,"SYNC_TRUTH,sequence=4472,truth_tick_us=18100584,mechanical_angle_rad=6.165069103,valid=1,read_failures=0"
dengfoc,426,308151549925500,1.693352700,"SYNC_TRUTH,sequence=4473,truth_tick_us=18104584,mechanical_angle_rad=6.165069103,valid=1,read_failures=0"
dengfoc,427,308151553804400,1.697231600,"SYNC_TRUTH,sequence=4474,truth_tick_us=18108584,mechanical_angle_rad=6.165069103,valid=1,read_failures=0"
dengfoc,428,308151557907400,1.701334600,"SYNC_TRUTH,sequence=4475,truth_tick_us=18112584,mechanical_angle_rad=6.165069103,valid=1,read_failures=0"
dengfoc,429,308151561808800,1.705236000,"SYNC_TRUTH,sequence=4476,truth_tick_us=18116584,mechanical_angle_rad=6.165069103,valid=1,read_failures=0"
dengfoc,430,308151565976100,1.709403300,"SYNC_TRUTH,sequence=4477,truth_tick_us=18120584,mechanical_angle_rad=6.165069103,valid=1,read_failures=0"
dengfoc,431,308151569808200,1.713235400,"SYNC_TRUTH,sequence=4478,truth_tick_us=18124584,mechanical_angle_rad=6.165069103,valid=1,read_failures=0"
dengfoc,432,308151573918800,1.717346000,"SYNC_TRUTH,sequence=4479,truth_tick_us=18128584,mechanical_angle_rad=6.165069103,valid=1,read_failures=0"
dengfoc,433,308151577720800,1.721148000,"SYNC_TRUTH,sequence=4480,truth_tick_us=18132584,mechanical_angle_rad=6.165069103,valid=1,read_failures=0"
dengfoc,434,308151581899100,1.725326300,"SYNC_TRUTH,sequence=4481,truth_tick_us=18136584,mechanical_angle_rad=6.165069103,valid=1,read_failures=0"
dengfoc,435,308151585832000,1.729259200,"SYNC_TRUTH,sequence=4482,truth_tick_us=18140584,mechanical_angle_rad=6.165069103,valid=1,read_failures=0"
dengfoc,436,308151589792500,1.733219700,"SYNC_TRUTH,sequence=4483,truth_tick_us=18144584,mechanical_angle_rad=6.165069103,valid=1,read_failures=0"
dengfoc,437,308151593894700,1.737321900,"SYNC_TRUTH,sequence=4484,truth_tick_us=18148584,mechanical_angle_rad=6.165069103,valid=1,read_failures=0"
dengfoc,438,308151597833200,1.741260400,"SYNC_TRUTH,sequence=4485,truth_tick_us=18152584,mechanical_angle_rad=6.165069103,valid=1,read_failures=0"
dengfoc,439,308151601919500,1.745346700,"SYNC_TRUTH,sequence=4486,truth_tick_us=18156584,mechanical_angle_rad=6.165069103,valid=1,read_failures=0"
dengfoc,440,308151605752200,1.749179400,"SYNC_TRUTH,sequence=4487,truth_tick_us=18160584,mechanical_angle_rad=6.165069103,valid=1,read_failures=0"
dengfoc,441,308151609943200,1.753370400,"SYNC_TRUTH,sequence=4488,truth_tick_us=18164584,mechanical_angle_rad=6.165069103,valid=1,read_failures=0"
dengfoc,442,308151613775100,1.757202300,"SYNC_TRUTH,sequence=4489,truth_tick_us=18168584,mechanical_angle_rad=6.165069103,valid=1,read_failures=0"
dengfoc,443,308151617842200,1.761269400,"SYNC_TRUTH,sequence=4490,truth_tick_us=18172584,mechanical_angle_rad=6.165069103,valid=1,read_failures=0"
dengfoc,444,308151621718600,1.765145800,"SYNC_TRUTH,sequence=4491,truth_tick_us=18176584,mechanical_angle_rad=6.165069103,valid=1,read_failures=0"
dengfoc,445,308151625844700,1.769271900,"SYNC_TRUTH,sequence=4492,truth_tick_us=18180584,mechanical_angle_rad=6.165069103,valid=1,read_failures=0"
dengfoc,446,308151629803100,1.773230300,"SYNC_TRUTH,sequence=4493,truth_tick_us=18184584,mechanical_angle_rad=6.165069103,valid=1,read_failures=0"
dengfoc,447,308151633869100,1.777296300,"SYNC_TRUTH,sequence=4494,truth_tick_us=18188584,mechanical_angle_rad=6.165069103,valid=1,read_failures=0"
dengfoc,448,308151637957100,1.781384300,"SYNC_TRUTH,sequence=4495,truth_tick_us=18192584,mechanical_angle_rad=6.165069103,valid=1,read_failures=0"
dengfoc,449,308151641836800,1.785264000,"SYNC_TRUTH,sequence=4496,truth_tick_us=18196584,mechanical_angle_rad=6.165069103,valid=1,read_failures=0"
dengfoc,450,308151645893900,1.789321100,"SYNC_TRUTH,sequence=4497,truth_tick_us=18200584,mechanical_angle_rad=6.165069103,valid=1,read_failures=0"
dengfoc,451,308151649903800,1.793331000,"SYNC_TRUTH,sequence=4498,truth_tick_us=18204584,mechanical_angle_rad=6.165069103,valid=1,read_failures=0"
dengfoc,452,308151653917100,1.797344300,"SYNC_TRUTH,sequence=4499,truth_tick_us=18208584,mechanical_angle_rad=6.165069103,valid=1,read_failures=0"
dengfoc,453,308151657797800,1.801225000,"SYNC_TRUTH,sequence=4500,truth_tick_us=18212584,mechanical_angle_rad=6.165069103,valid=1,read_failures=0"
dengfoc,454,308151661812300,1.805239500,"SYNC_TRUTH,sequence=4501,truth_tick_us=18216584,mechanical_angle_rad=6.165069103,valid=1,read_failures=0"
dengfoc,455,308151665766000,1.809193200,"SYNC_TRUTH,sequence=4502,truth_tick_us=18220584,mechanical_angle_rad=6.165069103,valid=1,read_failures=0"
dengfoc,456,308151669794800,1.813222000,"SYNC_TRUTH,sequence=4503,truth_tick_us=18224584,mechanical_angle_rad=6.165069103,valid=1,read_failures=0"
dengfoc,457,308151673731800,1.817159000,"SYNC_TRUTH,sequence=4504,truth_tick_us=18228584,mechanical_angle_rad=6.165069103,valid=1,read_failures=0"
dengfoc,458,308151677819600,1.821246800,"SYNC_TRUTH,sequence=4505,truth_tick_us=18232584,mechanical_angle_rad=6.165069103,valid=1,read_failures=0"
dengfoc,459,308151681936600,1.825363800,"SYNC_TRUTH,sequence=4506,truth_tick_us=18236584,mechanical_angle_rad=6.165069103,valid=1,read_failures=0"
dengfoc,460,308151685830800,1.829258000,"SYNC_TRUTH,sequence=4507,truth_tick_us=18240584,mechanical_angle_rad=6.165069103,valid=1,read_failures=0"
dengfoc,461,308151689885800,1.833313000,"SYNC_TRUTH,sequence=4508,truth_tick_us=18244584,mechanical_angle_rad=6.165069103,valid=1,read_failures=0"
dengfoc,462,308151693779500,1.837206700,"SYNC_TRUTH,sequence=4509,truth_tick_us=18248584,mechanical_angle_rad=6.165069103,valid=1,read_failures=0"
dengfoc,463,308151697923700,1.841350900,"SYNC_TRUTH,sequence=4510,truth_tick_us=18252584,mechanical_angle_rad=6.165069103,valid=1,read_failures=0"
dengfoc,464,308151701802500,1.845229700,"SYNC_TRUTH,sequence=4511,truth_tick_us=18256584,mechanical_angle_rad=6.165069103,valid=1,read_failures=0"
dengfoc,465,308151705884000,1.849311200,"SYNC_TRUTH,sequence=4512,truth_tick_us=18260584,mechanical_angle_rad=6.165069103,valid=1,read_failures=0"
dengfoc,466,308151709755500,1.853182700,"SYNC_TRUTH,sequence=4513,truth_tick_us=18264584,mechanical_angle_rad=6.165069103,valid=1,read_failures=0"
dengfoc,467,308151713878300,1.857305500,"SYNC_TRUTH,sequence=4514,truth_tick_us=18268584,mechanical_angle_rad=6.165069103,valid=1,read_failures=0"
dengfoc,468,308151717755200,1.861182400,"SYNC_TRUTH,sequence=4515,truth_tick_us=18272584,mechanical_angle_rad=6.165069103,valid=1,read_failures=0"
dengfoc,469,308151721782500,1.865209700,"SYNC_TRUTH,sequence=4516,truth_tick_us=18276584,mechanical_angle_rad=6.165069103,valid=1,read_failures=0"
dengfoc,470,308151725897200,1.869324400,"SYNC_TRUTH,sequence=4517,truth_tick_us=18280584,mechanical_angle_rad=6.165069103,valid=1,read_failures=0"
dengfoc,471,308151729917500,1.873344700,"SYNC_TRUTH,sequence=4518,truth_tick_us=18284584,mechanical_angle_rad=6.165069103,valid=1,read_failures=0"
dengfoc,472,308151733860900,1.877288100,"SYNC_TRUTH,sequence=4519,truth_tick_us=18288584,mechanical_angle_rad=6.165069103,valid=1,read_failures=0"
dengfoc,473,308151737758100,1.881185300,"SYNC_TRUTH,sequence=4520,truth_tick_us=18292584,mechanical_angle_rad=6.165069103,valid=1,read_failures=0"
dengfoc,474,308151741928600,1.885355800,"SYNC_TRUTH,sequence=4521,truth_tick_us=18296584,mechanical_angle_rad=6.165069103,valid=1,read_failures=0"
dengfoc,475,308151745737900,1.889165100,"SYNC_TRUTH,sequence=4522,truth_tick_us=18300584,mechanical_angle_rad=6.165069103,valid=1,read_failures=0"
dengfoc,476,308151749809400,1.893236600,"SYNC_TRUTH,sequence=4523,truth_tick_us=18304584,mechanical_angle_rad=6.165069103,valid=1,read_failures=0"
dengfoc,477,308151753773700,1.897200900,"SYNC_TRUTH,sequence=4524,truth_tick_us=18308584,mechanical_angle_rad=6.165069103,valid=1,read_failures=0"
dengfoc,478,308151757887600,1.901314800,"SYNC_TRUTH,sequence=4525,truth_tick_us=18312584,mechanical_angle_rad=6.165069103,valid=1,read_failures=0"
dengfoc,479,308151761795600,1.905222800,"SYNC_TRUTH,sequence=4526,truth_tick_us=18316584,mechanical_angle_rad=6.165069103,valid=1,read_failures=0"
dengfoc,480,308151765813000,1.909240200,"SYNC_TRUTH,sequence=4527,truth_tick_us=18320584,mechanical_angle_rad=6.165069103,valid=1,read_failures=0"
dengfoc,481,308151769963500,1.913390700,"SYNC_TRUTH,sequence=4528,truth_tick_us=18324584,mechanical_angle_rad=6.165069103,valid=1,read_failures=0"
dengfoc,482,308151774056200,1.917483400,"SYNC_TRUTH,sequence=4529,truth_tick_us=18328584,mechanical_angle_rad=6.165069103,valid=1,read_failures=0"
dengfoc,483,308151777904400,1.921331600,"SYNC_TRUTH,sequence=4530,truth_tick_us=18332584,mechanical_angle_rad=6.165069103,valid=1,read_failures=0"
dengfoc,484,308151781742800,1.925170000,"SYNC_TRUTH,sequence=4531,truth_tick_us=18336584,mechanical_angle_rad=6.165069103,valid=1,read_failures=0"
dengfoc,485,308151786010000,1.929437200,"SYNC_TRUTH,sequence=4532,truth_tick_us=18340584,mechanical_angle_rad=6.165069103,valid=1,read_failures=0"
dengfoc,486,308151789808700,1.933235900,"SYNC_TRUTH,sequence=4533,truth_tick_us=18344584,mechanical_angle_rad=6.165069103,valid=1,read_failures=0"
dengfoc,487,308151793799400,1.937226600,"SYNC_TRUTH,sequence=4534,truth_tick_us=18348584,mechanical_angle_rad=6.165069103,valid=1,read_failures=0"
dengfoc,488,308151797767800,1.941195000,"SYNC_TRUTH,sequence=4535,truth_tick_us=18352584,mechanical_angle_rad=6.165069103,valid=1,read_failures=0"
dengfoc,489,308151801822800,1.945250000,"SYNC_TRUTH,sequence=4536,truth_tick_us=18356584,mechanical_angle_rad=6.165069103,valid=1,read_failures=0"
dengfoc,490,308151805945500,1.949372700,"SYNC_TRUTH,sequence=4537,truth_tick_us=18360584,mechanical_angle_rad=6.165069103,valid=1,read_failures=0"
dengfoc,491,308151809776500,1.953203700,"SYNC_TRUTH,sequence=4538,truth_tick_us=18364584,mechanical_angle_rad=6.165069103,valid=1,read_failures=0"
dengfoc,492,308151813917100,1.957344300,"SYNC_TRUTH,sequence=4539,truth_tick_us=18368584,mechanical_angle_rad=6.165069103,valid=1,read_failures=0"
dengfoc,493,308151817827300,1.961254500,"SYNC_TRUTH,sequence=4540,truth_tick_us=18372584,mechanical_angle_rad=6.165069103,valid=1,read_failures=0"
dengfoc,494,308151822109000,1.965536200,"SYNC_TRUTH,sequence=4541,truth_tick_us=18376584,mechanical_angle_rad=6.165069103,valid=1,read_failures=0"
dengfoc,495,308151825761300,1.969188500,"SYNC_TRUTH,sequence=4542,truth_tick_us=18380584,mechanical_angle_rad=6.165069103,valid=1,read_failures=0"
dengfoc,496,308151829803000,1.973230200,"SYNC_TRUTH,sequence=4543,truth_tick_us=18384584,mechanical_angle_rad=6.165069103,valid=1,read_failures=0"
dengfoc,497,308151833760300,1.977187500,"SYNC_TRUTH,sequence=4544,truth_tick_us=18388584,mechanical_angle_rad=6.165069103,valid=1,read_failures=0"
dengfoc,498,308151837893900,1.981321100,"SYNC_TRUTH,sequence=4545,truth_tick_us=18392584,mechanical_angle_rad=6.165069103,valid=1,read_failures=0"
dengfoc,499,308151841718500,1.985145700,"SYNC_TRUTH,sequence=4546,truth_tick_us=18396584,mechanical_angle_rad=6.165069103,valid=1,read_failures=0"
dengfoc,500,308151845818500,1.989245700,"SYNC_TRUTH,sequence=4547,truth_tick_us=18400584,mechanical_angle_rad=6.165069103,valid=1,read_failures=0"
dengfoc,501,308151849884700,1.993311900,"SYNC_TRUTH,sequence=4548,truth_tick_us=18404584,mechanical_angle_rad=6.165069103,valid=1,read_failures=0"
dengfoc,502,308151853860300,1.997287500,"SYNC_TRUTH,sequence=4549,truth_tick_us=18408584,mechanical_angle_rad=6.165069103,valid=1,read_failures=0"
dengfoc,503,308151857886900,2.001314100,"SYNC_TRUTH,sequence=4550,truth_tick_us=18412584,mechanical_angle_rad=6.165069103,valid=1,read_failures=0"
dengfoc,504,308151861799500,2.005226700,"SYNC_TRUTH,sequence=4551,truth_tick_us=18416584,mechanical_angle_rad=6.165069103,valid=1,read_failures=0"
dengfoc,505,308151865923300,2.009350500,"SYNC_TRUTH,sequence=4552,truth_tick_us=18420584,mechanical_angle_rad=6.165069103,valid=1,read_failures=0"
