sequence,truth_tick,mechanical_angle_rad,valid,read_failures
230947,924001584,6.165069103,1,0
230948,924005584,6.165069103,1,0
230949,924009584,6.165069103,1,0
230950,924013584,6.165069103,1,0
230951,924017584,6.165069103,1,0
230952,924021584,6.165069103,1,0
230953,924025584,6.165069103,1,0
230954,924029584,6.165069103,1,0
230955,924033584,6.165069103,1,0
230956,924037584,6.165069103,1,0
230957,924041584,6.165069103,1,0
230958,924045584,6.165069103,1,0
230959,924049584,6.165069103,1,0
230960,924053584,6.165069103,1,0
230961,924057584,6.165069103,1,0
230962,924061584,6.165069103,1,0
230963,924065584,6.165069103,1,0
230964,924069584,6.165069103,1,0
230965,924073584,6.165069103,1,0
230966,924077584,6.165069103,1,0
230967,924081584,6.165069103,1,0
230968,924085584,6.165069103,1,0
230969,924089584,6.165069103,1,0
230970,924093584,6.165069103,1,0
230971,924097584,6.165069103,1,0
230972,924101584,6.165069103,1,0
230973,924105584,6.165069103,1,0
230974,924109584,6.165069103,1,0
230975,924113584,6.165069103,1,0
230976,924117584,6.165069103,1,0
230977,924121584,6.165069103,1,0
230978,924125584,6.165069103,1,0
230979,924129584,6.165069103,1,0
230980,924133584,6.165069103,1,0
230981,924137584,6.165069103,1,0
230982,924141584,6.165069103,1,0
230983,924145584,6.165069103,1,0
230984,924149584,6.165069103,1,0
230985,924153584,6.165069103,1,0
230986,924157584,6.165069103,1,0
230987,924161584,6.165069103,1,0
230988,924165584,6.165069103,1,0
230989,924169584,6.165069103,1,0
230990,924173584,6.165069103,1,0
230991,924177584,6.165069103,1,0
230992,924181584,6.165069103,1,0
230993,924185584,6.165069103,1,0
230994,924189584,6.165069103,1,0
230995,924193584,6.165069103,1,0
230996,924197584,6.165069103,1,0
230997,924201584,6.165069103,1,0
230998,924205584,6.165069103,1,0
230999,924209584,6.165069103,1,0
231000,924213584,6.165069103,1,0
231001,924217584,6.165069103,1,0
231002,924221584,6.165069103,1,0
231003,924225584,6.165069103,1,0
231004,924229584,6.165069103,1,0
231005,924233584,6.165069103,1,0
231006,924237584,6.165069103,1,0
231007,924241584,6.165069103,1,0
231008,924245584,6.165069103,1,0
231009,924249584,6.165069103,1,0
231010,924253584,6.165069103,1,0
231011,924257584,6.165069103,1,0
231012,924261584,6.165069103,1,0
231013,924265584,6.165069103,1,0
231014,924269584,6.165069103,1,0
231015,924273584,6.165069103,1,0
231016,924277584,6.165069103,1,0
231017,924281584,6.165069103,1,0
231018,924285584,6.165069103,1,0
231019,924289584,6.165069103,1,0
231020,924293584,6.165069103,1,0
231021,924297584,6.165069103,1,0
231022,924301584,6.165069103,1,0
231023,924305584,6.165069103,1,0
231024,924309584,6.165069103,1,0
231025,924313584,6.165069103,1,0
231026,924317584,6.165069103,1,0
231027,924321584,6.165069103,1,0
231028,924325584,6.165069103,1,0
231029,924329584,6.165069103,1,0
231030,924333584,6.165069103,1,0
231031,924337584,6.165069103,1,0
231032,924341584,6.165069103,1,0
231033,924345584,6.165069103,1,0
231034,924349584,6.165069103,1,0
231035,924353584,6.165069103,1,0
231036,924357584,6.165069103,1,0
231037,924361584,6.165069103,1,0
231038,924365584,6.165069103,1,0
231039,924369584,6.165069103,1,0
231040,924373584,6.165069103,1,0
231041,924377584,6.165069103,1,0
231042,924381584,6.165069103,1,0
231043,924385584,6.165069103,1,0
231044,924389584,6.165069103,1,0
231045,924393584,6.165069103,1,0
231046,924397584,6.165069103,1,0
231047,924401584,6.165069103,1,0
231048,924405584,6.165069103,1,0
231049,924409584,6.165069103,1,0
231050,924413584,6.165069103,1,0
231051,924417584,6.165069103,1,0
231052,924421584,6.165069103,1,0
231053,924425584,6.165069103,1,0
231054,924429584,6.165069103,1,0
231055,924433584,6.165069103,1,0
231056,924437584,6.165069103,1,0
231057,924441584,6.165069103,1,0
231058,924445584,6.165069103,1,0
231059,924449584,6.165069103,1,0
231060,924453584,6.165069103,1,0
231061,924457584,6.165069103,1,0
231062,924461584,6.165069103,1,0
231063,924465584,6.165069103,1,0
231064,924469584,6.165069103,1,0
231065,924473584,6.165069103,1,0
231066,924477584,6.165069103,1,0
231067,924481584,6.165069103,1,0
231068,924485584,6.165069103,1,0
231069,924489584,6.165069103,1,0
231070,924493584,6.165069103,1,0
231071,924497584,6.165069103,1,0
231072,924501584,6.165069103,1,0
231073,924505584,6.165069103,1,0
231074,924509584,6.165069103,1,0
231075,924513584,6.165069103,1,0
231076,924517584,6.165069103,1,0
231077,924521584,6.165069103,1,0
231078,924525584,6.165069103,1,0
231079,924529584,6.165069103,1,0
231080,924533584,6.165069103,1,0
231081,924537584,6.165069103,1,0
231082,924541584,6.165069103,1,0
231083,924545584,6.165069103,1,0
231084,924549584,6.165069103,1,0
231085,924553584,6.165069103,1,0
231086,924557584,6.165069103,1,0
231087,924561584,6.165069103,1,0
231088,924565584,6.165069103,1,0
231089,924569584,6.165069103,1,0
231090,924573584,6.165069103,1,0
231091,924577584,6.165069103,1,0
231092,924581584,6.165069103,1,0
231093,924585584,6.165069103,1,0
231094,924589584,6.165069103,1,0
231095,924593584,6.165069103,1,0
231096,924597584,6.165069103,1,0
231097,924601584,6.165069103,1,0
231098,924605584,6.165069103,1,0
231099,924609584,6.165069103,1,0
231100,924613584,6.165069103,1,0
231101,924617584,6.165069103,1,0
231102,924621584,6.165069103,1,0
231103,924625584,6.165069103,1,0
231104,924629584,6.165069103,1,0
231105,924633584,6.165069103,1,0
231106,924637584,6.165069103,1,0
231107,924641584,6.165069103,1,0
231108,924645584,6.165069103,1,0
231109,924649584,6.165069103,1,0
231110,924653584,6.165069103,1,0
231111,924657584,6.165069103,1,0
231112,924661584,6.165069103,1,0
231113,924665584,6.165069103,1,0
231114,924669584,6.165069103,1,0
231115,924673584,6.165069103,1,0
231116,924677584,6.165069103,1,0
231117,924681584,6.165069103,1,0
231118,924685584,6.165069103,1,0
231119,924689584,6.165069103,1,0
231120,924693584,6.165069103,1,0
231121,924697584,6.165069103,1,0
231122,924701584,6.165069103,1,0
231123,924705584,6.165069103,1,0
231124,924709584,6.165069103,1,0
231125,924713584,6.165069103,1,0
231126,924717584,6.165069103,1,0
231127,924721584,6.165069103,1,0
231128,924725584,6.165069103,1,0
231129,924729584,6.165069103,1,0
231130,924733584,6.165069103,1,0
231131,924737584,6.165069103,1,0
231132,924741584,6.165069103,1,0
231133,924745584,6.165069103,1,0
231134,924749584,6.165069103,1,0
231135,924753584,6.165069103,1,0
231136,924757584,6.165069103,1,0
231137,924761584,6.165069103,1,0
231138,924765584,6.165069103,1,0
231139,924769584,6.165069103,1,0
231140,924773584,6.165069103,1,0
231141,924777584,6.165069103,1,0
231142,924781584,6.165069103,1,0
231143,924785584,6.165069103,1,0
231144,924789584,6.165069103,1,0
231145,924793584,6.165069103,1,0
231146,924797584,6.165069103,1,0
231147,924801584,6.165069103,1,0
231148,924805584,6.165069103,1,0
231149,924809584,6.165069103,1,0
231150,924813584,6.165069103,1,0
231151,924817584,6.165069103,1,0
231152,924821584,6.165069103,1,0
231153,924825584,6.165069103,1,0
231154,924829584,6.165069103,1,0
231155,924833584,6.165069103,1,0
231156,924837584,6.165069103,1,0
231157,924841584,6.165069103,1,0
231158,924845584,6.165069103,1,0
231159,924849584,6.165069103,1,0
231160,924853584,6.165069103,1,0
231161,924857584,6.165069103,1,0
231162,924861584,6.165069103,1,0
231163,924865584,6.165069103,1,0
231164,924869584,6.165069103,1,0
231165,924873584,6.165069103,1,0
231166,924877584,6.165069103,1,0
231167,924881584,6.165069103,1,0
231168,924885584,6.165069103,1,0
231169,924889584,6.165069103,1,0
231170,924893584,6.165069103,1,0
231171,924897584,6.165069103,1,0
231172,924901584,6.165069103,1,0
231173,924905584,6.165069103,1,0
231174,924909584,6.165069103,1,0
231175,924913584,6.165069103,1,0
231176,924917584,6.165069103,1,0
231177,924921584,6.165069103,1,0
231178,924925584,6.165069103,1,0
231179,924929584,6.165069103,1,0
231180,924933584,6.165069103,1,0
231181,924937584,6.165069103,1,0
231182,924941584,6.165069103,1,0
231183,924945584,6.165069103,1,0
231184,924949584,6.165069103,1,0
231185,924953584,6.165069103,1,0
231186,924957584,6.165069103,1,0
231187,924961584,6.165069103,1,0
231188,924965584,6.165069103,1,0
231189,924969584,6.165069103,1,0
231190,924973584,6.165069103,1,0
231191,924977584,6.165069103,1,0
231192,924981584,6.165069103,1,0
231193,924985584,6.165069103,1,0
231194,924989584,6.165069103,1,0
231195,924993584,6.165069103,1,0
231196,924997584,6.165069103,1,0
231197,925001584,6.165069103,1,0
231198,925005584,6.165069103,1,0
231199,925009584,6.165069103,1,0
231200,925013584,6.165069103,1,0
231201,925017584,6.165069103,1,0
231202,925021584,6.165069103,1,0
231203,925025584,6.165069103,1,0
231204,925029584,6.165069103,1,0
231205,925033584,6.165069103,1,0
231206,925037584,6.165069103,1,0
231207,925041584,6.165069103,1,0
231208,925045584,6.165069103,1,0
231209,925049584,6.165069103,1,0
231210,925053584,6.165069103,1,0
231211,925057584,6.165069103,1,0
231212,925061584,6.165069103,1,0
231213,925065584,6.165069103,1,0
231214,925069584,6.165069103,1,0
231215,925073584,6.165069103,1,0
231216,925077584,6.165069103,1,0
231217,925081584,6.165069103,1,0
231218,925085584,6.165069103,1,0
231219,925089584,6.165069103,1,0
231220,925093584,6.165069103,1,0
231221,925097584,6.165069103,1,0
231222,925101584,6.165069103,1,0
231223,925105584,6.165069103,1,0
231224,925109584,6.165069103,1,0
231225,925113584,6.165069103,1,0
231226,925117584,6.165069103,1,0
231227,925121584,6.165069103,1,0
231228,925125584,6.165069103,1,0
231229,925129584,6.165069103,1,0
231230,925133584,6.165069103,1,0
231231,925137584,6.165069103,1,0
231232,925141584,6.165069103,1,0
231233,925145584,6.165069103,1,0
231234,925149584,6.165069103,1,0
231235,925153584,6.165069103,1,0
231236,925157584,6.165069103,1,0
231237,925161584,6.165069103,1,0
231238,925165584,6.165069103,1,0
231239,925169584,6.165069103,1,0
231240,925173584,6.165069103,1,0
231241,925177584,6.165069103,1,0
231242,925181584,6.165069103,1,0
231243,925185584,6.165069103,1,0
231244,925189584,6.165069103,1,0
231245,925193584,6.165069103,1,0
231246,925197584,6.165069103,1,0
231247,925201584,6.165069103,1,0
231248,925205584,6.165069103,1,0
231249,925209584,6.165069103,1,0
231250,925213584,6.165069103,1,0
231251,925217584,6.165069103,1,0
231252,925221584,6.165069103,1,0
231253,925225584,6.165069103,1,0
231254,925229584,6.165069103,1,0
231255,925233584,6.165069103,1,0
231256,925237584,6.165069103,1,0
231257,925241584,6.165069103,1,0
231258,925245584,6.165069103,1,0
231259,925249584,6.165069103,1,0
231260,925253584,6.165069103,1,0
231261,925257584,6.165069103,1,0
231262,925261584,6.165069103,1,0
231263,925265584,6.165069103,1,0
231264,925269584,6.165069103,1,0
231265,925273584,6.165069103,1,0
231266,925277584,6.165069103,1,0
231267,925281584,6.165069103,1,0
231268,925285584,6.165069103,1,0
231269,925289584,6.165069103,1,0
231270,925293584,6.165069103,1,0
231271,925297584,6.165069103,1,0
231272,925301584,6.165069103,1,0
231273,925305584,6.165069103,1,0
231274,925309584,6.165069103,1,0
231275,925313584,6.165069103,1,0
231276,925317584,6.165069103,1,0
231277,925321584,6.165069103,1,0
231278,925325584,6.165069103,1,0
231279,925329584,6.165069103,1,0
231280,925333584,6.165069103,1,0
231281,925337584,6.165069103,1,0
231282,925341584,6.165069103,1,0
231283,925345584,6.165069103,1,0
231284,925349584,6.165069103,1,0
231285,925353584,6.165069103,1,0
231286,925357584,6.165069103,1,0
231287,925361584,6.165069103,1,0
231288,925365584,6.165069103,1,0
231289,925369584,6.165069103,1,0
231290,925373584,6.165069103,1,0
231291,925377584,6.165069103,1,0
231292,925381584,6.165069103,1,0
231293,925385584,6.165069103,1,0
231294,925389584,6.165069103,1,0
231295,925393584,6.165069103,1,0
231296,925397584,6.165069103,1,0
231297,925401584,6.165069103,1,0
231298,925405584,6.165069103,1,0
231299,925409584,6.165069103,1,0
231300,925413584,6.165069103,1,0
231301,925417584,6.165069103,1,0
231302,925421584,6.165069103,1,0
231303,925425584,6.165069103,1,0
231304,925429584,6.165069103,1,0
231305,925433584,6.165069103,1,0
231306,925437584,6.165069103,1,0
231307,925441584,6.165069103,1,0
231308,925445584,6.165069103,1,0
231309,925449584,6.165069103,1,0
231310,925453584,6.165069103,1,0
231311,925457584,6.165069103,1,0
231312,925461584,6.165069103,1,0
231313,925465584,6.165069103,1,0
231314,925469584,6.165069103,1,0
231315,925473584,6.165069103,1,0
231316,925477584,6.165069103,1,0
231317,925481584,6.165069103,1,0
231318,925485584,6.165069103,1,0
231319,925489584,6.165069103,1,0
231320,925493584,6.165069103,1,0
231321,925497584,6.165069103,1,0
231322,925501584,6.165069103,1,0
231323,925505584,6.165069103,1,0
231324,925509584,6.165069103,1,0
231325,925513584,6.165069103,1,0
231326,925517584,6.165069103,1,0
231327,925521584,6.165069103,1,0
231328,925525584,6.165069103,1,0
231329,925529584,6.165069103,1,0
231330,925533584,6.165069103,1,0
231331,925537584,6.165069103,1,0
231332,925541584,6.165069103,1,0
231333,925545584,6.165069103,1,0
231334,925549584,6.165069103,1,0
231335,925553584,6.165069103,1,0
231336,925557584,6.165069103,1,0
231337,925561584,6.165069103,1,0
231338,925565584,6.165069103,1,0
231339,925569584,6.165069103,1,0
231340,925573584,6.165069103,1,0
231341,925577584,6.165069103,1,0
231342,925581584,6.165069103,1,0
231343,925585584,6.165069103,1,0
231344,925589584,6.165069103,1,0
231345,925593584,6.165069103,1,0
231346,925597584,6.165069103,1,0
231347,925601584,6.165069103,1,0
231348,925605584,6.165069103,1,0
231349,925609584,6.165069103,1,0
231350,925613584,6.165069103,1,0
231351,925617584,6.165069103,1,0
231352,925621584,6.165069103,1,0
231353,925625584,6.165069103,1,0
231354,925629584,6.165069103,1,0
231355,925633584,6.165069103,1,0
231356,925637584,6.165069103,1,0
231357,925641584,6.165069103,1,0
231358,925645584,6.165069103,1,0
231359,925649584,6.165069103,1,0
231360,925653584,6.165069103,1,0
231361,925657584,6.165069103,1,0
231362,925661584,6.165069103,1,0
231363,925665584,6.165069103,1,0
231364,925669584,6.165069103,1,0
231365,925673584,6.165069103,1,0
231366,925677584,6.165069103,1,0
231367,925681584,6.165069103,1,0
231368,925685584,6.165069103,1,0
231369,925689584,6.165069103,1,0
231370,925693584,6.165069103,1,0
231371,925697584,6.165069103,1,0
231372,925701584,6.165069103,1,0
231373,925705584,6.165069103,1,0
231374,925709584,6.165069103,1,0
231375,925713584,6.165069103,1,0
231376,925717584,6.165069103,1,0
231377,925721584,6.165069103,1,0
231378,925725584,6.165069103,1,0
231379,925729584,6.165069103,1,0
231380,925733584,6.165069103,1,0
231381,925737584,6.165069103,1,0
231382,925741584,6.165069103,1,0
231383,925745584,6.165069103,1,0
231384,925749584,6.165069103,1,0
231385,925753584,6.165069103,1,0
231386,925757584,6.165069103,1,0
231387,925761584,6.165069103,1,0
231388,925765584,6.165069103,1,0
231389,925769584,6.165069103,1,0
231390,925773584,6.165069103,1,0
231391,925777584,6.165069103,1,0
231392,925781584,6.165069103,1,0
231393,925785584,6.165069103,1,0
231394,925789584,6.165069103,1,0
231395,925793584,6.165069103,1,0
231396,925797584,6.165069103,1,0
231397,925801584,6.165069103,1,0
231398,925805584,6.165069103,1,0
231399,925809584,6.165069103,1,0
231400,925813584,6.165069103,1,0
231401,925817584,6.165069103,1,0
231402,925821584,6.165069103,1,0
231403,925825584,6.165069103,1,0
231404,925829584,6.165069103,1,0
231405,925833584,6.165069103,1,0
231406,925837584,6.165069103,1,0
231407,925841584,6.165069103,1,0
231408,925845584,6.165069103,1,0
231409,925849584,6.165069103,1,0
231410,925853584,6.165069103,1,0
231411,925857584,6.165069103,1,0
231412,925861584,6.165069103,1,0
231413,925865584,6.165069103,1,0
231414,925869584,6.165069103,1,0
231415,925873584,6.165069103,1,0
231416,925877584,6.165069103,1,0
231417,925881584,6.165069103,1,0
231418,925885584,6.165069103,1,0
231419,925889584,6.165069103,1,0
231420,925893584,6.165069103,1,0
231421,925897584,6.165069103,1,0
231422,925901584,6.165069103,1,0
231423,925905584,6.165069103,1,0
231424,925909584,6.165069103,1,0
231425,925913584,6.165069103,1,0
231426,925917584,6.165069103,1,0
231427,925921584,6.165069103,1,0
231428,925925584,6.165069103,1,0
231429,925929584,6.165069103,1,0
231430,925933584,6.165069103,1,0
231431,925937584,6.165069103,1,0
231432,925941584,6.165069103,1,0
231433,925945584,6.165069103,1,0
231434,925949584,6.165069103,1,0
231435,925953584,6.165069103,1,0
231436,925957584,6.165069103,1,0
231437,925961584,6.165069103,1,0
231438,925965584,6.165069103,1,0
231439,925969584,6.165069103,1,0
231440,925973584,6.165069103,1,0
231441,925977584,6.165069103,1,0
231442,925981584,6.165069103,1,0
231443,925985584,6.165069103,1,0
231444,925989584,6.165069103,1,0
231445,925993584,6.165069103,1,0
231446,925997584,6.165069103,1,0
231447,926001584,6.165069103,1,0
231448,926005584,6.165069103,1,0
231449,926009584,6.165069103,1,0
231450,926013584,6.165069103,1,0
231451,926017584,6.165069103,1,0
231452,926021584,6.165069103,1,0
231453,926025584,6.165069103,1,0
231454,926029584,6.165069103,1,0
231455,926033584,6.165069103,1,0
231456,926037584,6.165069103,1,0
231457,926041584,6.165069103,1,0
231458,926045584,6.165069103,1,0
231459,926049584,6.165069103,1,0
231460,926053584,6.165069103,1,0
231461,926057584,6.165069103,1,0
231462,926061584,6.165069103,1,0
231463,926065584,6.165069103,1,0
231464,926069584,6.165069103,1,0
231465,926073584,6.165069103,1,0
231466,926077584,6.165069103,1,0
231467,926081584,6.165069103,1,0
231468,926085584,6.165069103,1,0
231469,926089584,6.165069103,1,0
231470,926093584,6.165069103,1,0
231471,926097584,6.165069103,1,0
231472,926101584,6.165069103,1,0
231473,926105584,6.165069103,1,0
231474,926109584,6.165069103,1,0
231475,926113584,6.165069103,1,0
231476,926117584,6.165069103,1,0
231477,926121584,6.165069103,1,0
231478,926125584,6.165069103,1,0
231479,926129584,6.165069103,1,0
231480,926133584,6.165069103,1,0
231481,926137584,6.165069103,1,0
231482,926141584,6.165069103,1,0
231483,926145584,6.165069103,1,0
231484,926149584,6.165069103,1,0
231485,926153584,6.165069103,1,0
231486,926157584,6.165069103,1,0
231487,926161584,6.165069103,1,0
231488,926165584,6.165069103,1,0
231489,926169584,6.165069103,1,0
231490,926173584,6.165069103,1,0
231491,926177584,6.165069103,1,0
231492,926181584,6.165069103,1,0
231493,926185584,6.165069103,1,0
231494,926189584,6.165069103,1,0
231495,926193584,6.165069103,1,0
231496,926197584,6.165069103,1,0
231497,926201584,6.165069103,1,0
231498,926205584,6.165069103,1,0
231499,926209584,6.165069103,1,0
231500,926213584,6.165069103,1,0
231501,926217584,6.165069103,1,0
231502,926221584,6.165069103,1,0
231503,926225584,6.165069103,1,0
231504,926229584,6.165069103,1,0
231505,926233584,6.165069103,1,0
231506,926237584,6.165069103,1,0
231507,926241584,6.165069103,1,0
231508,926245584,6.165069103,1,0
231509,926249584,6.165069103,1,0
231510,926253584,6.165069103,1,0
231511,926257584,6.165069103,1,0
231512,926261584,6.165069103,1,0
231513,926265584,6.165069103,1,0
231514,926269584,6.165069103,1,0
231515,926273584,6.165069103,1,0
231516,926277584,6.165069103,1,0
231517,926281584,6.165069103,1,0
231518,926285584,6.165069103,1,0
231519,926289584,6.165069103,1,0
231520,926293584,6.165069103,1,0
231521,926297584,6.165069103,1,0
231522,926301584,6.165069103,1,0
231523,926305584,6.165069103,1,0
231524,926309584,6.165069103,1,0
231525,926313584,6.165069103,1,0
231526,926317584,6.165069103,1,0
231527,926321584,6.165069103,1,0
231528,926325584,6.165069103,1,0
231529,926329584,6.165069103,1,0
231530,926333584,6.165069103,1,0
231531,926337584,6.165069103,1,0
231532,926341584,6.165069103,1,0
231533,926345584,6.165069103,1,0
231534,926349584,6.165069103,1,0
231535,926353584,6.165069103,1,0
231536,926357584,6.165069103,1,0
231537,926361584,6.165069103,1,0
231538,926365584,6.165069103,1,0
231539,926369584,6.165069103,1,0
231540,926373584,6.165069103,1,0
231541,926377584,6.165069103,1,0
231542,926381584,6.165069103,1,0
231543,926385584,6.165069103,1,0
231544,926389584,6.165069103,1,0
231545,926393584,6.165069103,1,0
231546,926397584,6.165069103,1,0
231547,926401584,6.165069103,1,0
231548,926405584,6.165069103,1,0
231549,926409584,6.165069103,1,0
231550,926413584,6.165069103,1,0
231551,926417584,6.165069103,1,0
231552,926421584,6.165069103,1,0
231553,926425584,6.165069103,1,0
231554,926429584,6.165069103,1,0
231555,926433584,6.165069103,1,0
231556,926437584,6.165069103,1,0
231557,926441584,6.165069103,1,0
231558,926445584,6.165069103,1,0
231559,926449584,6.165069103,1,0
231560,926453584,6.165069103,1,0
231561,926457584,6.165069103,1,0
231562,926461584,6.163535118,1,0
231563,926465584,6.163535118,1,0
231564,926469584,6.163535118,1,0
231565,926473584,6.163535118,1,0
231566,926477584,6.163535118,1,0
231567,926481584,6.163535118,1,0
231568,926485584,6.163535118,1,0
231569,926489584,6.163535118,1,0
231570,926493584,6.163535118,1,0
231571,926497584,6.163535118,1,0
231572,926501584,6.163535118,1,0
231573,926505584,6.163535118,1,0
231574,926509584,6.163535118,1,0
231575,926513584,6.163535118,1,0
231576,926517584,6.163535118,1,0
231577,926521584,6.163535118,1,0
231578,926525584,6.162001133,1,0
231579,926529584,6.162001133,1,0
231580,926533584,6.162001133,1,0
231581,926537584,6.162001133,1,0
231582,926541584,6.162001133,1,0
231583,926545584,6.162001133,1,0
231584,926549584,6.162001133,1,0
231585,926553584,6.162001133,1,0
231586,926557584,6.162001133,1,0
231587,926561584,6.162001133,1,0
231588,926565584,6.162001133,1,0
231589,926569584,6.162001133,1,0
231590,926573584,6.162001133,1,0
231591,926577584,6.160467148,1,0
231592,926581584,6.160467148,1,0
231593,926585584,6.160467148,1,0
231594,926589584,6.160467148,1,0
231595,926593584,6.160467148,1,0
231596,926597584,6.160467148,1,0
231597,926601584,6.160467148,1,0
231598,926605584,6.160467148,1,0
231599,926609584,6.160467148,1,0
231600,926613584,6.160467148,1,0
231601,926617584,6.160467148,1,0
231602,926621584,6.160467148,1,0
231603,926625584,6.160467148,1,0
231604,926629584,6.160467148,1,0
231605,926633584,6.160467148,1,0
231606,926637584,6.160467148,1,0
231607,926641584,6.160467148,1,0
231608,926645584,6.158933163,1,0
231609,926649584,6.158933163,1,0
231610,926653584,6.158933163,1,0
231611,926657584,6.158933163,1,0
231612,926661584,6.158933163,1,0
231613,926665584,6.158933163,1,0
231614,926669584,6.158933163,1,0
231615,926673584,6.158933163,1,0
231616,926677584,6.158933163,1,0
231617,926681584,6.158933163,1,0
231618,926685584,6.158933163,1,0
231619,926689584,6.158933163,1,0
231620,926693584,6.157399178,1,0
231621,926697584,6.158933163,1,0
231622,926701584,6.157399178,1,0
231623,926705584,6.157399178,1,0
231624,926709584,6.157399178,1,0
231625,926713584,6.157399178,1,0
231626,926717584,6.157399178,1,0
231627,926721584,6.157399178,1,0
231628,926725584,6.157399178,1,0
231629,926729584,6.157399178,1,0
231630,926733584,6.157399178,1,0
231631,926737584,6.157399178,1,0
231632,926741584,6.157399178,1,0
231633,926745584,6.157399178,1,0
231634,926749584,6.157399178,1,0
231635,926753584,6.155865192,1,0
231636,926757584,6.157399178,1,0
231637,926761584,6.155865192,1,0
231638,926765584,6.155865192,1,0
231639,926769584,6.155865192,1,0
231640,926773584,6.155865192,1,0
231641,926777584,6.155865192,1,0
231642,926781584,6.155865192,1,0
231643,926785584,6.155865192,1,0
231644,926789584,6.155865192,1,0
231645,926793584,6.155865192,1,0
231646,926797584,6.155865192,1,0
231647,926801584,6.155865192,1,0
231648,926805584,6.155865192,1,0
231649,926809584,6.155865192,1,0
231650,926813584,6.155865192,1,0
231651,926817584,6.155865192,1,0
231652,926821584,6.155865192,1,0
231653,926825584,6.155865192,1,0
231654,926829584,6.155865192,1,0
231655,926833584,6.155865192,1,0
231656,926837584,6.155865192,1,0
231657,926841584,6.154331207,1,0
231658,926845584,6.154331207,1,0
231659,926849584,6.154331207,1,0
231660,926853584,6.154331207,1,0
231661,926857584,6.154331207,1,0
231662,926861584,6.154331207,1,0
231663,926865584,6.154331207,1,0
231664,926869584,6.154331207,1,0
231665,926873584,6.154331207,1,0
231666,926877584,6.154331207,1,0
231667,926881584,6.154331207,1,0
231668,926885584,6.154331207,1,0
231669,926889584,6.154331207,1,0
231670,926893584,6.154331207,1,0
231671,926897584,6.154331207,1,0
231672,926901584,6.154331207,1,0
231673,926905584,6.154331207,1,0
231674,926909584,6.154331207,1,0
231675,926913584,6.154331207,1,0
231676,926917584,6.154331207,1,0
231677,926921584,6.154331207,1,0
231678,926925584,6.154331207,1,0
231679,926929588,6.154331207,1,0
231680,926934584,6.152797222,1,0
231681,926938584,6.154331207,1,0
231682,926942584,6.152797222,1,0
231683,926946584,6.152797222,1,0
231684,926950584,6.152797222,1,0
231685,926954584,6.152797222,1,0
231686,926958584,6.152797222,1,0
231687,926962584,6.152797222,1,0
231688,926966584,6.152797222,1,0
231689,926970584,6.152797222,1,0
231690,926974584,6.152797222,1,0
231691,926978584,6.152797222,1,0
231692,926982584,6.152797222,1,0
231693,926986584,6.152797222,1,0
231694,926990584,6.152797222,1,0
231695,926994584,6.152797222,1,0
231696,926998584,6.152797222,1,0
231697,927002584,6.152797222,1,0
231698,927006584,6.152797222,1,0
231699,927010584,6.152797222,1,0
231700,927014584,6.152797222,1,0
231701,927018584,6.152797222,1,0
231702,927022584,6.152797222,1,0
231703,927026584,6.152797222,1,0
231704,927030584,6.152797222,1,0
231705,927034584,6.152797222,1,0
231706,927038584,6.152797222,1,0
231707,927042584,6.152797222,1,0
231708,927046584,6.152797222,1,0
231709,927050584,6.152797222,1,0
231710,927054584,6.152797222,1,0
231711,927058584,6.152797222,1,0
231712,927062584,6.152797222,1,0
231713,927066584,6.152797222,1,0
231714,927070584,6.152797222,1,0
231715,927074584,6.152797222,1,0
231716,927078584,6.152797222,1,0
231717,927082584,6.152797222,1,0
231718,927086584,6.152797222,1,0
231719,927090584,6.152797222,1,0
231720,927094584,6.151263237,1,0
231721,927098584,6.151263237,1,0
231722,927102584,6.151263237,1,0
231723,927106584,6.151263237,1,0
231724,927110584,6.151263237,1,0
231725,927114584,6.151263237,1,0
231726,927118584,6.151263237,1,0
231727,927122584,6.151263237,1,0
231728,927126584,6.151263237,1,0
231729,927130584,6.151263237,1,0
231730,927134584,6.151263237,1,0
231731,927138584,6.151263237,1,0
231732,927142584,6.151263237,1,0
231733,927146584,6.151263237,1,0
231734,927150584,6.151263237,1,0
231735,927154584,6.151263237,1,0
231736,927158584,6.151263237,1,0
231737,927162584,6.151263237,1,0
231738,927166584,6.151263237,1,0
231739,927170584,6.151263237,1,0
231740,927174584,6.151263237,1,0
231741,927178584,6.151263237,1,0
231742,927182584,6.151263237,1,0
231743,927186584,6.151263237,1,0
231744,927190584,6.151263237,1,0
231745,927194584,6.151263237,1,0
231746,927198584,6.151263237,1,0
231747,927202584,6.151263237,1,0
231748,927206584,6.151263237,1,0
231749,927210584,6.151263237,1,0
231750,927214584,6.151263237,1,0
231751,927218584,6.151263237,1,0
231752,927222584,6.151263237,1,0
231753,927226584,6.151263237,1,0
231754,927230584,6.151263237,1,0
231755,927234584,6.151263237,1,0
231756,927238584,6.151263237,1,0
231757,927242584,6.151263237,1,0
231758,927246584,6.149729252,1,0
231759,927250584,6.149729252,1,0
231760,927254584,6.149729252,1,0
231761,927258584,6.149729252,1,0
231762,927262584,6.149729252,1,0
231763,927266584,6.149729252,1,0
231764,927270584,6.149729252,1,0
231765,927274584,6.149729252,1,0
231766,927278584,6.149729252,1,0
231767,927282584,6.149729252,1,0
231768,927286584,6.149729252,1,0
231769,927290584,6.149729252,1,0
231770,927294584,6.149729252,1,0
231771,927298584,6.149729252,1,0
231772,927302584,6.149729252,1,0
231773,927306584,6.149729252,1,0
231774,927310584,6.149729252,1,0
231775,927314584,6.149729252,1,0
231776,927318584,6.149729252,1,0
231777,927322584,6.149729252,1,0
231778,927326584,6.149729252,1,0
231779,927330584,6.149729252,1,0
231780,927334584,6.149729252,1,0
231781,927338584,6.149729252,1,0
231782,927342584,6.149729252,1,0
231783,927346584,6.149729252,1,0
231784,927350584,6.149729252,1,0
231785,927354584,6.149729252,1,0
231786,927358584,6.149729252,1,0
231787,927362584,6.149729252,1,0
231788,927366584,6.149729252,1,0
231789,927370584,6.149729252,1,0
231790,927374584,6.149729252,1,0
231791,927378584,6.149729252,1,0
231792,927382584,6.149729252,1,0
231793,927386584,6.149729252,1,0
231794,927390584,6.149729252,1,0
231795,927394584,6.149729252,1,0
231796,927398584,6.149729252,1,0
231797,927402584,6.149729252,1,0
231798,927406584,6.149729252,1,0
231799,927410584,6.148195267,1,0
231800,927414584,6.149729252,1,0
231801,927418584,6.149729252,1,0
231802,927422584,6.148195267,1,0
231803,927426584,6.149729252,1,0
231804,927430584,6.149729252,1,0
231805,927434584,6.148195267,1,0
231806,927438584,6.149729252,1,0
231807,927442584,6.149729252,1,0
231808,927446584,6.148195267,1,0
231809,927450584,6.149729252,1,0
231810,927454584,6.149729252,1,0
231811,927458584,6.149729252,1,0
231812,927462584,6.148195267,1,0
231813,927466584,6.148195267,1,0
231814,927470584,6.148195267,1,0
231815,927474584,6.149729252,1,0
231816,927478584,6.148195267,1,0
231817,927482584,6.148195267,1,0
231818,927486584,6.148195267,1,0
231819,927490584,6.148195267,1,0
231820,927494584,6.148195267,1,0
231821,927498584,6.148195267,1,0
231822,927502584,6.148195267,1,0
231823,927506584,6.148195267,1,0
231824,927510584,6.148195267,1,0
231825,927514584,6.148195267,1,0
231826,927518584,6.148195267,1,0
231827,927522584,6.148195267,1,0
231828,927526584,6.148195267,1,0
231829,927530584,6.148195267,1,0
231830,927534584,6.148195267,1,0
231831,927538584,6.148195267,1,0
231832,927542584,6.148195267,1,0
231833,927546584,6.148195267,1,0
231834,927550584,6.148195267,1,0
231835,927554584,6.148195267,1,0
231836,927558584,6.148195267,1,0
231837,927562584,6.148195267,1,0
231838,927566584,6.148195267,1,0
231839,927570584,6.148195267,1,0
231840,927574584,6.148195267,1,0
231841,927578584,6.148195267,1,0
231842,927582584,6.148195267,1,0
231843,927586584,6.148195267,1,0
231844,927590584,6.148195267,1,0
231845,927594584,6.148195267,1,0
231846,927598584,6.148195267,1,0
231847,927602584,6.148195267,1,0
231848,927606584,6.148195267,1,0
231849,927610584,6.148195267,1,0
231850,927614584,6.148195267,1,0
231851,927618584,6.148195267,1,0
231852,927622584,6.148195267,1,0
231853,927626584,6.148195267,1,0
231854,927630584,6.148195267,1,0
231855,927634584,6.148195267,1,0
231856,927638584,6.148195267,1,0
231857,927642584,6.148195267,1,0
231858,927646584,6.148195267,1,0
231859,927650584,6.148195267,1,0
231860,927654584,6.148195267,1,0
231861,927658584,6.148195267,1,0
231862,927662584,6.148195267,1,0
231863,927666584,6.148195267,1,0
231864,927670584,6.148195267,1,0
231865,927674584,6.148195267,1,0
231866,927678584,6.148195267,1,0
231867,927682584,6.148195267,1,0
231868,927686584,6.148195267,1,0
231869,927690584,6.148195267,1,0
231870,927694584,6.148195267,1,0
231871,927698584,6.148195267,1,0
231872,927702584,6.148195267,1,0
231873,927706584,6.148195267,1,0
231874,927710584,6.148195267,1,0
231875,927714584,6.146661282,1,0
231876,927718584,6.148195267,1,0
231877,927722584,6.148195267,1,0
231878,927726584,6.146661282,1,0
231879,927730584,6.146661282,1,0
231880,927734584,6.146661282,1,0
231881,927738584,6.146661282,1,0
231882,927742584,6.146661282,1,0
231883,927746584,6.146661282,1,0
231884,927750584,6.146661282,1,0
231885,927754584,6.146661282,1,0
231886,927758584,6.148195267,1,0
231887,927762584,6.146661282,1,0
231888,927766584,6.146661282,1,0
231889,927770584,6.146661282,1,0
231890,927774584,6.146661282,1,0
231891,927778584,6.146661282,1,0
231892,927782584,6.146661282,1,0
231893,927786584,6.146661282,1,0
231894,927790584,6.146661282,1,0
231895,927794584,6.146661282,1,0
231896,927798584,6.146661282,1,0
231897,927802584,6.146661282,1,0
231898,927806584,6.146661282,1,0
231899,927810584,6.146661282,1,0
231900,927814584,6.146661282,1,0
231901,927818584,6.146661282,1,0
231902,927822584,6.146661282,1,0
231903,927826584,6.146661282,1,0
231904,927830584,6.146661282,1,0
231905,927834584,6.146661282,1,0
231906,927838584,6.146661282,1,0
231907,927842584,6.146661282,1,0
231908,927846584,6.146661282,1,0
231909,927850584,6.146661282,1,0
231910,927854584,6.146661282,1,0
231911,927858584,6.146661282,1,0
231912,927862584,6.146661282,1,0
231913,927866584,6.146661282,1,0
231914,927870584,6.146661282,1,0
231915,927874584,6.146661282,1,0
231916,927878584,6.146661282,1,0
231917,927882584,6.146661282,1,0
231918,927886584,6.146661282,1,0
231919,927890584,6.146661282,1,0
231920,927894584,6.146661282,1,0
231921,927898584,6.146661282,1,0
231922,927902584,6.146661282,1,0
231923,927906584,6.146661282,1,0
231924,927910584,6.146661282,1,0
231925,927914584,6.146661282,1,0
231926,927918584,6.146661282,1,0
231927,927922584,6.146661282,1,0
231928,927926584,6.146661282,1,0
231929,927930584,6.146661282,1,0
231930,927934584,6.146661282,1,0
231931,927938584,6.146661282,1,0
231932,927942584,6.146661282,1,0
231933,927946584,6.146661282,1,0
231934,927950584,6.146661282,1,0
231935,927954584,6.146661282,1,0
231936,927958584,6.146661282,1,0
231937,927962584,6.146661282,1,0
231938,927966584,6.146661282,1,0
231939,927970584,6.146661282,1,0
231940,927974584,6.146661282,1,0
231941,927978584,6.146661282,1,0
231942,927982584,6.146661282,1,0
231943,927986584,6.146661282,1,0
231944,927990584,6.146661282,1,0
231945,927994584,6.146661282,1,0
231946,927998584,6.146661282,1,0
231947,928002584,6.146661282,1,0
231948,928006584,6.146661282,1,0
231949,928010584,6.146661282,1,0
231950,928014584,6.146661282,1,0
231951,928018584,6.146661282,1,0
231952,928022584,6.146661282,1,0
231953,928026584,6.146661282,1,0
231954,928030584,6.145127296,1,0
231955,928034584,6.146661282,1,0
231956,928038584,6.145127296,1,0
231957,928042584,6.145127296,1,0
231958,928046584,6.145127296,1,0
231959,928050584,6.145127296,1,0
231960,928054584,6.146661282,1,0
231961,928058584,6.146661282,1,0
231962,928062584,6.145127296,1,0
231963,928066584,6.145127296,1,0
231964,928070584,6.146661282,1,0
231965,928074584,6.145127296,1,0
231966,928078584,6.146661282,1,0
231967,928082584,6.145127296,1,0
231968,928086584,6.145127296,1,0
231969,928090584,6.145127296,1,0
231970,928094584,6.145127296,1,0
231971,928098584,6.145127296,1,0
231972,928102584,6.145127296,1,0
231973,928106584,6.145127296,1,0
231974,928110584,6.145127296,1,0
231975,928114584,6.145127296,1,0
231976,928118584,6.145127296,1,0
231977,928122584,6.145127296,1,0
231978,928126584,6.145127296,1,0
231979,928130584,6.145127296,1,0
231980,928134584,6.145127296,1,0
231981,928138584,6.145127296,1,0
231982,928142584,6.145127296,1,0
231983,928146584,6.145127296,1,0
231984,928150584,6.145127296,1,0
231985,928154584,6.145127296,1,0
231986,928158584,6.145127296,1,0
231987,928162584,6.145127296,1,0
231988,928166584,6.145127296,1,0
231989,928170584,6.145127296,1,0
231990,928174584,6.145127296,1,0
231991,928178584,6.145127296,1,0
231992,928182584,6.145127296,1,0
231993,928186584,6.145127296,1,0
231994,928190584,6.145127296,1,0
231995,928194584,6.145127296,1,0
231996,928198584,6.145127296,1,0
231997,928202584,6.145127296,1,0
231998,928206584,6.145127296,1,0
231999,928210584,6.145127296,1,0
232000,928214584,6.145127296,1,0
232001,928218584,6.145127296,1,0
232002,928222584,6.145127296,1,0
232003,928226584,6.145127296,1,0
232004,928230584,6.145127296,1,0
232005,928234584,6.145127296,1,0
232006,928238584,6.145127296,1,0
232007,928242584,6.145127296,1,0
232008,928246584,6.145127296,1,0
232009,928250584,6.145127296,1,0
232010,928254584,6.145127296,1,0
232011,928258584,6.145127296,1,0
232012,928262584,6.145127296,1,0
232013,928266584,6.145127296,1,0
232014,928270584,6.145127296,1,0
232015,928274584,6.145127296,1,0
232016,928278584,6.145127296,1,0
232017,928282584,6.145127296,1,0
232018,928286584,6.145127296,1,0
232019,928290584,6.145127296,1,0
232020,928294584,6.145127296,1,0
232021,928298584,6.145127296,1,0
232022,928302584,6.145127296,1,0
232023,928306584,6.145127296,1,0
232024,928310584,6.145127296,1,0
232025,928314584,6.145127296,1,0
232026,928318584,6.145127296,1,0
232027,928322584,6.145127296,1,0
232028,928326584,6.145127296,1,0
232029,928330584,6.145127296,1,0
232030,928334584,6.145127296,1,0
232031,928338584,6.145127296,1,0
232032,928342584,6.145127296,1,0
232033,928346584,6.145127296,1,0
232034,928350584,6.145127296,1,0
232035,928354584,6.145127296,1,0
232036,928358584,6.145127296,1,0
232037,928362584,6.145127296,1,0
232038,928366584,6.145127296,1,0
232039,928370584,6.145127296,1,0
232040,928374584,6.145127296,1,0
232041,928378584,6.145127296,1,0
232042,928382584,6.145127296,1,0
232043,928386584,6.145127296,1,0
232044,928390584,6.145127296,1,0
232045,928394584,6.145127296,1,0
232046,928398584,6.145127296,1,0
232047,928402584,6.145127296,1,0
232048,928406584,6.145127296,1,0
232049,928410584,6.145127296,1,0
232050,928414584,6.145127296,1,0
232051,928418584,6.145127296,1,0
232052,928422584,6.145127296,1,0
232053,928426584,6.146661282,1,0
232054,928430584,6.146661282,1,0
232055,928434584,6.146661282,1,0
232056,928438584,6.148195267,1,0
232057,928442584,6.149729252,1,0
232058,928446584,6.151263237,1,0
232059,928450584,6.152797222,1,0
232060,928454584,6.152797222,1,0
232061,928458584,6.154331207,1,0
232062,928462584,6.157399178,1,0
232063,928466584,6.158933163,1,0
232064,928470584,6.162001133,1,0
232065,928474584,6.163535118,1,0
232066,928478584,6.166603088,1,0
232067,928482584,6.168137074,1,0
232068,928486584,6.171205044,1,0
232069,928490584,6.175806999,1,0
232070,928494584,6.178874969,1,0
232071,928498584,6.18194294,1,0
232072,928502584,6.186544895,1,0
232073,928506584,6.191146851,1,0
232074,928510584,6.195748806,1,0
232075,928514584,6.200350285,1,0
232076,928518584,6.20495224,1,0
232077,928522584,6.211088181,1,0
232078,928526584,6.217224121,1,0
232079,928530584,6.221826077,1,0
232080,928534584,6.227962017,1,0
232081,928538584,6.234097958,1,0
232082,928542584,6.241767883,1,0
232083,928546584,6.249437809,1,0
232084,928550584,6.257107735,1,0
232085,928554584,6.26477766,1,0
232086,928558584,6.272447586,1,0
232087,928562584,6.281651497,1,0
232088,928566584,0.006135923,1,0
232089,928570584,0.013805827,1,0
232090,928574584,0.023009712,1,0
232091,928578584,0.030679617,1,0
232092,928582584,0.039883502,1,0
232093,928586584,0.047553405,1,0
232094,928590584,0.05675729,1,0
232095,928594584,0.065961175,1,0
232096,928598584,0.073631078,1,0
232097,928602584,0.082834966,1,0
232098,928606584,0.092038848,1,0
232099,928610584,0.101242736,1,0
232100,928614584,0.111980602,1,0
232101,928618584,0.121184483,1,0
232102,928622584,0.131922349,1,0
232103,928626584,0.142660215,1,0
232104,928630584,0.153398082,1,0
232105,928634584,0.162601963,1,0
232106,928638584,0.174873814,1,0
232107,928642584,0.187145665,1,0
232108,928646584,0.197883531,1,0
232109,928650584,0.210155368,1,0
232110,928654584,0.222427219,1,0
232111,928658584,0.236233041,1,0
232112,928662584,0.250038862,1,0
232113,928666584,0.262310714,1,0
232114,928670584,0.277650535,1,0
232115,928674584,0.288388401,1,0
232116,928678584,0.297592282,1,0
232117,928682584,0.308330148,1,0
232118,928686584,0.322135985,1,0
232119,928690584,0.337475777,1,0
232120,928694584,0.352815598,1,0
232121,928698584,0.363553464,1,0
232122,928702584,0.374291331,1,0
232123,928706584,0.386563182,1,0
232124,928710584,0.401902974,1,0
232125,928714584,0.414174825,1,0
232126,928718584,0.426446676,1,0
232127,928722584,0.441786468,1,0
232128,928726584,0.46019426,1,0
232129,928730584,0.478602022,1,0
232130,928734584,0.493941814,1,0
232131,928738584,0.513883591,1,0
232132,928742584,0.535359323,1,0
232133,928746584,0.55530107,1,0
232134,928750584,0.572174847,1,0
232135,928754584,0.584446669,1,0
232136,928758584,0.59978652,1,0
232137,928762584,0.615126312,1,0
232138,928766584,0.630466104,1,0
232139,928770584,0.64733994,1,0
232140,928774584,0.667281687,1,0
232141,928778584,0.69182533,1,0
232142,928782584,0.717903018,1,0
232143,928786584,0.73631078,1,0
232144,928790584,0.743980706,1,0
232145,928794584,0.756252527,1,0
232146,928798584,0.776194274,1,0
232147,928802584,0.796136022,1,0
232148,928806584,0.809941888,1,0
232149,928810584,0.826815665,1,0
232150,928814584,0.854427338,1,0
232151,928818584,0.880505025,1,0
232152,928822584,0.897378802,1,0
232153,928826584,0.909650624,1,0
232154,928830584,0.928058386,1,0
232155,928834584,0.955670059,1,0
232156,928838584,0.978679776,1,0
232157,928842584,0.997087538,1,0
232158,928846584,1.018563271,1,0
232159,928850584,1.046174884,1,0
232160,928854584,1.070718646,1,0
232161,928858584,1.087592363,1,0
232162,928862584,1.106000185,1,0
232163,928866584,1.135145783,1,0
232164,928870584,1.165825486,1,0
232165,928874584,1.191903114,1,0
232166,928878584,1.208776951,1,0
232167,928882584,1.225650668,1,0
232168,928886584,1.25019443,1,0
232169,928890584,1.274738073,1,0
232170,928894584,1.29161191,1,0
232171,928898584,1.308485627,1,0
232172,928902584,1.334563375,1,0
232173,928906584,1.366776943,1,0
232174,928910584,1.395922542,1,0
232175,928914584,1.418932319,1,0
232176,928918584,1.440407991,1,0
232177,928922584,1.468019605,1,0
232178,928926584,1.497165322,1,0
232179,928930584,1.518640995,1,0
232180,928934584,1.538582802,1,0
232181,928938584,1.569262385,1,0
232182,928942584,1.610679865,1,0
232183,928946584,1.649029374,1,0
232184,928950584,1.664369226,1,0
232185,928954584,1.675107121,1,0
232186,928958584,1.702718735,1,0
232187,928962584,1.734932303,1,0
232188,928966584,1.767145872,1,0
232189,928970584,1.791689634,1,0
232190,928974584,1.816233277,1,0
232191,928978584,1.84077704,1,0
232192,928982584,1.869922638,1,0
232193,928986584,1.900602221,1,0
232194,928990584,1.937417746,1,0
232195,928994584,1.966563463,1,0
232196,928998584,1.983437181,1,0
232197,929002584,2.006446838,1,0
232198,929006584,2.041728497,1,0
232199,929010584,2.087747812,1,0
232200,929014584,2.129165411,1,0
232201,929018584,2.146039248,1,0
232202,929022584,2.164447069,1,0
232203,929026584,2.195126534,1,0
232204,929030584,2.224272251,1,0
232205,929034584,2.25341773,1,0
232206,929038584,2.284097433,1,0
232207,929042584,2.320913076,1,0
232208,929046584,2.354660511,1,0
232209,929050584,2.380738258,1,0
232210,929054584,2.408349991,1,0
232211,929058584,2.44056344,1,0
232212,929062584,2.477379084,1,0
232213,929066584,2.511126518,1,0
232214,929070584,2.540272236,1,0
232215,929074584,2.569417953,1,0
232216,929078584,2.598563433,1,0
232217,929082584,2.632311106,1,0
232218,929086584,2.670660734,1,0
232219,929090584,2.705942154,1,0
232220,929094584,2.732019901,1,0
232221,929098584,2.758097649,1,0
232222,929102584,2.796447039,1,0
232223,929106584,2.842466593,1,0
232224,929110584,2.871612072,1,0
232225,929114584,2.886951923,1,0
232226,929118584,2.920699596,1,0
232227,929122584,2.975922823,1,0
232228,929126584,3.021942139,1,0
232229,929130584,3.03421402,1,0
232230,929134584,3.058757782,1,0
232231,929138584,3.100175142,1,0
232232,929142584,3.138524771,1,0
232233,929146584,3.178408384,1,0
232234,929150584,3.216757774,1,0
232235,929154584,3.248971462,1,0
232236,929158584,3.284252882,1,0
232237,929162584,3.32260251,1,0
232238,929166584,3.359417915,1,0
232239,929170584,3.393165588,1,0
232240,929174584,3.431515217,1,0
232241,929178584,3.469864607,1,0
232242,929182584,3.50361228,1,0
232243,929186584,3.534291744,1,0
232244,929190584,3.568039417,1,0
232245,929194584,3.609456778,1,0
232246,929198584,3.655476332,1,0
232247,929202584,3.701495647,1,0
232248,929206584,3.739845276,1,0
232249,929210584,3.767457008,1,0
232250,929214584,3.798136473,1,0
232251,929218584,3.851825953,1,0
232252,929222584,3.907049179,1,0
232253,929226584,3.925457001,1,0
232254,929230584,3.950000525,1,0
232255,929234584,4.000621796,1,0
232256,929238584,4.04664135,1,0
232257,929242584,4.083456993,1,0
232258,929246584,4.120272636,1,0
232259,929250584,4.169359684,1,0
232260,929254584,4.223049164,1,0
232261,929258584,4.259864807,1,0
232262,929262584,4.29361248,1,0
232263,929266584,4.338097572,1,0
232264,929270584,4.384117126,1,0
232265,929274584,4.419398785,1,0
232266,929278584,4.450078487,1,0
232267,929282584,4.493030071,1,0
232268,929286584,4.549787045,1,0
232269,929290584,4.601942539,1,0
232270,929294584,4.634156227,1,0
232271,929298584,4.6679039,1,0
232272,929302584,4.720058918,1,0
232273,929306584,4.789088249,1,0
232274,929310584,4.827437878,1,0
232275,929314584,4.845845222,1,0
232276,929318584,4.893398762,1,0
232277,929322584,4.948622227,1,0
232278,929326584,4.98543787,1,0
232279,929330584,5.028388977,1,0
232280,929334584,5.088214397,1,0
232281,929338584,5.138835907,1,0
232282,929342584,5.16951561,1,0
232283,929346584,5.217068672,1,0
232284,929350584,5.279962063,1,0
232285,929354584,5.318311691,1,0
232286,929358584,5.350524902,1,0
232287,929362584,5.396544456,1,0
232288,929366584,5.454835892,1,0
232289,929370584,5.503923416,1,0
232290,929374584,5.543806553,1,0
232291,929378584,5.585224152,1,0
232292,929382584,5.643515587,1,0
232293,929386584,5.701806545,1,0
232294,929390584,5.738622189,1,0
232295,929394584,5.772369862,1,0
232296,929398584,5.826059341,1,0
232297,929402584,5.879748344,1,0
232298,929406584,5.927301884,1,0
232299,929410584,5.977923393,1,0
232300,929414584,6.025476933,1,0
232301,929418584,6.065360069,1,0
232302,929422584,6.120583534,1,0
232303,929426584,6.180408955,1,0
232304,929430587,6.211088181,1,0
232305,929435584,6.269379616,1,0
232306,929439584,0.055223309,1,0
232307,929443584,0.105844676,1,0
232308,929447584,0.147262156,1,0
232309,929451584,0.194815561,1,0
232310,929455584,0.253106833,1,0
232311,929459584,0.311398119,1,0
232312,929463584,0.354349583,1,0
232313,929467584,0.395767063,1,0
232314,929471584,0.440252513,1,0
232315,929475584,0.500077724,1,0
232316,929479584,0.567572892,1,0
232317,929483584,0.627398133,1,0
232318,929487584,0.661145747,1,0
232319,929491584,0.713301063,1,0
232320,929495584,0.782330215,1,0
232321,929499584,0.819145739,1,0
232322,929503584,0.863631189,1,0
232323,929507584,0.934194326,1,0
232324,929511584,0.986349702,1,0
232325,929515584,1.036971092,1,0
232326,929519584,1.095262289,1,0
232327,929523584,1.15815556,1,0
232328,929527584,1.219514728,1,0
232329,929531584,1.268602133,1,0
232330,929535584,1.305417657,1,0
232331,929539584,1.354505062,1,0
232332,929543584,1.42813611,1,0
232333,929547584,1.497165322,1,0
232334,929551584,1.541650772,1,0
232335,929555584,1.592272043,1,0
232336,929559584,1.670505166,1,0
232337,929563584,1.722660422,1,0
232338,929567584,1.761010051,1,0
232339,929571584,1.825437188,1,0
232340,929575584,1.886796474,1,0
232341,929579584,1.945087671,1,0
232342,929583584,2.001844883,1,0
232343,929587584,2.055534363,1,0
232344,929591584,2.12302947,1,0
232345,929595584,2.192058563,1,0
232346,929599584,2.230408192,1,0
232347,929603584,2.277961493,1,0
232348,929607584,2.351592541,1,0
232349,929611584,2.416019917,1,0
232350,929615584,2.466641188,1,0
232351,929619584,2.523398399,1,0
232352,929623584,2.58629179,1,0
232353,929627584,2.646116972,1,0
232354,929631584,2.701340199,1,0
232355,929635584,2.759631395,1,0
232356,929639584,2.819456816,1,0
232357,929643584,2.880815983,1,0
232358,929647584,2.934505224,1,0
232359,929651584,2.9989326,1,0
232360,929655584,3.064893723,1,0
232361,929659584,3.106311083,1,0
232362,929663584,3.167670488,1,0
232363,929667584,3.244369507,1,0
232364,929671584,3.307262659,1,0
232365,929675584,3.35788393,1,0
232366,929679584,3.41464138,1,0
232367,929683584,3.483670473,1,0
232368,929687584,3.543495655,1,0
232369,929691584,3.594117165,1,0
232370,929695584,3.653942347,1,0
232371,929699584,3.736777306,1,0
232372,929703584,3.801204443,1,0
232373,929707584,3.854893923,1,0
232374,929711584,3.923923016,1,0
232375,929715584,3.976078272,1,0
232376,929719584,4.029767513,1,0
232377,929723584,4.101864815,1,0
232378,929727584,4.17702961,1,0
232379,929731584,4.247592926,1,0
232380,929735584,4.308952332,1,0
232381,929739584,4.368777275,1,0
232382,929743584,4.430136681,1,0
232383,929747584,4.488428116,1,0
232384,929751584,4.558990955,1,0
232385,929755584,4.635690212,1,0
232386,929759584,4.698583126,1,0
232387,929763584,4.767612457,1,0
232388,929767584,4.842777252,1,0
232389,929771584,4.894932747,1,0
232390,929775584,4.954758167,1,0
232391,929779584,5.025321007,1,0
232392,929783584,5.106622219,1,0
232393,929787584,5.177185535,1,0
232394,929791584,5.238544464,1,0
232395,929795584,5.30910778,1,0
232396,929799584,5.370466709,1,0
232397,929803584,5.4333601,1,0
232398,929807584,5.506991386,1,0
232399,929811584,5.579088211,1,0
232400,929815584,5.649651527,1,0
232401,929819584,5.720214367,1,0
232402,929823584,5.781573772,1,0
232403,929827584,5.842933178,1,0
232404,929831584,5.913496017,1,0
232405,929835584,5.993263245,1,0
232406,929839584,6.062292099,1,0
232407,929843584,6.126719475,1,0
232408,929847584,6.197282791,1,0
232409,929851584,6.257107735,1,0
232410,929855584,0.047553405,1,0
232411,929859584,0.128854394,1,0
232412,929863584,0.199417502,1,0
232413,929867584,0.263844699,1,0
232414,929871584,0.335941792,1,0
232415,929875584,0.403436959,1,0
232416,929879584,0.467864156,1,0
232417,929883584,0.541495204,1,0
232418,929887584,0.632000089,1,0
232419,929891584,0.704097211,1,0
232420,929895584,0.774660349,1,0
232421,929899584,0.83448559,1,0
232422,929903584,0.901980758,1,0
232423,929907584,0.984815717,1,0
232424,929911584,1.064582705,1,0
232425,929915584,1.142815709,1,0
232426,929919584,1.217980742,1,0
232427,929923584,1.29161191,1,0
232428,929927588,1.348369122,1,0
232429,929931588,1.423534155,1,0
232431,929941584,1.633689642,1,0
232432,929945584,1.711922646,1,0
232433,929949584,1.777883768,1,0
232434,929953584,1.848446846,1,0
232435,929957584,1.926679969,1,0
232436,929961584,2.014116764,1,0
232437,929965584,2.089281797,1,0
232438,929969584,2.172116756,1,0
232439,929973584,2.239612103,1,0
232440,929977584,2.30403924,1,0
232441,929981584,2.388408184,1,0
232442,929985584,2.474311113,1,0
232443,929989584,2.549476147,1,0
232444,929993584,2.618505239,1,0
232445,929997584,2.690602303,1,0
232446,930001584,2.771903276,1,0
232447,930006584,2.874680042,1,0
232448,930010584,2.94217515,1,0
232449,930014584,3.023476124,1,0
232450,930018584,3.098641396,1,0
232451,930022584,3.166136503,1,0
232452,930026584,3.255107403,1,0
232453,930030584,3.341010332,1,0
232454,930034584,3.413107395,1,0
232455,930038584,3.485204458,1,0
232456,930042584,3.560369492,1,0
232457,930046584,3.63706851,1,0
232458,930050584,3.727573395,1,0
232459,930054584,3.813476324,1,0
232460,930058584,3.893243313,1,0
232461,930062584,3.963806391,1,0
232462,930066584,4.029767513,1,0
232463,930070584,4.115670681,1,0
232464,930074584,4.212311268,1,0
232465,930078584,4.304350376,1,0
232466,930082584,4.377981186,1,0
232467,930086584,4.443942547,1,0
232468,930090584,4.519107342,1,0
232469,930094584,4.621884346,1,0
232470,930098584,4.709321022,1,0
232471,930102584,4.796758175,1,0
232472,930106584,4.876524925,1,0
232473,930110584,4.945554256,1,0
232474,930114584,5.025321007,1,0
232475,930118584,5.128098011,1,0
232476,930122584,5.214000702,1,0
232477,930126584,5.298369884,1,0
232478,930130584,5.373534679,1,0
232479,930134584,5.448699951,1,0
232480,930138584,5.540738583,1,0
232481,930142584,5.631243706,1,0
232482,930146584,5.723282337,1,0
232483,930150584,5.795379639,1,0
232484,930154584,5.870544434,1,0
232485,930158584,5.959515572,1,0
232486,930162584,6.057690144,1,0
232487,930166584,6.142059326,1,0
232488,930170584,6.218758106,1,0
232489,930174584,0.007669904,1,0
232490,930178584,0.104310699,1,0
232491,930182584,0.202485472,1,0
232492,930186584,0.286854416,1,0
232493,930190584,0.366621405,1,0
232494,930194584,0.441786468,1,0
232495,930198584,0.529223382,1,0
232496,930202584,0.638136029,1,0
232497,930206584,0.730174899,1,0
232498,930210584,0.806873918,1,0
232499,930214584,0.882038951,1,0
232500,930218584,0.972543836,1,0
232501,930222584,1.070718646,1,0
232502,930226584,1.170427322,1,0
232503,930230584,1.262466192,1,0
232504,930234584,1.334563375,1,0
232505,930238584,1.415864348,1,0
232506,930242584,1.526310921,1,0
232507,930246584,1.622951746,1,0
232508,930250584,1.719592452,1,0
232509,930254584,1.794757605,1,0
232510,930258584,1.880660534,1,0
232511,930262584,1.978835225,1,0
232512,930266584,2.077010155,1,0
232513,930270584,2.178252697,1,0
232514,930274584,2.254951715,1,0
232515,930278584,2.334718943,1,0
232516,930282584,2.4344275,1,0
232517,930286584,2.534136295,1,0
232518,930290584,2.623107195,1,0
232519,930294584,2.705942154,1,0
232520,930298584,2.794913054,1,0
232521,930302584,2.894621849,1,0
232522,930306584,2.985126734,1,0
232523,930310584,3.075631618,1,0
232524,930314584,3.153864622,1,0
232525,930318584,3.253573418,1,0
232526,930322584,3.356349945,1,0
232527,930326584,3.445320845,1,0
232528,930330584,3.529689789,1,0
232529,930334584,3.610990763,1,0
232530,930338584,3.713767529,1,0
232531,930342584,3.822680235,1,0
232532,930346584,3.917787075,1,0
232533,930350584,3.991418123,1,0
232534,930354584,4.078855038,1,0
232535,930358584,4.189301491,1,0
232536,930362584,4.298214436,1,0
232537,930366584,4.388719082,1,0
232538,930370584,4.466952324,1,0
232539,930374584,4.562058926,1,0
232540,930378584,4.672505379,1,0
232541,930382584,4.778350353,1,0
232542,930386584,4.876524925,1,0
232543,930390584,4.954758167,1,0
232544,930394584,5.048330784,1,0
232545,930398584,5.166447639,1,0
232546,930402584,5.267690182,1,0
232547,930406584,5.359728813,1,0
232548,930410584,5.444097996,1,0
232549,930414584,5.545340538,1,0
232550,930418584,5.651185513,1,0
232551,930422584,5.755496025,1,0
232552,930426584,5.842933178,1,0
232553,930430584,5.931903839,1,0
232554,930434584,6.039282322,1,0
232555,930438584,6.146661282,1,0
232556,930442584,6.235631943,1,0
232557,930446584,0.039883502,1,0
232558,930450584,0.148796141,1,0
232559,930454584,0.254640818,1,0
232560,930458584,0.355883539,1,0
232561,930462584,0.440252513,1,0
232562,930466584,0.533825338,1,0
232563,930470584,0.655009806,1,0
232564,930474584,0.765456438,1,0
232565,930478584,0.849825382,1,0
232566,930482584,0.938796282,1,0
232567,930486584,1.052310824,1,0
232568,930490584,1.167359471,1,0
232569,930494584,1.277806044,1,0
232570,930498584,1.357573032,1,0
232571,930502584,1.454213858,1,0
232572,930506584,1.576932311,1,0
232573,930510584,1.695048809,1,0
232574,930514584,1.788621664,1,0
232575,930518584,1.879126549,1,0
232576,930522584,1.986505151,1,0
232577,930526584,2.100019693,1,0
232578,930530584,2.21506834,1,0
232579,930534584,2.30097127,1,0
232580,930538584,2.39914608,1,0
232581,930542584,2.509592533,1,0
232582,930546584,2.62157321,1,0
232583,930550584,2.71974802,1,0
232584,930554584,2.816388845,1,0
232585,930558584,2.917631626,1,0
232586,930562584,3.028078079,1,0
232587,930566584,3.130854845,1,0
232588,930570584,3.22749567,1,0
232589,930574584,3.337942362,1,0
232590,930578584,3.445320845,1,0
232591,930582584,3.54809761,1,0
232592,930586584,3.638602495,1,0
232593,930590584,3.750583172,1,0
232594,930594584,3.871767521,1,0
232595,930598584,3.976078272,1,0
232596,930602584,4.058913231,1,0
232597,930606584,4.172427654,1,0
232598,930610584,4.301282406,1,0
232599,930614584,4.410194874,1,0
232600,930618584,4.494564056,1,0
232601,930622584,4.605010509,1,0
232602,930626584,4.729262829,1,0
232603,930630584,4.847379208,1,0
232604,930634584,4.944020271,1,0
232605,930638584,5.040660858,1,0
232606,930642584,5.166447639,1,0
232607,930646584,5.284564018,1,0
232608,930650584,5.387340546,1,0
232609,930654584,5.485515594,1,0
232610,930658584,5.599030018,1,0
232611,930662584,5.718680382,1,0
232612,930666584,5.826059341,1,0
232613,930670584,5.925767899,1,0
232614,930674584,6.037748337,1,0
232615,930678584,6.152797222,1,0
232616,930682584,6.260175705,1,0
232617,930686584,0.084368944,1,0
232618,930690584,0.196349546,1,0
232619,930694584,0.312932104,1,0
232620,930698584,0.421844721,1,0
232621,930702584,0.521553457,1,0
232622,930706584,0.642737985,1,0
232623,930710584,0.768524408,1,0
232624,930714584,0.869767129,1,0
232625,930718584,0.969475865,1,0
232626,930722584,1.093728304,1,0
232627,930726584,1.224116683,1,0
232628,930730584,1.333029389,1,0
232629,930734584,1.426602125,1,0
232630,930738584,1.555456519,1,0
232631,930742584,1.685844898,1,0
232632,930746584,1.797825575,1,0
232633,930750584,1.899068236,1,0
232634,930754584,2.015650749,1,0
232635,930758584,2.144505262,1,0
232636,930762584,2.262621641,1,0
232637,930766584,2.363864422,1,0
232638,930770584,2.475845098,1,0
232639,930774584,2.598563433,1,0
232640,930778584,2.715146065,1,0
232641,930782584,2.825592756,1,0
232642,930786584,2.931437254,1,0
232643,930790584,3.054155827,1,0
232644,930794584,3.166136503,1,0
232645,930798584,3.279650927,1,0
232646,930802584,3.397767544,1,0
232647,930806584,3.515884161,1,0
232648,930810584,3.620194674,1,0
232649,930814584,3.73524332,1,0
232650,930818584,3.86563158,1,0
232651,930822584,3.985282183,1,0
232652,930826584,4.084990978,1,0
232653,930830584,4.204641342,1,0
232654,930834584,4.342699528,1,0
232655,930838584,4.454680443,1,0
232656,930842584,4.55745697,1,0
232657,930846584,4.68784523,1,0
232658,930850584,4.825903893,1,0
232659,930854584,4.936350346,1,0
232660,930858584,5.036058903,1,0
232661,930862584,5.174117565,1,0
232662,930866584,5.307573795,1,0
232663,930870584,5.414952278,1,0
232664,930874584,5.525398731,1,0
232665,930878584,5.655787468,1,0
232666,930882584,5.783107758,1,0
232667,930886584,5.895088196,1,0
232668,930890584,6.008603096,1,0
232669,930894584,6.1343894,1,0
232670,930898584,6.25864172,1,0
232671,930902584,0.092038848,1,0
232672,930906584,0.210155368,1,0
232673,930910584,0.335941792,1,0
232674,930914584,0.45712629,1,0
232675,930918584,0.572174847,1,0
232676,930922584,0.704097211,1,0
232677,930926584,0.832951605,1,0
232678,930930584,0.946466148,1,0
232679,930934584,1.064582705,1,0
232680,930938584,1.20264101,1,0
232681,930942584,1.334563375,1,0
232682,930946584,1.440407991,1,0
232683,930950584,1.570796371,1,0
232684,930954584,1.714990616,1,0
232685,930958584,1.837709069,1,0
232686,930962584,1.946621656,1,0
232687,930966584,2.07854414,1,0
232688,930970584,2.219670296,1,0
232689,930974584,2.336252689,1,0
232690,930978584,2.451301336,1,0
232691,930982584,2.581689835,1,0
232692,930986584,2.710544109,1,0
232693,930990584,2.833262682,1,0
232694,930994584,2.949845076,1,0
232695,930998584,3.078699589,1,0
232696,931002584,3.199883938,1,0
232697,931006584,3.328738451,1,0
232698,931010584,3.457592726,1,0
232699,931014584,3.575709343,1,0
232700,931018584,3.693825722,1,0
232701,931022584,3.830350161,1,0
232702,931026584,3.966874361,1,0
232703,931030584,4.077321053,1,0
232704,931034584,4.206175327,1,0
232705,931038584,4.351903439,1,0
232706,931042584,4.476156235,1,0
232707,931046584,4.588136673,1,0
232708,931050584,4.724660873,1,0
232709,931054584,4.87805891,1,0
232710,931058584,4.991573811,1,0
232711,931062584,5.111224174,1,0
232712,931066584,5.256952286,1,0
232713,931070584,5.395010471,1,0
232714,931074584,5.511593342,1,0
232715,931078584,5.637379646,1,0
232716,931082584,5.776971817,1,0
232717,931086584,5.907360077,1,0
232718,931090584,6.031612396,1,0
232719,931094584,6.162001133,1,0
232720,931098584,0.007669904,1,0
232721,931102584,0.138058275,1,0
232722,931106584,0.27304858,1,0
232723,931110584,0.404970944,1,0
232724,931114584,0.524621427,1,0
232725,931118584,0.662679732,1,0
232726,931122584,0.809941888,1,0
232727,931126584,0.934194326,1,0
232728,931130584,1.05691278,1,0
232729,931134584,1.20264101,1,0
232730,931138584,1.343767166,1,0
232731,931142584,1.46648562,1,0
232732,931146584,1.603009939,1,0
232733,931150584,1.756408095,1,0
232734,931154584,1.885262489,1,0
232735,931158584,2.011048794,1,0
232736,931162584,2.152175188,1,0
232737,931166584,2.294835329,1,0
232738,931170584,2.420621634,1,0
232739,931174584,2.552544117,1,0
232740,931178584,2.689068317,1,0
232741,931182584,2.825592756,1,0
232742,931186584,2.955981016,1,0
232743,931190584,3.089437485,1,0
232744,931194584,3.216757774,1,0
232745,931198584,3.35481596,1,0
232746,931202584,3.495942354,1,0
232747,931206584,3.620194674,1,0
232748,931210584,3.753651142,1,0
232749,931214584,3.900913239,1,0
232750,931218584,4.034369469,1,0
232751,931222584,4.158622265,1,0
232752,931226584,4.310486317,1,0
232753,931230584,4.456214428,1,0
232754,931234584,4.578932762,1,0
232755,931238584,4.715456963,1,0
232756,931242584,4.873456955,1,0
232757,931246584,5.008447647,1,0
232758,931250584,5.137301922,1,0
232759,931254584,5.286098003,1,0
232760,931258584,5.43029213,1,0
232761,931262584,5.562214375,1,0
232762,931266584,5.698738575,1,0
232763,931270584,5.841399193,1,0
232764,931274584,5.977923393,1,0
232765,931278584,6.119049549,1,0
232766,931282584,6.257107735,1,0
232767,931286584,0.108912639,1,0
232768,931290584,0.251572847,1,0
232769,931294584,0.395767063,1,0
232770,931298584,0.527689397,1,0
232771,931302584,0.671883583,1,0
232772,931306584,0.822213709,1,0
232773,931310584,0.957204044,1,0
232774,931314584,1.096796274,1,0
232775,931318584,1.251728415,1,0
232776,931322584,1.394388556,1,0
232777,931326584,1.529378891,1,0
232778,931330584,1.679708958,1,0
232779,931334584,1.837709069,1,0
232780,931338584,1.971165419,1,0
232781,931342584,2.109223604,1,0
232782,931346584,2.262621641,1,0
232783,931350584,2.406816006,1,0
232784,931354584,2.544874191,1,0
232785,931358584,2.684466362,1,0
232786,931362584,2.828660727,1,0
232787,931366584,2.975922823,1,0
232788,931370584,3.113981009,1,0
232789,931374584,3.248971462,1,0
232790,931378584,3.396233559,1,0
232791,931382584,3.54809761,1,0
232792,931386584,3.681554079,1,0
232793,931390584,3.825748205,1,0
232794,931394584,3.977612257,1,0
232795,931398584,4.114136696,1,0
232796,931402584,4.262932777,1,0
232797,931406584,4.419398785,1,0
232798,931410584,4.558990955,1,0
232799,931414584,4.700117111,1,0
232800,931418584,4.865787029,1,0
232801,931422584,5.009981155,1,0
232802,931426584,5.149573803,1,0
232803,931430584,5.30297184,1,0
232804,931434584,5.454835892,1,0
232805,931438584,5.599030018,1,0
232806,931442584,5.744758129,1,0
232807,931446584,5.89048624,1,0
232808,931450587,6.037748337,1,0
232809,931455584,6.227962017,1,0
232810,931459584,0.087436907,1,0
232811,931463584,0.23469907,1,0
232812,931467584,0.386563182,1,0
232813,931471584,0.529223382,1,0
232814,931475584,0.682621479,1,0
232815,931479584,0.840621471,1,0
232816,931483584,0.984815717,1,0
232817,931487584,1.130543828,1,0
232818,931491584,1.293145895,1,0
232819,931495584,1.445009947,1,0
232820,931499584,1.592272043,1,0
232821,931503584,1.75487411,1,0
232822,931507584,1.908272147,1,0
232823,931511584,2.055534363,1,0
232824,931515584,2.21200037,1,0
232825,931519584,2.365398407,1,0
232826,931523584,2.511126518,1,0
232827,931527584,2.662990808,1,0
232828,931531584,2.813320875,1,0
232829,931535584,2.963650942,1,0
232830,931539584,3.112447023,1,0
232831,931543584,3.256641388,1,0
232832,931547584,3.41464138,1,0
232833,931551584,3.568039417,1,0
232834,931555584,3.712233543,1,0
232835,931559584,3.86563158,1,0
232836,931563584,4.026699543,1,0
232837,931567584,4.172427654,1,0
232838,931571584,4.330427647,1,0
232839,931575584,4.489962101,1,0
232840,931579584,4.641826153,1,0
232841,931583584,4.799826145,1,0
232842,931587584,4.963962078,1,0
232843,931591584,5.111224174,1,0
232844,931595584,5.267690182,1,0
232845,931599584,5.4333601,1,0
232846,931603584,5.583690166,1,0
232847,931607584,5.735554218,1,0
232848,931611584,5.888952255,1,0
232849,931615584,6.048486233,1,0
232850,931619584,6.206486225,1,0
232851,931623584,0.073631078,1,0
232852,931627584,0.22702916,1,0
232853,931631584,0.391165107,1,0
232854,931635584,0.543029189,1,0
232855,931639584,0.701029241,1,0
232856,931643584,0.865165174,1,0
232857,931647584,1.0154953,1,0
232858,931651584,1.179631233,1,0
232859,931655584,1.346835136,1,0
232860,931659584,1.501767278,1,0
232861,931663584,1.66283524,1,0
232862,931667584,1.836175084,1,0
232863,931671584,1.991107106,1,0
232864,931675584,2.147573233,1,0
232865,931679584,2.31017518,1,0
232866,931683584,2.466641188,1,0
232867,931687584,2.62770915,1,0
232868,931691584,2.784175158,1,0
232869,931695584,2.940641165,1,0
232870,931699584,3.098641396,1,0
232871,931703584,3.256641388,1,0
232872,931707584,3.416175365,1,0
232873,931711584,3.575709343,1,0
232874,931715584,3.72910738,1,0
232875,931719584,3.897845268,1,0
232876,931723584,4.058913231,1,0
232877,931727584,4.213845253,1,0
232878,931731584,4.382583141,1,0
232879,931735584,4.543651104,1,0
232880,931739584,4.704719067,1,0
232881,931743584,4.87805891,1,0
232882,931747584,5.039126873,1,0
232883,931751584,5.198660851,1,0
232884,931755584,5.372000694,1,0
232885,931759584,5.534602642,1,0
232886,931763584,5.692602634,1,0
232887,931767584,5.853671074,1,0
232888,931771584,6.016273022,1,0
232889,931775584,6.18501091,1,0
232890,931779584,0.061359234,1,0
232891,931783584,0.222427219,1,0
232892,931787584,0.388097137,1,0
232893,931791584,0.550699115,1,0
232894,931795584,0.717903018,1,0
232895,931799584,0.888174891,1,0
232896,931803584,1.047708869,1,0
232897,931807584,1.222582698,1,0
232898,931811584,1.394388556,1,0
232899,931815584,1.556990504,1,0
232900,931819584,1.730330348,1,0
232901,931823584,1.900602221,1,0
232902,931827584,2.067806244,1,0
232903,931831584,2.236544132,1,0
232904,931835584,2.40221405,1,0
232905,931839584,2.566349983,1,0
232906,931843584,2.735087872,1,0
232907,931847584,2.899223804,1,0
232908,931851584,3.063359737,1,0
232909,931855584,3.2244277,1,0
232910,931859584,3.390097618,1,0
232911,931863584,3.563437462,1,0
232912,931867584,3.722971439,1,0
232913,931871584,3.891709328,1,0
232914,931875584,4.060447216,1,0
232915,931879584,4.23071909,1,0
232916,931883584,4.405592918,1,0
232917,931887584,4.572796822,1,0
232918,931891584,4.740000725,1,0
232919,931895584,4.92561245,1,0
232920,931899584,5.091282368,1,0
232921,931903584,5.261554241,1,0
232922,931907584,5.434894085,1,0
232923,931911584,5.602097988,1,0
232924,931915584,5.775437832,1,0
232925,931919584,5.942641735,1,0
232926,931923584,6.111379623,1,0
232927,931927584,6.281651497,1,0
232928,931931584,0.171805859,1,0
232929,931935584,0.343611717,1,0
232930,931939584,0.51081562,1,0
232931,931943584,0.682621479,1,0
232932,931947584,0.860563219,1,0
232933,931951584,1.033903122,1,0
232934,931955584,1.208776951,1,0
232935,931959584,1.386718631,1,0
232936,931963584,1.558524489,1,0
232937,931967584,1.744136214,1,0
232938,931971584,1.922078013,1,0
232939,931975584,2.090815783,1,0
232940,931979584,2.267223597,1,0
232941,931983584,2.445165396,1,0
232942,931987584,2.615437269,1,0
232943,931991584,2.787243128,1,0
232944,931995584,2.955981016,1,0
232945,931999584,3.127786875,1,0
232946,932003584,3.301126719,1,0
232947,932007584,3.477534533,1,0
232948,932011584,3.647806406,1,0
232949,932015584,3.819612265,1,0
232950,932019584,4.002155781,1,0
232951,932023584,4.172427654,1,0
232952,932027584,4.351903439,1,0
232953,932031584,4.529845238,1,0
232954,932035584,4.707787037,1,0
232955,932039584,4.893398762,1,0
232956,932043584,5.068272591,1,0
232957,932047584,5.244680405,1,0
232958,932051584,5.425690174,1,0
232959,932055584,5.605165958,1,0
232960,932059584,5.781573772,1,0
232961,932063584,5.954913616,1,0
232962,932067584,6.13132143,1,0
232963,932071584,0.029145636,1,0
232964,932075584,0.205553427,1,0
232965,932079584,0.383495212,1,0
232966,932083584,0.556835055,1,0
232967,932087584,0.743980706,1,0
232968,932091584,0.928058386,1,0
232969,932095584,1.102932215,1,0
232970,932099584,1.28854394,1,0
232971,932103584,1.468019605,1,0
232972,932107584,1.655165315,1,0
232973,932111584,1.845378995,1,0
232974,932115584,2.023320675,1,0
232975,932119584,2.204330444,1,0
232976,932123584,2.389942169,1,0
232977,932127584,2.567883968,1,0
232978,932131584,2.745825768,1,0
232979,932135584,2.922233582,1,0
232980,932139584,3.100175142,1,0
232981,932143584,3.279650927,1,0
232982,932147584,3.460660696,1,0
232983,932151584,3.64013648,1,0
232984,932155584,3.818078279,1,0
232985,932159584,4.008291721,1,0
232986,932163584,4.184699535,1,0
232987,932167584,4.371845245,1,0
232988,932171584,4.555922985,1,0
232989,932175584,4.743068695,1,0
232990,932179584,4.93481636,1,0
232991,932183584,5.11582613,1,0
232992,932187584,5.29990387,1,0
232993,932191584,5.485515594,1,0
232994,932195584,5.672661304,1,0
232995,932199584,5.855205059,1,0
232996,932203584,6.036214352,1,0
232997,932207584,6.218758106,1,0
232998,932211584,0.122718468,1,0
232999,932215584,0.308330148,1,0
233000,932219584,0.489339888,1,0
233001,932223584,0.673417568,1,0
233002,932227584,0.865165174,1,0
233003,932231584,1.05384481,1,0
233004,932235584,1.24405849,1,0
233005,932239584,1.432738066,1,0
233006,932243584,1.618349791,1,0
233007,932247584,1.820835233,1,0
233008,932251584,2.007980824,1,0
233009,932255584,2.195126534,1,0
233010,932259584,2.380738258,1,0
233011,932263584,2.570951939,1,0
233012,932267584,2.756563663,1,0
233013,932271584,2.93910718,1,0
233014,932275584,3.123184919,1,0
233015,932279584,3.304194689,1,0
233016,932283584,3.499010324,1,0
233017,932287584,3.681554079,1,0
233018,932291584,3.868699551,1,0
233019,932295584,4.057379246,1,0
233020,932299584,4.249126911,1,0
233021,932303584,4.443942547,1,0
233022,932307584,4.632622242,1,0
233023,932311584,4.824369907,1,0
233024,932315584,5.017651081,1,0
233025,932319584,5.212466717,1,0
233026,932323584,5.405748367,1,0
233027,932327584,5.594428062,1,0
233028,932331584,5.783107758,1,0
233029,932335584,5.976389408,1,0
233030,932339584,6.165069103,1,0
233031,932343584,0.070563115,1,0
233032,932347584,0.260776728,1,0
233033,932351584,0.45712629,1,0
233034,932355584,0.64427197,1,0
233035,932359584,0.842155457,1,0
233036,932363584,1.032369137,1,0
233037,932367584,1.228718638,1,0
233038,932371584,1.429670095,1,0
233039,932375584,1.622951746,1,0
233040,932379584,1.825437188,1,0
233041,932383584,2.018718719,1,0
233042,932387584,2.219670296,1,0
233043,932391584,2.409883976,1,0
233044,932395584,2.600097418,1,0
233045,932399584,2.791845083,1,0
233046,932403584,2.988194704,1,0
233047,932407584,3.176874399,1,0
233048,932411584,3.365553856,1,0
233049,932415584,3.560369492,1,0
233050,932419584,3.749049187,1,0
233051,932423584,3.953068495,1,0
233052,932427584,4.143282413,1,0
233053,932431584,4.339631557,1,0
233054,932435584,4.539049149,1,0
233055,932439584,4.740000725,1,0
233056,932443584,4.942486286,1,0
233057,932447584,5.135767937,1,0
233058,932451584,5.335185528,1,0
233059,932455584,5.539204597,1,0
233060,932459584,5.732486248,1,0
233061,932463584,5.925767899,1,0
233062,932467584,6.120583534,1,0
233063,932471584,0.032213598,1,0
233064,932475584,0.23469907,1,0
233065,932479584,0.431048602,1,0
233066,932483584,0.624330223,1,0
233067,932487584,0.82834965,1,0
233068,932491584,1.032369137,1,0
233069,932495584,1.234854579,1,0
233070,932499584,1.435806036,1,0
233071,932503584,1.635223508,1,0
233072,932507584,1.842311025,1,0
233073,932511584,2.049398422,1,0
233074,932515584,2.248816013,1,0
233075,932519584,2.445165396,1,0
233076,932523584,2.641515017,1,0
233077,932527584,2.84706831,1,0
233078,932531584,3.043417931,1,0
233079,932535584,3.235165596,1,0
233080,932539584,3.433049202,1,0
233081,932543584,3.63706851,1,0
233082,932547584,3.836486101,1,0
233083,932551584,4.038971424,1,0
233084,932555584,4.235321045,1,0
233085,932559584,4.440874577,1,0
233086,932563584,4.649496078,1,0
233087,932567584,4.856583118,1,0
233088,932571584,5.05906868,1,0
233089,932575584,5.261554241,1,0
233090,932579584,5.473243713,1,0
233091,932583584,5.67419529,1,0
233092,932587584,5.873612404,1,0
233093,932591584,6.073029995,1,0
233094,932595584,6.273981571,1,0
233095,932599584,0.199417502,1,0
233096,932603584,0.403436959,1,0
233097,932607584,0.601320505,1,0
233098,932611584,0.809941888,1,0
233099,932615584,1.021631241,1,0
233100,932619584,1.228718638,1,0
233101,932623584,1.437340021,1,0
233102,932627584,1.642893434,1,0
233103,932631584,1.862252712,1,0
233104,932635584,2.067806244,1,0
233105,932639584,2.274893522,1,0
233106,932643584,2.477379084,1,0
233107,932647584,2.678330421,1,0
233108,932651584,2.888485909,1,0
233109,932655584,3.09097147,1,0
233110,932659584,3.290388823,1,0
233111,932663584,3.495942354,1,0
233112,932667584,3.703029633,1,0
233113,932671584,3.910117149,1,0
233114,932675584,4.115670681,1,0
233115,932679584,4.322758198,1,0
233116,932683584,4.540583134,1,0
233117,932687584,4.74767065,1,0
233118,932691584,4.962428093,1,0
233119,932695584,5.16951561,1,0
233120,932699584,5.37967062,1,0
233121,932703584,5.594428062,1,0
233122,932707584,5.799981594,1,0
233123,932711584,6.005535126,1,0
233124,932715584,6.212622166,1,0
233125,932719584,0.142660215,1,0
233126,932723584,0.352815598,1,0
233127,932727584,0.556835055,1,0
233128,932731584,0.768524408,1,0
233129,932735584,0.987883627,1,0
233130,932739584,1.19957304,1,0
233131,932743584,1.415864348,1,0
233132,932747584,1.626019716,1,0
233133,932751584,1.845378995,1,0
233134,932755584,2.064738274,1,0
233135,932759584,2.276427507,1,0
233136,932763584,2.485049009,1,0
233137,932767584,2.692136288,1,0
233138,932771584,2.908427715,1,0
233139,932775584,3.115514994,1,0
233140,932779584,3.321068525,1,0
233141,932783584,3.531223774,1,0
233142,932787584,3.739845276,1,0
233143,932791584,3.96073842,1,0
233144,932795584,4.169359684,1,0
233145,932799584,4.385651112,1,0
233146,932803584,4.600408554,1,0
233147,932807584,4.822835922,1,0
233148,932811584,5.040660858,1,0
233149,932815584,5.253884315,1,0
233150,932819584,5.470175743,1,0
233151,932823584,5.688001156,1,0
233152,932827584,5.901224136,1,0
233153,932831584,6.112913609,1,0
233154,932835584,0.041417483,1,0
233155,932839584,0.254640818,1,0
233156,932843584,0.474000067,1,0
233157,932847584,0.68875742,1,0
233158,932851584,0.909650624,1,0
233159,932855584,1.124408007,1,0
233160,932859584,1.352971077,1,0
233161,932863584,1.569262385,1,0
233162,932867584,1.793223619,1,0
233163,932871584,2.012582779,1,0
233164,932875584,2.231942177,1,0
233165,932879584,2.452835321,1,0
233166,932883584,2.664524794,1,0
233167,932887584,2.879281998,1,0
233168,932891584,3.09403944,1,0
233169,932895584,3.311864614,1,0
233170,932899584,3.526621819,1,0
233171,932903584,3.739845276,1,0
233172,932907584,3.959204435,1,0
233173,932911584,4.181631565,1,0
233174,932915584,4.404058933,1,0
233175,932919584,4.623418331,1,0
233176,932923584,4.845845222,1,0
233177,932927584,5.068272591,1,0
233178,932931584,5.295301914,1,0
233179,932935584,5.516195297,1,0
233180,932939584,5.734020233,1,0
233181,932943584,5.950311661,1,0
233182,932947584,6.175806999,1,0
233183,932951586,0.108912639,1,0
233185,932961584,0.661145747,1,0
233186,932965584,0.886640906,1,0
233187,932969584,1.10753417,1,0
233188,932973584,1.342233181,1,0
233189,932977584,1.56466043,1,0
233190,932981584,1.793223619,1,0
233191,932985584,2.018718719,1,0
233192,932989584,2.242680073,1,0
233193,932993584,2.468175173,1,0
233194,932997584,2.687534332,1,0
233195,933001584,2.90689373,1,0
233197,933011584,3.457592726,1,0
233198,933015584,3.675418139,1,0
233199,933019584,3.905515194,1,0
233200,933023584,4.127942562,1,0
233201,933027584,4.353437424,1,0
233202,933031584,4.580466747,1,0
233203,933035584,4.813632011,1,0
233204,933039584,5.042194843,1,0
233205,933043584,5.267690182,1,0
233206,933047584,5.494719505,1,0
233207,933051584,5.724816322,1,0
233208,933055584,5.94724369,1,0
233209,933059584,6.169671059,1,0
233210,933063584,0.108912639,1,0
233211,933067584,0.334407806,1,0
233212,933071584,0.564504921,1,0
233213,933075584,0.794602096,1,0
233214,933079584,1.021631241,1,0
233215,933083584,1.253262281,1,0
233216,933087584,1.489495397,1,0
233217,933091584,1.722660422,1,0
233218,933095584,1.954291582,1,0
233219,933099584,2.184388638,1,0
233220,933103584,2.417553902,1,0
233221,933107584,2.639981031,1,0
233222,933111584,2.865476131,1,0
233223,933115584,3.089437485,1,0
233224,933119584,3.311864614,1,0
233225,933123584,3.54502964,1,0
233226,933127584,3.768990993,1,0
233227,933131584,3.999088049,1,0
233228,933135584,4.226117134,1,0
233229,933139584,4.466952324,1,0
233230,933143584,4.697049141,1,0
233231,933147584,4.933282375,1,0
233232,933151584,5.163379669,1,0
233233,933155584,5.395010471,1,0
233234,933159584,5.631243706,1,0
233235,933163584,5.859806538,1,0
233236,933167584,6.086835861,1,0
233237,933171584,0.032213598,1,0
233238,933175584,0.268446654,1,0
233239,933179584,0.498543769,1,0
233240,933183584,0.730174899,1,0
233241,933187584,0.96487397,1,0
233242,933191584,1.207242966,1,0
233243,933195584,1.445009947,1,0
233244,933199584,1.679708958,1,0
233245,933203584,1.917476058,1,0
233246,933207584,2.152175188,1,0
233247,933211584,2.393010139,1,0
233248,933215584,2.62157321,1,0
233249,933219584,2.85013628,1,0
233250,933223584,3.080233574,1,0
233251,933227584,3.31646657,1,0
233252,933231584,3.546563625,1,0
233253,933235584,3.775126934,1,0
233254,933239584,4.011359692,1,0
233255,933243584,4.250660896,1,0
233256,933247584,4.489962101,1,0
233257,933251584,4.724660873,1,0
233258,933255584,4.967030048,1,0
233259,933259584,5.200194836,1,0
233260,933263584,5.445631981,1,0
233261,933267584,5.68033123,1,0
233262,933271584,5.913496017,1,0
233263,933275584,6.145127296,1,0
233264,933279584,0.102776714,1,0
233265,933283584,0.339009762,1,0
233266,933287584,0.572174847,1,0
233267,933291584,0.813009858,1,0
233268,933295584,1.058446765,1,0
233269,933299584,1.300815701,1,0
233270,933303584,1.540116787,1,0
233271,933307584,1.784019709,1,0
233272,933311584,2.026388645,1,0
233273,933315584,2.273359537,1,0
233274,933319584,2.508058548,1,0
233275,933323584,2.741223812,1,0
233276,933327584,2.975922823,1,0
233277,933331584,3.216757774,1,0
233278,933335584,3.45299077,1,0
233279,933339584,3.686156034,1,0
233280,933343584,3.925457001,1,0
233281,933347584,4.163223743,1,0
233282,933351584,4.413262844,1,0
233283,933355584,4.655632019,1,0
233284,933359584,4.899534702,1,0
233285,933363584,5.140369892,1,0
233286,933367584,5.390408516,1,0
233287,933371584,5.631243706,1,0
233288,933375584,5.869010448,1,0
233289,933379584,6.106777668,1,0
233290,933383584,0.069029137,1,0
233291,933387584,0.309864134,1,0
233292,933391584,0.54916513,1,0
233293,933395584,0.793068111,1,0
233294,933399584,1.044640899,1,0
233295,933403584,1.29161191,1,0
233296,933407584,1.533980846,1,0
233297,933411584,1.776349783,1,0
233298,933415584,2.015650749,1,0
233299,933419584,2.262621641,1,0
233300,933423584,2.500388861,1,0
233301,933427584,2.735087872,1,0
233302,933431588,2.966718912,1,0
233303,933436584,3.252039433,1,0
233304,933440584,3.491340399,1,0
233305,933444584,3.72603941,1,0
233306,933448584,3.963806391,1,0
233307,933452584,4.196971416,1,0
233308,933456584,4.440874577,1,0
233309,933460584,4.677107334,1,0
233310,933464584,4.92561245,1,0
233311,933468584,5.171049595,1,0
233312,933472584,5.418020248,1,0
233313,933476584,5.663457394,1,0
233314,933480584,5.899690151,1,0
233315,933484584,6.135923386,1,0
233316,933488584,0.09050487,1,0
233317,933492584,0.340543747,1,0
233318,933496584,0.582912743,1,0
233319,933500584,0.83141762,1,0
233320,933504584,1.079922557,1,0
233321,933508584,1.340699196,1,0
233322,933512584,1.589204192,1,0
233323,933516584,1.839243054,1,0
233324,933520584,2.084679842,1,0
233325,933524584,2.327049017,1,0
233326,933528584,2.574019909,1,0
233327,933532584,2.81178689,1,0
233328,933536584,3.051087856,1,0
233329,933540584,3.290388823,1,0
233330,933544584,3.54196167,1,0
233331,933548584,3.788932562,1,0
233332,933552584,4.040505409,1,0
233333,933556584,4.289010525,1,0
233334,933560584,4.542117119,1,0
233335,933564584,4.778350353,1,0
233336,933568584,5.006913662,1,0
233337,933572584,5.224738598,1,0
233338,933576584,5.4333601,1,0
233339,933580584,5.637379646,1,0
233340,933584584,5.826059341,1,0
233341,933588584,6.005535126,1,0
233342,933592584,6.178874969,1,0
233343,933596584,0.065961175,1,0
233344,933600584,0.222427219,1,0
233345,933604584,0.375825316,1,0
233346,933608584,0.515417576,1,0
233347,933612584,0.648873866,1,0
233348,933616584,0.785398185,1,0
233349,933620584,0.914252579,1,0
233350,933624584,1.029301167,1,0
233351,933628584,1.141281724,1,0
233352,933632584,1.256330252,1,0
233353,933636584,1.365242958,1,0
233354,933640584,1.461883783,1,0
233355,933644584,1.546252728,1,0
233356,933648584,1.626019716,1,0
233357,933652584,1.71038866,1,0
233358,933656584,1.790155649,1,0
233359,933660584,1.857650757,1,0
233360,933664584,1.912874103,1,0
233361,933668584,1.960427523,1,0
233362,933672584,1.997243047,1,0
233363,933676584,2.02178669,1,0
233364,933680584,2.035592556,1,0
233365,933684584,2.041728497,1,0
233366,933688584,2.038660526,1,0
233367,933692584,2.030990601,1,0
233368,933696584,2.020252705,1,0
233369,933700584,2.006446838,1,0
233370,933704584,1.991107106,1,0
233371,933708584,1.97423327,1,0
233372,933712584,1.958893538,1,0
233373,933716584,1.945087671,1,0
233374,933720584,1.93588376,1,0
233375,933724584,1.93281579,1,0
233376,933728584,1.934349775,1,0
233377,933732584,1.937417746,1,0
233378,933736584,1.942019701,1,0
233379,933740584,1.945087671,1,0
233380,933744584,1.945087671,1,0
233381,933748584,1.943553686,1,0
233382,933752584,1.942019701,1,0
233383,933756584,1.942019701,1,0
233384,933760584,1.942019701,1,0
233385,933764584,1.943553686,1,0
233386,933768584,1.943553686,1,0
233387,933772584,1.943553686,1,0
233388,933776584,1.942019701,1,0
233389,933780584,1.942019701,1,0
233390,933784584,1.943553686,1,0
233391,933788584,1.943553686,1,0
233392,933792584,1.943553686,1,0
233393,933796584,1.942019701,1,0
233394,933800584,1.942019701,1,0
233395,933804584,1.943553686,1,0
233396,933808584,1.943553686,1,0
233397,933812584,1.942019701,1,0
233398,933816584,1.942019701,1,0
233399,933820584,1.943553686,1,0
233400,933824584,1.942019701,1,0
233401,933828584,1.942019701,1,0
233402,933832584,1.942019701,1,0
233403,933836584,1.942019701,1,0
233404,933840584,1.943553686,1,0
233405,933844584,1.942019701,1,0
233406,933848584,1.942019701,1,0
233407,933852584,1.943553686,1,0
233408,933856584,1.942019701,1,0
233409,933860584,1.942019701,1,0
233410,933864584,1.943553686,1,0
233411,933868584,1.943553686,1,0
233412,933872584,1.942019701,1,0
233413,933876584,1.942019701,1,0
233414,933880584,1.942019701,1,0
233415,933884584,1.942019701,1,0
233416,933888584,1.942019701,1,0
233417,933892584,1.942019701,1,0
233418,933896584,1.942019701,1,0
233419,933900584,1.943553686,1,0
233420,933904584,1.942019701,1,0
233421,933908584,1.942019701,1,0
233422,933912584,1.942019701,1,0
233423,933916584,1.942019701,1,0
233424,933920584,1.942019701,1,0
233425,933924584,1.942019701,1,0
233426,933928584,1.942019701,1,0
233427,933932584,1.942019701,1,0
233428,933936584,1.942019701,1,0
233429,933940584,1.943553686,1,0
233430,933944584,1.942019701,1,0
233431,933948584,1.943553686,1,0
233432,933952584,1.942019701,1,0
233433,933956584,1.942019701,1,0
233434,933960584,1.942019701,1,0
233435,933964584,1.942019701,1,0
233436,933968584,1.942019701,1,0
233437,933972584,1.943553686,1,0
233438,933976584,1.943553686,1,0
233439,933980584,1.942019701,1,0
233440,933984584,1.943553686,1,0
233441,933988584,1.942019701,1,0
233442,933992584,1.943553686,1,0
233443,933996584,1.942019701,1,0
233444,934000584,1.942019701,1,0
233445,934004584,1.942019701,1,0
233446,934008584,1.943553686,1,0
233447,934012584,1.942019701,1,0
233448,934016584,1.942019701,1,0
233449,934020584,1.943553686,1,0
233450,934024584,1.942019701,1,0
233451,934028584,1.942019701,1,0
233452,934032584,1.942019701,1,0
233453,934036584,1.942019701,1,0
233454,934040584,1.942019701,1,0
233455,934044584,1.942019701,1,0
233456,934048584,1.943553686,1,0
233457,934052584,1.943553686,1,0
233458,934056584,1.942019701,1,0
233459,934060584,1.943553686,1,0
233460,934064584,1.942019701,1,0
233461,934068584,1.943553686,1,0
233462,934072584,1.942019701,1,0
233463,934076584,1.942019701,1,0
233464,934080584,1.942019701,1,0
233465,934084584,1.942019701,1,0
233466,934088584,1.943553686,1,0
233467,934092584,1.942019701,1,0
233468,934096584,1.943553686,1,0
233469,934100584,1.942019701,1,0
233470,934104584,1.942019701,1,0
233471,934108584,1.943553686,1,0
233472,934112584,1.943553686,1,0
233473,934116584,1.942019701,1,0
233474,934120584,1.943553686,1,0
233475,934124584,1.943553686,1,0
233476,934128584,1.942019701,1,0
233477,934132584,1.942019701,1,0
233478,934136584,1.942019701,1,0
233479,934140584,1.942019701,1,0
233480,934144584,1.942019701,1,0
233481,934148584,1.942019701,1,0
233482,934152584,1.942019701,1,0
233483,934156584,1.942019701,1,0
233484,934160584,1.942019701,1,0
233485,934164584,1.942019701,1,0
233486,934168584,1.942019701,1,0
233487,934172584,1.942019701,1,0
233488,934176584,1.942019701,1,0
233489,934180584,1.943553686,1,0
233490,934184584,1.942019701,1,0
233491,934188584,1.942019701,1,0
233492,934192584,1.943553686,1,0
233493,934196584,1.942019701,1,0
233494,934200584,1.942019701,1,0
233495,934204584,1.942019701,1,0
233496,934208584,1.943553686,1,0
233497,934212584,1.943553686,1,0
233498,934216584,1.942019701,1,0
233499,934220584,1.943553686,1,0
233500,934224584,1.942019701,1,0
233501,934228584,1.942019701,1,0
233502,934232584,1.942019701,1,0
233503,934236584,1.942019701,1,0
233504,934240584,1.943553686,1,0
233505,934244584,1.942019701,1,0
233506,934248584,1.942019701,1,0
233507,934252584,1.942019701,1,0
233508,934256584,1.942019701,1,0
233509,934260584,1.942019701,1,0
233510,934264584,1.942019701,1,0
233511,934268584,1.942019701,1,0
233512,934272584,1.943553686,1,0
233513,934276584,1.942019701,1,0
233514,934280584,1.943553686,1,0
233515,934284584,1.942019701,1,0
233516,934288584,1.942019701,1,0
233517,934292584,1.942019701,1,0
233518,934296584,1.943553686,1,0
233519,934300584,1.942019701,1,0
233520,934304584,1.942019701,1,0
233521,934308584,1.943553686,1,0
233522,934312584,1.942019701,1,0
233523,934316584,1.942019701,1,0
233524,934320584,1.942019701,1,0
233525,934324584,1.942019701,1,0
233526,934328584,1.942019701,1,0
233527,934332584,1.942019701,1,0
233528,934336584,1.942019701,1,0
233529,934340584,1.942019701,1,0
233530,934344584,1.943553686,1,0
233531,934348584,1.942019701,1,0
233532,934352584,1.942019701,1,0
233533,934356584,1.942019701,1,0
233534,934360584,1.942019701,1,0
233535,934364584,1.942019701,1,0
233536,934368584,1.942019701,1,0
233537,934372584,1.943553686,1,0
233538,934376584,1.942019701,1,0
233539,934380584,1.942019701,1,0
233540,934384584,1.942019701,1,0
233541,934388584,1.942019701,1,0
233542,934392584,1.942019701,1,0
233543,934396584,1.943553686,1,0
233544,934400584,1.942019701,1,0
233545,934404584,1.942019701,1,0
233546,934408584,1.942019701,1,0
233547,934412584,1.942019701,1,0
233548,934416584,1.942019701,1,0
233549,934420584,1.942019701,1,0
233550,934424584,1.942019701,1,0
233551,934428584,1.942019701,1,0
233552,934432584,1.942019701,1,0
233553,934436584,1.942019701,1,0
233554,934440584,1.943553686,1,0
233555,934444584,1.942019701,1,0
233556,934448584,1.943553686,1,0
233557,934452584,1.942019701,1,0
233558,934456584,1.943553686,1,0
233559,934460584,1.942019701,1,0
233560,934464584,1.943553686,1,0
233561,934468584,1.943553686,1,0
233562,934472584,1.943553686,1,0
233563,934476584,1.943553686,1,0
233564,934480584,1.942019701,1,0
233565,934484584,1.942019701,1,0
233566,934488584,1.942019701,1,0
233567,934492584,1.942019701,1,0
233568,934496584,1.942019701,1,0
233569,934500584,1.942019701,1,0
233570,934504584,1.942019701,1,0
233571,934508584,1.943553686,1,0
233572,934512584,1.942019701,1,0
233573,934516584,1.942019701,1,0
233574,934520584,1.942019701,1,0
233575,934524584,1.943553686,1,0
233576,934528584,1.942019701,1,0
233577,934532584,1.942019701,1,0
233578,934536584,1.942019701,1,0
233579,934540584,1.942019701,1,0
233580,934544584,1.943553686,1,0
233581,934548584,1.942019701,1,0
233582,934552584,1.942019701,1,0
233583,934556584,1.942019701,1,0
233584,934560584,1.942019701,1,0
233585,934564584,1.943553686,1,0
233586,934568584,1.942019701,1,0
233587,934572584,1.942019701,1,0
233588,934576584,1.942019701,1,0
233589,934580584,1.943553686,1,0
233590,934584584,1.942019701,1,0
233591,934588584,1.943553686,1,0
233592,934592584,1.942019701,1,0
233593,934596584,1.943553686,1,0
233594,934600584,1.943553686,1,0
233595,934604584,1.942019701,1,0
233596,934608584,1.942019701,1,0
233597,934612584,1.943553686,1,0
233598,934616584,1.942019701,1,0
233599,934620584,1.942019701,1,0
233600,934624584,1.942019701,1,0
233601,934628584,1.942019701,1,0
233602,934632584,1.942019701,1,0
233603,934636584,1.943553686,1,0
233604,934640584,1.942019701,1,0
233605,934644584,1.942019701,1,0
233606,934648584,1.942019701,1,0
233607,934652584,1.942019701,1,0
233608,934656584,1.942019701,1,0
233609,934660584,1.943553686,1,0
233610,934664584,1.942019701,1,0
233611,934668584,1.942019701,1,0
233612,934672584,1.942019701,1,0
233613,934676584,1.942019701,1,0
233614,934680584,1.942019701,1,0
233615,934684584,1.942019701,1,0
233616,934688584,1.942019701,1,0
233617,934692584,1.943553686,1,0
233618,934696584,1.942019701,1,0
233619,934700584,1.942019701,1,0
233620,934704584,1.942019701,1,0
233621,934708584,1.942019701,1,0
233622,934712584,1.942019701,1,0
233623,934716584,1.943553686,1,0
233624,934720584,1.942019701,1,0
233625,934724584,1.942019701,1,0
233626,934728584,1.942019701,1,0
233627,934732584,1.942019701,1,0
233628,934736584,1.943553686,1,0
233629,934740584,1.942019701,1,0
233630,934744584,1.943553686,1,0
233631,934748584,1.942019701,1,0
233632,934752584,1.942019701,1,0
233633,934756584,1.942019701,1,0
233634,934760584,1.942019701,1,0
233635,934764584,1.942019701,1,0
233636,934768584,1.942019701,1,0
233637,934772584,1.942019701,1,0
233638,934776584,1.942019701,1,0
233639,934780584,1.942019701,1,0
233640,934784584,1.943553686,1,0
233641,934788584,1.943553686,1,0
233642,934792584,1.942019701,1,0
233643,934796584,1.942019701,1,0
233644,934800584,1.943553686,1,0
233645,934804584,1.943553686,1,0
233646,934808584,1.942019701,1,0
233647,934812584,1.942019701,1,0
233648,934816584,1.943553686,1,0
233649,934820584,1.942019701,1,0
233650,934824584,1.943553686,1,0
233651,934828584,1.942019701,1,0
233652,934832584,1.942019701,1,0
233653,934836584,1.943553686,1,0
233654,934840584,1.943553686,1,0
233655,934844584,1.942019701,1,0
233656,934848584,1.942019701,1,0
233657,934852584,1.942019701,1,0
233658,934856584,1.943553686,1,0
233659,934860584,1.942019701,1,0
233660,934864584,1.942019701,1,0
233661,934868584,1.942019701,1,0
233662,934872584,1.942019701,1,0
233663,934876584,1.942019701,1,0
233664,934880584,1.943553686,1,0
233665,934884584,1.942019701,1,0
233666,934888584,1.942019701,1,0
233667,934892584,1.943553686,1,0
233668,934896584,1.943553686,1,0
233669,934900584,1.942019701,1,0
233670,934904584,1.943553686,1,0
233671,934908584,1.943553686,1,0
233672,934912584,1.943553686,1,0
233673,934916584,1.943553686,1,0
233674,934920584,1.942019701,1,0
233675,934924584,1.942019701,1,0
233676,934928584,1.942019701,1,0
233677,934932584,1.942019701,1,0
233678,934936584,1.942019701,1,0
233679,934940584,1.942019701,1,0
233680,934944584,1.942019701,1,0
233681,934948584,1.942019701,1,0
233682,934952584,1.942019701,1,0
233683,934956584,1.943553686,1,0
233684,934960584,1.943553686,1,0
233685,934964584,1.942019701,1,0
233686,934968584,1.943553686,1,0
233687,934972584,1.942019701,1,0
233688,934976584,1.943553686,1,0
233689,934980584,1.943553686,1,0
233690,934984584,1.942019701,1,0
233691,934988584,1.942019701,1,0
233692,934992584,1.942019701,1,0
233693,934996584,1.942019701,1,0
233694,935000584,1.942019701,1,0
233695,935004584,1.942019701,1,0
233696,935008584,1.942019701,1,0
233697,935012584,1.942019701,1,0
233698,935016584,1.942019701,1,0
233699,935020584,1.942019701,1,0
233700,935024584,1.942019701,1,0
233701,935028584,1.942019701,1,0
233702,935032584,1.942019701,1,0
233703,935036584,1.943553686,1,0
233704,935040584,1.942019701,1,0
233705,935044584,1.942019701,1,0
233706,935048584,1.942019701,1,0
233707,935052584,1.943553686,1,0
233708,935056584,1.942019701,1,0
233709,935060584,1.943553686,1,0
233710,935064584,1.943553686,1,0
233711,935068584,1.942019701,1,0
233712,935072584,1.942019701,1,0
233713,935076584,1.942019701,1,0
233714,935080584,1.942019701,1,0
233715,935084584,1.942019701,1,0
233716,935088584,1.942019701,1,0
233717,935092584,1.942019701,1,0
233718,935096584,1.942019701,1,0
233719,935100584,1.943553686,1,0
233720,935104584,1.942019701,1,0
233721,935108584,1.942019701,1,0
233722,935112584,1.943553686,1,0
233723,935116584,1.942019701,1,0
233724,935120584,1.942019701,1,0
233725,935124584,1.943553686,1,0
233726,935128584,1.942019701,1,0
233727,935132584,1.943553686,1,0
233728,935136584,1.942019701,1,0
233729,935140584,1.943553686,1,0
233730,935144584,1.943553686,1,0
233731,935148584,1.942019701,1,0
233732,935152584,1.942019701,1,0
233733,935156584,1.942019701,1,0
233734,935160584,1.942019701,1,0
233735,935164584,1.942019701,1,0
233736,935168584,1.942019701,1,0
233737,935172584,1.942019701,1,0
233738,935176584,1.943553686,1,0
233739,935180584,1.942019701,1,0
233740,935184584,1.942019701,1,0
233741,935188584,1.942019701,1,0
233742,935192584,1.942019701,1,0
233743,935196584,1.942019701,1,0
233744,935200584,1.942019701,1,0
233745,935204584,1.943553686,1,0
233746,935208584,1.942019701,1,0
