g431_session_id,g431_edge_sequence,g431_edge_tag,g431_planned_cycle_tick,g431_control_tick,g431_flags,g431_loopback_timer_tick,g431_loopback_cycle_tick,g431_loopback_delta_cycles,deng_session_id,deng_edge_sequence,deng_edge_tag,deng_truth_tick_us,deng_flags
20261004,121,221,2526430559,15640955,7,100,2526430608,49,20261004,121,221,189235338,3
20261004,122,222,2643046945,15649187,7,100,2643046994,49,20261004,122,222,189921333,3
20261004,123,223,2760164735,15657454,7,100,2760164784,49,20261004,123,223,190610277,3
20261004,124,224,2877001103,15665702,7,100,2877001152,49,20261004,124,224,191297566,3
20261004,125,225,2993909399,15673955,7,100,2993909448,49,20261004,125,225,191985278,3
20261004,126,226,3110919551,15682215,7,100,3110919600,49,20261004,126,226,192673589,3
20261004,127,227,3227611207,15690452,7,100,3227611256,49,20261004,127,227,193360027,3
20261004,128,228,3344797921,15698724,7,100,3344797970,49,20261004,128,228,194049376,3
20261004,129,229,3462002579,15706998,7,100,3462002458,-121,20261004,129,229,194738831,3
20261004,130,230,3578809356,15715244,7,100,3578809405,49,20261004,130,230,195425947,3
20261004,131,231,3695229259,15723462,7,100,3695229308,49,20261004,131,231,196110786,3
20261004,132,232,3812190982,15731718,7,100,3812191031,49,20261004,132,232,196798813,3
20261004,133,233,3928968672,15739962,7,100,3928968721,49,20261004,133,233,197485755,3
20261004,134,234,4045398480,15748181,7,100,4045398529,49,20261004,134,234,198170653,3
20261004,135,235,4162404558,15756441,7,100,4162404607,49,20261004,135,235,198858940,3
20261004,136,236,4279643051,15764717,7,100,4279643100,49,20261004,136,236,199548594,3
20261004,137,237,100919640,15772922,7,100,100919689,49,20261004,137,237,200232398,3
20261004,138,238,217789561,15781172,7,100,217789610,49,20261004,138,238,200919884,3
20261004,139,239,334954945,15789443,7,100,334954994,49,20261004,139,239,201609108,3
20261004,140,240,451458557,15797667,7,100,451458606,49,20261004,140,240,202294440,3
