index,ok,target_time_ms,raw_count,angle_mdeg,present,read_count,error_count,hal_status,hal_error,i2c_isr,scl_high,sda_high
0,1,27570,2269,199423,1,2,0,0,0,1,1,1
1,1,27675,2269,199423,1,3,0,0,0,1,1,1
2,1,27780,2269,199423,1,4,0,0,0,1,1,1
3,1,27885,2269,199423,1,5,0,0,0,1,1,1
4,1,27990,2269,199423,1,6,0,0,0,1,1,1
5,1,28095,2269,199423,1,7,0,0,0,1,1,1
6,1,28200,2269,199423,1,8,0,0,0,1,1,1
7,1,28305,2269,199423,1,9,0,0,0,1,1,1
8,1,28410,2269,199423,1,10,0,0,0,1,1,1
9,1,28515,2269,199423,1,11,0,0,0,1,1,1
10,1,28620,2269,199423,1,12,0,0,0,1,1,1
11,1,28725,2269,199423,1,13,0,0,0,1,1,1
12,1,28830,2269,199423,1,14,0,0,0,1,1,1
13,1,28935,2269,199423,1,15,0,0,0,1,1,1
14,1,29040,2269,199423,1,16,0,0,0,1,1,1
15,1,29145,2269,199423,1,17,0,0,0,1,1,1
16,1,29250,2269,199423,1,18,0,0,0,1,1,1
17,1,29355,2269,199423,1,19,0,0,0,1,1,1
18,1,29460,2269,199423,1,20,0,0,0,1,1,1
19,1,29565,2269,199423,1,21,0,0,0,1,1,1
20,1,29670,2269,199423,1,22,0,0,0,1,1,1
21,1,29775,2269,199423,1,23,0,0,0,1,1,1
22,1,29880,2269,199423,1,24,0,0,0,1,1,1
23,1,29985,2269,199423,1,25,0,0,0,1,1,1
24,1,30090,2269,199423,1,26,0,0,0,1,1,1
25,1,30195,2269,199423,1,27,0,0,0,1,1,1
26,1,30300,2269,199423,1,28,0,0,0,1,1,1
27,1,30405,2269,199423,1,29,0,0,0,1,1,1
28,1,30510,2269,199423,1,30,0,0,0,1,1,1
29,1,30615,2269,199423,1,31,0,0,0,1,1,1
30,1,30720,2269,199423,1,32,0,0,0,1,1,1
31,1,30825,2269,199423,1,33,0,0,0,1,1,1
32,1,30930,2269,199423,1,34,0,0,0,1,1,1
33,1,31035,2269,199423,1,35,0,0,0,1,1,1
34,1,31140,2269,199423,1,36,0,0,0,1,1,1
35,1,31245,2269,199423,1,37,0,0,0,1,1,1
36,1,31350,2269,199423,1,38,0,0,0,1,1,1
37,1,31455,2269,199423,1,39,0,0,0,1,1,1
38,1,31560,2269,199423,1,40,0,0,0,1,1,1
39,1,31665,2269,199423,1,41,0,0,0,1,1,1
40,1,31770,2269,199423,1,42,0,0,0,1,1,1
41,1,31875,2269,199423,1,43,0,0,0,1,1,1
42,1,31980,2269,199423,1,44,0,0,0,1,1,1
43,1,32085,2269,199423,1,45,0,0,0,1,1,1
44,1,32190,2269,199423,1,46,0,0,0,1,1,1
45,1,32295,2269,199423,1,47,0,0,0,1,1,1
46,1,32400,2269,199423,1,48,0,0,0,1,1,1
47,1,32505,2269,199423,1,49,0,0,0,1,1,1
48,1,32610,2269,199423,1,50,0,0,0,1,1,1
49,1,32715,2269,199423,1,51,0,0,0,1,1,1
50,1,32820,2269,199423,1,52,0,0,0,1,1,1
51,1,32925,2269,199423,1,53,0,0,0,1,1,1
52,1,33030,2269,199423,1,54,0,0,0,1,1,1
53,1,33135,2269,199423,1,55,0,0,0,1,1,1
54,1,33240,2269,199423,1,56,0,0,0,1,1,1
55,1,33345,2269,199423,1,57,0,0,0,1,1,1
56,1,33450,2269,199423,1,58,0,0,0,1,1,1
57,1,33555,2269,199423,1,59,0,0,0,1,1,1
58,1,33660,2269,199423,1,60,0,0,0,1,1,1
59,1,33765,2269,199423,1,61,0,0,0,1,1,1
60,1,33870,2269,199423,1,62,0,0,0,1,1,1
61,1,33975,2269,199423,1,63,0,0,0,1,1,1
62,1,34080,2269,199423,1,64,0,0,0,1,1,1
63,1,34185,2269,199423,1,65,0,0,0,1,1,1
64,1,34290,2269,199423,1,66,0,0,0,1,1,1
65,1,34395,2269,199423,1,67,0,0,0,1,1,1
66,1,34500,2269,199423,1,68,0,0,0,1,1,1
67,1,34605,2269,199423,1,69,0,0,0,1,1,1
68,1,34710,2269,199423,1,70,0,0,0,1,1,1
69,1,34815,2269,199423,1,71,0,0,0,1,1,1
70,1,34920,2269,199423,1,72,0,0,0,1,1,1
71,1,35025,2269,199423,1,73,0,0,0,1,1,1
72,1,35130,2269,199423,1,74,0,0,0,1,1,1
73,1,35235,2269,199423,1,75,0,0,0,1,1,1
74,1,35340,2269,199423,1,76,0,0,0,1,1,1
75,1,35445,2269,199423,1,77,0,0,0,1,1,1
76,1,35550,2269,199423,1,78,0,0,0,1,1,1
77,1,35655,2269,199423,1,79,0,0,0,1,1,1
78,1,35760,2269,199423,1,80,0,0,0,1,1,1
79,1,35865,2269,199423,1,81,0,0,0,1,1,1
80,1,35970,2269,199423,1,82,0,0,0,1,1,1
81,1,36075,2269,199423,1,83,0,0,0,1,1,1
82,1,36180,2269,199423,1,84,0,0,0,1,1,1
83,1,36285,2269,199423,1,85,0,0,0,1,1,1
84,1,36390,2269,199423,1,86,0,0,0,1,1,1
85,1,36495,2269,199423,1,87,0,0,0,1,1,1
86,1,36600,2269,199423,1,88,0,0,0,1,1,1
87,1,36705,2269,199423,1,89,0,0,0,1,1,1
88,1,36810,2269,199423,1,90,0,0,0,1,1,1
89,1,36915,2269,199423,1,91,0,0,0,1,1,1
90,1,37020,2269,199423,1,92,0,0,0,1,1,1
91,1,37125,2269,199423,1,93,0,0,0,1,1,1
92,1,37230,2269,199423,1,94,0,0,0,1,1,1
93,1,37335,2269,199423,1,95,0,0,0,1,1,1
94,1,37440,2269,199423,1,96,0,0,0,1,1,1
95,1,37545,2269,199423,1,97,0,0,0,1,1,1
96,1,37650,2269,199423,1,98,0,0,0,1,1,1
97,1,37755,2269,199423,1,99,0,0,0,1,1,1
98,1,37860,2269,199423,1,100,0,0,0,1,1,1
99,1,37965,2269,199423,1,101,0,0,0,1,1,1
0,1,38464,2269,199423,1,102,0,0,0,1,1,1
1,1,38570,2269,199423,1,103,0,0,0,1,1,1
2,1,38675,2269,199423,1,104,0,0,0,1,1,1
3,1,38780,2269,199423,1,105,0,0,0,1,1,1
4,1,38885,2269,199423,1,106,0,0,0,1,1,1
5,1,38990,2269,199423,1,107,0,0,0,1,1,1
6,1,39095,2269,199423,1,108,0,0,0,1,1,1
7,1,39200,2269,199423,1,109,0,0,0,1,1,1
8,1,39305,2269,199423,1,110,0,0,0,1,1,1
9,1,39410,2269,199423,1,111,0,0,0,1,1,1
10,1,39515,2269,199423,1,112,0,0,0,1,1,1
11,1,39620,2269,199423,1,113,0,0,0,1,1,1
12,1,39725,2269,199423,1,114,0,0,0,1,1,1
13,1,39830,2269,199423,1,115,0,0,0,1,1,1
14,1,39935,2269,199423,1,116,0,0,0,1,1,1
15,1,40040,2269,199423,1,117,0,0,0,1,1,1
16,1,40145,2269,199423,1,118,0,0,0,1,1,1
17,1,40250,2269,199423,1,119,0,0,0,1,1,1
18,1,40355,2269,199423,1,120,0,0,0,1,1,1
19,1,40460,2269,199423,1,121,0,0,0,1,1,1
20,1,40565,2269,199423,1,122,0,0,0,1,1,1
21,1,40670,2269,199423,1,123,0,0,0,1,1,1
22,1,40775,2269,199423,1,124,0,0,0,1,1,1
23,1,40880,2269,199423,1,125,0,0,0,1,1,1
24,1,40985,2269,199423,1,126,0,0,0,1,1,1
25,1,41090,2269,199423,1,127,0,0,0,1,1,1
26,1,41195,2284,200742,1,128,0,0,0,1,1,1
27,1,41300,2288,201093,1,129,0,0,0,1,1,1
28,1,41405,2329,204697,1,130,0,0,0,1,1,1
29,1,41510,2550,224121,1,131,0,0,0,1,1,1
30,1,41615,2625,230712,1,132,0,0,0,1,1,1
31,1,41720,2866,251894,1,133,0,0,0,1,1,1
32,1,41825,2975,261474,1,134,0,0,0,1,1,1
33,1,41930,3328,292500,1,135,0,0,0,1,1,1
34,1,42035,3603,316669,1,136,0,0,0,1,1,1
35,1,42140,81,7119,1,137,0,0,0,1,1,1
36,1,42245,184,16171,1,138,0,0,0,1,1,1
37,1,42350,189,16611,1,139,0,0,0,1,1,1
38,1,42455,189,16611,1,140,0,0,0,1,1,1
39,1,42560,189,16611,1,141,0,0,0,1,1,1
40,1,42665,189,16611,1,142,0,0,0,1,1,1
41,1,42770,202,17753,1,143,0,0,0,1,1,1
42,1,42875,298,26191,1,144,0,0,0,1,1,1
43,1,42980,538,47285,1,145,0,0,0,1,1,1
44,1,43085,743,65302,1,146,0,0,0,1,1,1
45,1,43190,849,74619,1,147,0,0,0,1,1,1
46,1,43295,863,75849,1,148,0,0,0,1,1,1
47,1,43400,1098,96503,1,149,0,0,0,1,1,1
48,1,43505,1204,105820,1,150,0,0,0,1,1,1
49,1,43610,1560,137109,1,151,0,0,0,1,1,1
50,1,43715,1704,149765,1,152,0,0,0,1,1,1
51,1,43820,1758,154511,1,153,0,0,0,1,1,1
52,1,43925,1844,162070,1,154,0,0,0,1,1,1
53,1,44030,1950,171386,1,155,0,0,0,1,1,1
54,1,44135,2008,176484,1,156,0,0,0,1,1,1
55,1,44240,2083,183076,1,157,0,0,0,1,1,1
56,1,44345,2141,188173,1,158,0,0,0,1,1,1
57,1,44450,2209,194150,1,159,0,0,0,1,1,1
58,1,44555,2209,194150,1,160,0,0,0,1,1,1
59,1,44660,2209,194150,1,161,0,0,0,1,1,1
60,1,44765,2209,194150,1,162,0,0,0,1,1,1
61,1,44870,2209,194150,1,163,0,0,0,1,1,1
62,1,44975,2209,194150,1,164,0,0,0,1,1,1
63,1,45080,2209,194150,1,165,0,0,0,1,1,1
64,1,45185,2209,194150,1,166,0,0,0,1,1,1
65,1,45290,2209,194150,1,167,0,0,0,1,1,1
66,1,45395,2209,194150,1,168,0,0,0,1,1,1
67,1,45500,2265,199072,1,169,0,0,0,1,1,1
68,1,45605,2342,205839,1,170,0,0,0,1,1,1
69,1,45710,2566,225527,1,171,0,0,0,1,1,1
70,1,45815,2666,234316,1,172,0,0,0,1,1,1
71,1,45920,2887,253740,1,173,0,0,0,1,1,1
72,1,46025,2977,261650,1,174,0,0,0,1,1,1
73,1,46130,3221,283095,1,175,0,0,0,1,1,1
74,1,46235,3202,281425,1,176,0,0,0,1,1,1
75,1,46340,3186,280019,1,177,0,0,0,1,1,1
76,1,46445,3186,280019,1,178,0,0,0,1,1,1
77,1,46550,3186,280019,1,179,0,0,0,1,1,1
78,1,46655,3128,274921,1,180,0,0,0,1,1,1
79,1,46760,2929,257431,1,181,0,0,0,1,1,1
80,1,46865,2785,244775,1,182,0,0,0,1,1,1
81,1,46970,2723,239326,1,183,0,0,0,1,1,1
82,1,47075,2539,223154,1,184,0,0,0,1,1,1
83,1,47180,2381,209267,1,185,0,0,0,1,1,1
84,1,47285,2275,199951,1,186,0,0,0,1,1,1
85,1,47390,2287,201005,1,187,0,0,0,1,1,1
86,1,47495,2296,201796,1,188,0,0,0,1,1,1
87,1,47600,2348,206367,1,189,0,0,0,1,1,1
88,1,47705,2635,231591,1,190,0,0,0,1,1,1
89,1,47810,2778,244160,1,191,0,0,0,1,1,1
90,1,47915,2784,244687,1,192,0,0,0,1,1,1
91,1,48020,2868,252070,1,193,0,0,0,1,1,1
92,1,48125,2869,252158,1,194,0,0,0,1,1,1
93,1,48230,2869,252158,1,195,0,0,0,1,1,1
94,1,48335,2869,252158,1,196,0,0,0,1,1,1
95,1,48440,2869,252158,1,197,0,0,0,1,1,1
96,1,48545,2869,252158,1,198,0,0,0,1,1,1
97,1,48650,2868,252070,1,199,0,0,0,1,1,1
98,1,48755,2777,244072,1,200,0,0,0,1,1,1
99,1,48860,2517,221220,1,201,0,0,0,1,1,1
0,1,49365,1647,144755,1,202,0,0,0,1,1,1
1,1,49471,1647,144755,1,203,0,0,0,1,1,1
2,1,49576,1647,144755,1,204,0,0,0,1,1,1
3,1,49681,1665,146337,1,205,0,0,0,1,1,1
4,1,49786,1418,124628,1,206,0,0,0,1,1,1
5,1,49891,1089,95712,1,207,0,0,0,1,1,1
6,1,49996,835,73388,1,208,0,0,0,1,1,1
7,1,50101,650,57128,1,209,0,0,0,1,1,1
8,1,50206,498,43769,1,210,0,0,0,1,1,1
9,1,50311,504,44296,1,211,0,0,0,1,1,1
10,1,50416,504,44296,1,212,0,0,0,1,1,1
11,1,50521,504,44296,1,213,0,0,0,1,1,1
12,1,50626,498,43769,1,214,0,0,0,1,1,1
13,1,50731,484,42539,1,215,0,0,0,1,1,1
14,1,50836,349,30673,1,216,0,0,0,1,1,1
15,1,50941,196,17226,1,217,0,0,0,1,1,1
16,1,51046,4077,358330,1,218,0,0,0,1,1,1
17,1,51151,3895,342333,1,219,0,0,0,1,1,1
18,1,51256,3791,333193,1,220,0,0,0,1,1,1
19,1,51361,3701,325283,1,221,0,0,0,1,1,1
20,1,51466,3713,326337,1,222,0,0,0,1,1,1
21,1,51571,3712,326250,1,223,0,0,0,1,1,1
22,1,51676,3715,326513,1,224,0,0,0,1,1,1
23,1,51781,3725,327392,1,225,0,0,0,1,1,1
24,1,51886,3705,325634,1,226,0,0,0,1,1,1
25,1,51991,3571,313857,1,227,0,0,0,1,1,1
26,1,52096,3414,300058,1,228,0,0,0,1,1,1
27,1,52201,3183,279755,1,229,0,0,0,1,1,1
28,1,52306,2947,259013,1,230,0,0,0,1,1,1
29,1,52411,2758,242402,1,231,0,0,0,1,1,1
30,1,52516,2556,224648,1,232,0,0,0,1,1,1
31,1,52621,2518,221308,1,233,0,0,0,1,1,1
32,1,52726,2473,217353,1,234,0,0,0,1,1,1
33,1,52831,2419,212607,1,235,0,0,0,1,1,1
34,1,52936,2437,214189,1,236,0,0,0,1,1,1
35,1,53041,2438,214277,1,237,0,0,0,1,1,1
36,1,53146,2437,214189,1,238,0,0,0,1,1,1
37,1,53251,2438,214277,1,239,0,0,0,1,1,1
38,1,53356,2437,214189,1,240,0,0,0,1,1,1
39,1,53461,2438,214277,1,241,0,0,0,1,1,1
40,1,53566,2437,214189,1,242,0,0,0,1,1,1
41,1,53671,2438,214277,1,243,0,0,0,1,1,1
42,1,53776,2437,214189,1,244,0,0,0,1,1,1
43,1,53881,2438,214277,1,245,0,0,0,1,1,1
44,1,53986,2437,214189,1,246,0,0,0,1,1,1
45,1,54091,2438,214277,1,247,0,0,0,1,1,1
46,1,54196,2438,214277,1,248,0,0,0,1,1,1
47,1,54301,2437,214189,1,249,0,0,0,1,1,1
48,1,54406,2438,214277,1,250,0,0,0,1,1,1
49,1,54511,2437,214189,1,251,0,0,0,1,1,1
50,1,54616,2437,214189,1,252,0,0,0,1,1,1
51,1,54721,2438,214277,1,253,0,0,0,1,1,1
52,1,54826,2438,214277,1,254,0,0,0,1,1,1
53,1,54931,2437,214189,1,255,0,0,0,1,1,1
54,1,55036,2438,214277,1,256,0,0,0,1,1,1
55,1,55141,2438,214277,1,257,0,0,0,1,1,1
56,1,55246,2438,214277,1,258,0,0,0,1,1,1
57,1,55351,2438,214277,1,259,0,0,0,1,1,1
58,1,55456,2438,214277,1,260,0,0,0,1,1,1
59,1,55561,2438,214277,1,261,0,0,0,1,1,1
60,1,55666,2437,214189,1,262,0,0,0,1,1,1
61,1,55771,2437,214189,1,263,0,0,0,1,1,1
62,1,55876,2437,214189,1,264,0,0,0,1,1,1
63,1,55981,2437,214189,1,265,0,0,0,1,1,1
64,1,56086,2438,214277,1,266,0,0,0,1,1,1
65,1,56191,2438,214277,1,267,0,0,0,1,1,1
66,1,56296,2438,214277,1,268,0,0,0,1,1,1
67,1,56401,2438,214277,1,269,0,0,0,1,1,1
68,1,56506,2438,214277,1,270,0,0,0,1,1,1
69,1,56611,2437,214189,1,271,0,0,0,1,1,1
70,1,56716,2437,214189,1,272,0,0,0,1,1,1
71,1,56821,2437,214189,1,273,0,0,0,1,1,1
72,1,56926,2437,214189,1,274,0,0,0,1,1,1
73,1,57031,2437,214189,1,275,0,0,0,1,1,1
74,1,57136,2438,214277,1,276,0,0,0,1,1,1
75,1,57241,2438,214277,1,277,0,0,0,1,1,1
76,1,57346,2437,214189,1,278,0,0,0,1,1,1
77,1,57451,2437,214189,1,279,0,0,0,1,1,1
78,1,57556,2438,214277,1,280,0,0,0,1,1,1
79,1,57661,2437,214189,1,281,0,0,0,1,1,1
80,1,57766,2438,214277,1,282,0,0,0,1,1,1
81,1,57871,2437,214189,1,283,0,0,0,1,1,1
82,1,57976,2437,214189,1,284,0,0,0,1,1,1
83,1,58081,2438,214277,1,285,0,0,0,1,1,1
84,1,58186,2438,214277,1,286,0,0,0,1,1,1
85,1,58291,2437,214189,1,287,0,0,0,1,1,1
86,1,58396,2438,214277,1,288,0,0,0,1,1,1
87,1,58501,2437,214189,1,289,0,0,0,1,1,1
88,1,58606,2437,214189,1,290,0,0,0,1,1,1
89,1,58711,2437,214189,1,291,0,0,0,1,1,1
90,1,58816,2437,214189,1,292,0,0,0,1,1,1
91,1,58921,2437,214189,1,293,0,0,0,1,1,1
92,1,59026,2437,214189,1,294,0,0,0,1,1,1
93,1,59131,2438,214277,1,295,0,0,0,1,1,1
94,1,59236,2437,214189,1,296,0,0,0,1,1,1
95,1,59341,2437,214189,1,297,0,0,0,1,1,1
96,1,59446,2438,214277,1,298,0,0,0,1,1,1
97,1,59551,2438,214277,1,299,0,0,0,1,1,1
98,1,59656,2438,214277,1,300,0,0,0,1,1,1
99,1,59761,2438,214277,1,301,0,0,0,1,1,1
