index,elapsed_ms,read_ok,raw_count,trial_state
0,0,1,2553,2
3,60,1,2552,3
4,80,1,2553,3
5,100,1,2553,3
6,120,1,2553,3
7,140,1,2553,3
8,160,1,2553,3
9,180,1,2553,3
10,200,1,2554,3
11,220,1,2554,3
12,240,1,2554,3
13,260,1,2554,3
14,280,1,2555,3
15,300,1,2555,3
16,320,1,2555,3
17,340,1,2555,3
18,360,1,2556,3
19,380,1,2557,3
20,400,1,2557,3
21,420,1,2557,3
22,440,1,2558,3
23,460,1,2558,3
24,480,1,2559,3
25,500,1,2560,3
26,520,1,2563,3
27,540,1,2566,3
28,560,1,2578,3
29,580,1,2668,3
30,600,1,2956,3
31,620,1,2781,3
32,640,1,2868,3
33,660,1,2845,3
34,680,1,2847,3
35,700,1,2848,3
36,720,1,2849,3
37,740,1,2849,3
38,760,1,2848,3
39,780,1,2848,3
40,800,1,2848,3
41,820,1,2848,3
42,840,1,2847,3
43,860,1,2847,3
44,880,1,2847,3
45,900,1,2847,3
46,920,1,2847,3
47,940,1,2847,3
48,960,1,2847,3
49,980,1,2847,3
50,1000,1,2846,4
