sequence,reference_control_tick,controller_state,control_electrical_angle_rad,forced_electrical_angle_rad,estimated_electrical_angle_rad,reliable
0,240,3,0.0,0.0,0.0,0
1,480,3,0.0,0.0,0.0,0
2,720,3,0.0,0.0,0.0,0
3,960,3,0.0,0.0,0.0,0
4,1200,3,0.0,0.0,0.0,0
5,1440,3,0.0,0.0,0.0,0
6,1680,3,0.0,0.0,0.0,0
7,1920,3,0.0,0.0,0.0,0
8,2160,3,0.0,0.0,0.0,0
9,2400,3,0.0,0.0,0.0,0
10,2640,3,0.0,0.0,0.0,0
11,2880,3,0.0,0.0,0.0,0
12,3120,3,0.0,0.0,0.0,0
13,3360,3,0.0,0.0,0.0,0
14,3600,3,0.0,0.0,0.0,0
15,3840,3,0.0,0.0,0.0,0
16,4080,3,0.0,0.0,0.0,0
17,4320,3,0.0,0.0,0.0,0
18,4560,3,0.0,0.0,0.0,0
19,4800,3,0.0,0.0,0.0,0
20,5040,3,0.0,0.0,0.0,0
21,5280,3,0.0,0.0,0.0,0
22,5520,3,0.0,0.0,0.0,0
23,5760,3,0.0,0.0,0.0,0
24,6000,3,0.0,0.0,0.0,0
25,6240,3,0.0,0.0,0.0,0
26,6480,3,0.0,0.0,0.0,0
27,6720,3,0.0,0.0,0.0,0
28,6960,3,0.0,0.0,0.0,0
29,7200,3,0.0,0.0,0.0,0
30,7440,3,0.0,0.0,0.0,0
31,7680,3,0.0,0.0,0.0,0
32,7920,3,0.0,0.0,0.0,0
33,8160,3,0.0,0.0,0.0,0
34,8400,3,0.0,0.0,0.0,0
35,8640,3,0.0,0.0,0.0,0
36,8880,3,0.0,0.0,0.0,0
37,9120,3,0.0,0.0,0.0,0
38,9360,3,0.0,0.0,0.0,0
39,9600,3,0.0,0.0,0.0,0
40,9840,3,0.0,0.0,0.0,0
41,10080,3,0.0,0.0,0.0,0
42,10320,3,0.0,0.0,0.0,0
43,10560,3,0.0,0.0,0.0,0
44,10800,3,0.0,0.0,0.0,0
45,11040,3,0.0,0.0,0.0,0
46,11280,3,0.0,0.0,0.0,0
47,11520,3,0.0,0.0,0.0,0
48,11760,3,0.0,0.0,0.0,0
49,12000,3,0.0,0.0,0.0,0
50,12240,3,0.0,0.0,0.0,0
51,12480,3,0.0,0.0,0.0,0
52,12720,3,0.0,0.0,0.0,0
53,12960,3,0.0,0.0,0.0,0
54,13200,3,0.0,0.0,0.0,0
55,13440,3,0.0,0.0,0.0,0
56,13680,3,0.0,0.0,0.0,0
57,13920,3,0.0,0.0,0.0,0
58,14160,3,0.0,0.0,0.0,0
59,14400,3,0.0,0.0,0.0,0
60,14640,3,0.0,0.0,0.0,0
61,14880,3,0.0,0.0,0.0,0
62,15120,3,0.0,0.0,0.0,0
63,15360,3,0.0,0.0,0.0,0
64,15600,3,0.0,0.0,0.0,0
65,15840,3,0.0,0.0,0.0,0
66,16080,3,0.0,0.0,0.0,0
67,16320,3,0.0,0.0,0.0,0
68,16560,3,0.0,0.0,0.0,0
69,16800,3,0.0,0.0,0.0,0
70,17040,3,0.0,0.0,0.0,0
71,17280,3,0.0,0.0,0.0,0
72,17520,3,0.0,0.0,0.0,0
73,17760,3,0.0,0.0,0.0,0
74,18000,3,0.0,0.0,0.0,0
75,18240,3,0.0,0.0,0.0,0
76,18480,3,0.0,0.0,0.0,0
77,18720,3,0.0,0.0,0.0,0
78,18960,3,0.0,0.0,0.0,0
79,19200,3,0.0,0.0,0.0,0
80,19440,3,0.0,0.0,0.0,0
81,19680,3,0.0,0.0,0.0,0
82,19920,3,0.0,0.0,0.0,0
83,20160,3,0.0,0.0,0.0,0
84,20400,3,0.0,0.0,0.0,0
85,20640,3,0.0,0.0,0.0,0
86,20880,3,0.0,0.0,0.0,0
87,21120,3,0.0,0.0,0.0,0
88,21360,3,0.0,0.0,0.0,0
89,21600,3,0.0,0.0,0.0,0
90,21840,3,0.0,0.0,0.0,0
91,22080,3,0.0,0.0,0.0,0
92,22320,3,0.0,0.0,0.0,0
93,22560,3,0.0,0.0,0.0,0
94,22800,3,0.0,0.0,0.0,0
95,23040,3,0.0,0.0,0.0,0
96,23280,3,0.0,0.0,0.0,0
97,23520,3,0.0,0.0,0.0,0
98,23760,3,0.0,0.0,0.0,0
99,24000,3,0.0,0.0,0.0,0
100,24240,4,0.017,0.017,0.001,0
101,24480,4,0.068,0.068,0.013,0
102,24720,4,0.153,0.153,0.05,0
103,24960,4,0.273,0.273,0.126,0
104,25200,4,0.426,0.426,0.246,0
105,25440,4,0.614,0.614,0.413,0
106,25680,4,0.836,0.836,0.627,0
107,25920,4,1.092,1.092,0.89,0
108,26160,4,1.383,1.383,1.196,0
109,26400,4,1.707,1.707,1.531,0
110,26640,4,2.066,2.066,1.885,0
111,26880,4,2.459,2.459,2.276,0
112,27120,4,2.886,2.886,2.711,0
113,27360,4,3.347,3.347,3.167,0
114,27600,4,3.842,3.842,3.65,0
115,27840,4,4.372,4.372,4.153,0
116,28080,4,4.936,4.936,4.711,0
117,28320,4,5.534,5.534,5.318,0
118,28560,4,6.166,6.166,5.955,0
119,28800,4,0.549,0.549,0.321,0
120,29040,4,1.249,1.249,1.015,0
121,29280,4,1.984,1.984,1.749,0
122,29520,4,2.753,2.753,2.516,0
123,29760,4,3.556,3.556,3.32,0
124,30000,4,4.393,4.393,4.142,0
125,30240,4,5.264,5.264,5.014,0
126,30480,4,6.17,6.17,5.925,0
127,30720,4,0.826,0.826,0.563,0
128,30960,4,1.8,1.8,1.539,0
129,31200,4,2.808,2.808,2.543,0
130,31440,4,3.851,3.851,3.583,0
131,31680,4,4.927,4.927,4.649,0
132,31920,4,6.038,6.038,5.766,0
133,32160,4,0.899,0.899,0.612,0
134,32400,4,2.078,2.078,1.791,0
135,32640,4,3.291,3.291,3.008,0
136,32880,4,4.538,4.538,4.239,0
137,33120,4,5.82,5.82,5.523,0
138,33360,4,0.852,0.852,0.546,0
139,33600,4,2.202,2.202,1.896,0
140,33840,4,3.586,3.586,3.284,0
141,34080,4,5.004,5.004,4.69,0
142,34320,4,0.174,0.174,6.144,0
143,34560,4,1.66,1.66,1.341,0
144,34800,4,3.181,3.181,2.86,0
145,35040,4,4.736,4.736,4.408,0
146,35280,4,0.042,0.042,5.999,0
147,35520,4,1.665,1.665,1.33,0
148,35760,4,3.322,3.322,2.99,0
149,36000,4,5.014,5.014,4.67,0
150,36240,4,0.456,0.456,0.114,0
151,36480,4,2.216,2.216,1.87,0
152,36720,4,4.01,4.01,3.661,0
153,36960,4,5.839,5.839,5.489,0
154,37200,4,1.418,1.418,1.059,0
155,37440,4,3.315,3.315,2.959,0
156,37680,4,5.245,5.245,4.884,0
157,37920,4,0.927,0.927,0.561,0
158,38160,4,2.926,2.926,2.56,0
159,38400,4,4.96,4.96,4.586,0
160,38640,4,0.744,0.744,0.372,0
161,38880,4,2.846,2.846,2.473,0
162,39120,4,4.982,4.982,4.6,0
163,39360,4,0.869,0.869,0.489,0
164,39600,4,3.073,3.073,2.69,0
165,39840,4,5.311,5.311,4.924,0
166,40080,4,1.301,1.301,0.913,0
167,40320,4,3.607,3.607,3.221,0
168,40560,4,5.948,5.948,5.56,0
169,40800,4,2.04,2.04,1.645,0
170,41040,4,4.45,4.45,4.049,0
171,41280,4,0.61,0.61,0.212,0
172,41520,4,3.087,3.087,2.689,0
173,41760,4,5.599,5.599,5.196,0
174,42000,4,1.862,1.862,1.455,0
175,42240,4,4.442,4.442,4.033,0
176,42480,4,0.773,0.773,0.363,0
177,42720,4,3.422,3.422,3.013,0
178,42960,4,6.105,6.105,5.697,0
179,43200,4,2.538,2.538,2.125,0
180,43440,4,5.289,5.289,4.87,0
181,43680,4,1.791,1.791,1.371,0
182,43920,4,4.611,4.611,4.19,0
183,44160,4,1.181,1.181,0.759,0
184,44400,4,4.069,4.069,3.647,0
185,44640,4,0.708,0.708,0.284,0
186,44880,4,3.664,3.664,3.243,0
187,45120,4,0.371,0.371,6.232,0
188,45360,4,3.395,3.395,2.972,0
189,45600,4,0.171,0.171,6.028,0
190,45840,4,3.264,3.264,2.836,0
191,46080,4,0.108,0.108,5.962,0
192,46320,4,3.269,3.269,2.839,0
193,46560,4,0.181,0.181,6.035,0
194,46800,4,3.41,3.41,2.979,0
195,47040,4,0.391,0.391,6.24,0
196,47280,4,3.689,3.689,3.254,0
197,47520,4,0.738,0.738,0.299,0
198,47760,4,4.104,4.104,3.665,0
199,48000,4,1.221,1.221,0.779,0
200,48240,4,4.656,4.656,4.211,0
201,48480,4,1.841,1.841,1.395,0
202,48720,4,5.344,5.344,4.895,0
203,48960,4,2.598,2.598,2.15,0
204,49200,4,6.17,6.17,5.724,0
205,49440,4,3.492,3.492,3.048,0
206,49680,4,0.848,0.848,0.403,0
207,49920,4,4.522,4.522,4.075,0
208,50160,4,1.947,1.947,1.497,0
209,50400,4,5.689,5.689,5.239,0
210,50640,4,3.182,3.182,2.733,0
211,50880,4,0.71,0.71,0.262,0
212,51120,4,4.554,4.554,4.105,0
213,51360,4,2.15,2.15,1.697,0
214,51600,4,6.063,6.063,5.611,0
215,51840,4,3.727,3.727,3.278,0
216,52080,4,1.425,1.425,0.974,0
217,52320,4,5.441,5.441,4.986,0
218,52560,4,3.208,3.208,2.755,0
219,52800,4,1.008,1.008,0.557,0
220,53040,4,5.127,5.127,4.673,0
221,53280,4,2.996,2.996,2.542,0
222,53520,4,0.899,0.899,0.446,0
223,53760,4,5.12,5.12,4.663,0
224,54000,4,3.091,3.091,2.636,0
225,54240,4,1.097,1.097,0.645,0
226,54480,4,5.42,5.42,4.966,0
227,54720,4,3.494,3.494,3.042,0
228,54960,4,1.603,1.603,1.15,0
229,55200,4,6.028,6.028,5.572,0
230,55440,4,4.205,4.205,3.753,0
231,55680,4,2.416,2.416,1.963,0
232,55920,4,0.661,0.661,0.209,0
233,56160,4,5.224,5.224,4.768,0
234,56400,4,3.537,3.537,3.084,0
235,56640,4,1.885,1.885,1.432,0
236,56880,4,0.266,0.266,6.095,0
237,57120,4,4.965,4.965,4.51,0
238,57360,4,3.416,3.416,2.962,0
239,57600,4,1.9,1.9,1.448,0
240,57840,4,0.418,0.418,6.247,0
241,58080,4,5.254,5.254,4.8,0
242,58320,4,3.841,3.841,3.391,0
243,58560,4,2.462,2.462,2.009,0
244,58800,4,1.117,1.117,0.665,0
245,59040,4,6.09,6.09,5.638,0
246,59280,4,4.813,4.813,4.361,0
247,59520,4,3.571,3.571,3.12,0
248,59760,4,2.363,2.363,1.913,0
249,60000,4,1.189,1.189,0.737,0
250,60240,4,0.049,0.049,5.883,0
251,60480,4,5.227,5.227,4.778,0
252,60720,4,4.155,4.155,3.708,0
253,60960,4,3.118,3.118,2.67,0
254,61200,4,2.115,2.115,1.667,0
255,61440,4,1.146,1.146,0.699,0
256,61680,4,0.211,0.211,6.047,0
257,61920,4,5.594,5.594,5.149,0
258,62160,4,4.728,4.728,4.282,0
259,62400,4,3.896,3.896,3.452,0
260,62640,4,3.098,3.098,2.652,0
261,62880,4,2.334,2.334,1.89,0
262,63120,4,1.604,1.604,1.16,0
263,63360,4,0.909,0.909,0.466,0
264,63600,4,0.247,0.247,6.088,0
265,63840,4,5.903,5.903,5.462,0
266,64080,4,5.31,5.31,4.87,0
267,64320,4,4.752,4.752,4.313,0
268,64560,4,4.227,4.227,3.789,0
269,64800,4,3.737,3.737,3.299,0
270,65040,4,3.28,3.28,2.843,0
271,65280,4,2.858,2.858,2.421,0
272,65520,4,2.471,2.471,2.034,0
273,65760,4,2.117,2.117,1.68,0
274,66000,4,1.797,1.797,1.362,0
275,66240,4,1.512,1.512,1.078,0
276,66480,4,1.261,1.261,0.827,0
277,66720,4,1.044,1.044,0.611,0
278,66960,4,0.861,0.861,0.429,0
279,67200,4,0.712,0.712,0.281,0
280,67440,4,0.598,0.598,0.168,0
281,67680,4,0.518,0.518,0.089,0
282,67920,4,0.471,0.471,0.043,0
283,68160,4,0.46,0.46,0.031,0
284,68400,4,0.482,0.482,0.054,0
285,68640,4,0.538,0.538,0.112,0
286,68880,4,0.629,0.629,0.203,0
287,69120,4,0.754,0.754,0.329,0
288,69360,4,0.913,0.913,0.489,0
289,69600,4,1.106,1.106,0.684,0
290,69840,4,1.333,1.333,0.912,0
291,70080,4,1.594,1.594,1.174,0
292,70320,4,1.89,1.89,1.471,0
293,70560,4,2.22,2.22,1.802,0
294,70800,4,2.584,2.584,2.166,0
295,71040,4,2.982,2.982,2.565,0
296,71280,4,3.414,3.414,2.998,0
297,71520,4,3.881,3.881,3.466,0
298,71760,4,4.382,4.382,3.967,0
299,72000,4,4.917,4.917,4.503,0
300,72240,4,5.486,5.486,5.074,0
301,72480,4,6.089,6.089,5.678,0
302,72720,4,0.443,0.443,0.033,0
303,72960,4,1.115,1.115,0.705,0
304,73200,4,1.821,1.821,1.412,0
305,73440,4,2.56,2.56,2.154,0
306,73680,4,3.335,3.335,2.929,0
307,73920,4,4.143,4.143,3.739,0
308,74160,4,4.985,4.985,4.582,0
309,74400,4,5.862,5.862,5.46,0
310,74640,4,0.49,0.49,0.087,0
311,74880,4,1.435,1.435,1.034,0
312,75120,4,2.414,2.414,2.014,0
313,75360,4,3.427,3.427,3.029,0
314,75600,4,4.475,4.475,4.078,0
315,75840,4,5.556,5.556,5.16,0
316,76080,4,0.389,0.389,6.277,0
317,76320,4,1.539,1.539,1.145,0
318,76560,4,2.724,2.724,2.331,0
319,76800,4,3.942,3.942,3.551,0
320,77040,4,5.195,5.195,4.804,0
321,77280,4,0.198,0.198,6.091,0
322,77520,4,1.519,1.519,1.13,0
323,77760,4,2.874,2.874,2.487,0
324,78000,4,4.264,4.264,3.878,0
325,78240,4,5.687,5.687,5.302,0
326,78480,4,0.861,0.861,0.477,0
327,78720,4,2.353,2.353,1.97,1
328,78960,4,3.879,3.879,3.497,1
329,79200,4,5.44,5.44,5.059,1
330,79440,4,0.751,0.751,0.371,1
331,79680,4,2.379,2.379,2.001,1
332,79920,4,4.042,4.042,3.665,1
333,80160,4,5.739,5.739,5.363,1
334,80400,4,1.187,1.187,0.812,1
335,80640,4,2.952,2.952,2.578,1
336,80880,4,4.751,4.751,4.378,1
337,81120,4,0.302,0.302,6.214,1
338,81360,4,2.17,2.17,1.8,1
339,81600,4,4.072,4.072,3.702,1
340,81840,4,6.008,6.008,5.639,1
341,82080,4,1.695,1.695,1.328,1
342,82320,4,3.699,3.699,3.334,1
343,82560,4,5.738,5.738,5.374,1
344,82800,4,1.528,1.528,1.165,1
345,83040,4,3.635,3.635,3.274,1
346,83280,4,5.776,5.776,5.415,1
347,83520,4,1.668,1.668,1.309,1
348,83760,4,3.878,3.878,3.52,1
349,84000,6,6.073,6.119,5.761,1
350,84240,6,1.876,2.086,1.691,1
351,84480,6,3.905,4.335,3.873,1
352,84720,7,6.047,0.301,6.047,1
353,84960,7,2.023,2.551,2.023,1
354,85200,7,4.357,4.8,4.357,1
355,85440,7,0.493,0.766,0.493,1
