kSlideV,boundaryA,emfAlpha,reliableSamples,holdSpeedRmseRpm,holdAngleRmseRad,peakIqA
0.25,0.016,0.05,896,54.8235103101209,0.510957301808492,0.198865214536516
0.25,0.016,0.1,8467,73.0311673309039,0.34540447637661,0.198865214536516
0.25,0.016,0.2,9699,82.0656161952756,0.271977893019402,0.198865214536516
0.25,0.016,0.4,9075,84.6124850866009,0.239642195564093,0.198865214536516
0.25,0.016,0.6,8915,85.0736104772095,0.229470509576062,0.198865214536516
0.25,0.016,0.8,8899,85.389538706101,0.224469736458902,0.198865214536516
0.25,0.032,0.05,832,50.7049942844671,0.526174746732983,0.198865214536516
0.25,0.032,0.1,9107,67.1203775279089,0.359605238760475,0.198865214536516
0.25,0.032,0.2,10003,75.1524289701752,0.282992426227156,0.198865214536516
0.25,0.032,0.4,10003,77.404666385537,0.248116462081573,0.198865214536516
0.25,0.032,0.6,9987,77.7666307528615,0.237036107726134,0.198865214536516
0.25,0.032,0.8,9987,77.8769915530011,0.231600728400451,0.198865214536516
0.25,0.064,0.05,496,42.2746527988764,0.547989543465817,0.198865214536516
0.25,0.064,0.1,8176,55.3281086233925,0.379637290876912,0.198865214536516
0.25,0.064,0.2,10547,61.7519764172579,0.298263961906384,0.198865214536516
0.25,0.064,0.4,10547,63.6322646907782,0.259817606090823,0.198865214536516
0.25,0.064,0.6,10547,63.9417549502829,0.247427730789658,0.198865214536516
0.25,0.064,0.8,10547,64.0320635793428,0.241322574184397,0.198865214536516
0.25,0.128,0.05,32,27.4776644600626,0.573572967435651,0.198865214536516
0.25,0.128,0.1,6992,34.9035503672582,0.402159096789065,0.198865214536516
0.25,0.128,0.2,10451,38.5918425758973,0.315326964335523,0.198865214536516
0.25,0.128,0.4,10851,39.7041518592196,0.273096657561238,0.198865214536516
0.25,0.128,0.6,10851,39.8831840816572,0.259305897754071,0.198865214536516
0.25,0.128,0.8,10851,39.9305303652427,0.252472681480917,0.198865214536516
0.5,0.016,0.05,10675,34.2266062181517,0.460842895323012,0.198865214536516
0.5,0.016,0.1,10707,41.5387711703578,0.322114444368052,0.198865214536516
0.5,0.016,0.2,10707,44.7481866198221,0.257870934410971,0.198865214536516
0.5,0.016,0.4,10691,45.9956061759871,0.2285724759085,0.198865214536516
0.5,0.016,0.6,10691,46.4561972120092,0.219379403909026,0.198865214536516
0.5,0.016,0.8,7811,104.422935999676,0.220042757972326,0.198865214536516
0.5,0.032,0.05,10835,30.6490168873836,0.472386507669611,0.198865214536516
0.5,0.032,0.1,10835,36.6868087867911,0.331097097603146,0.198865214536516
0.5,0.032,0.2,10851,39.5816069997944,0.264766014563756,0.198865214536516
0.5,0.032,0.4,10851,40.4531922931891,0.234065841716659,0.198865214536516
0.5,0.032,0.6,10851,40.6360625997474,0.224230895987791,0.198865214536516
0.5,0.032,0.8,10851,40.7935577345275,0.219431405660416,0.198865214536516
0.5,0.064,0.05,10835,24.0498822158624,0.492349359132849,0.198865214536516
0.5,0.064,0.1,10851,27.9053114488221,0.346877093783231,0.198865214536516
0.5,0.064,0.2,10851,29.5078220830264,0.27672631538167,0.198865214536516
0.5,0.064,0.4,10851,29.9959493216708,0.243377973979961,0.198865214536516
0.5,0.064,0.6,10851,30.1006754940129,0.232563080135394,0.198865214536516
0.5,0.064,0.8,10851,30.1453838614204,0.22722817551327,0.198865214536516
0.5,0.128,0.05,10899,12.853527459476,0.52060176494966,0.198865214536516
0.5,0.128,0.1,10899,12.9973339177814,0.369664346025839,0.198865214536516
0.5,0.128,0.2,10899,12.9910380639115,0.293724662572254,0.198865214536516
0.5,0.128,0.4,10915,13.0047787905094,0.256605970058777,0.198865214536516
0.5,0.128,0.6,10915,13.0307082901541,0.244452999925733,0.198865214536516
0.5,0.128,0.8,10915,13.0498229315903,0.238427480442131,0.198865214536516
0.75,0.016,0.05,10883,17.2321304735653,0.434771004634386,0.198865214536516
0.75,0.016,0.1,10883,19.4694246962423,0.311775143081285,0.198865214536516
0.75,0.016,0.2,10899,27.9681585333085,0.253673592815915,0.198865214536516
0.75,0.016,0.4,10883,48.7436088374119,0.226146020692503,0.198865214536516
0.75,0.016,0.6,10915,39.3206079928167,0.217536330833224,0.198865214536516
0.75,0.016,0.8,0,181.073487744847,0.22421359060364,0.198865214536516
0.75,0.032,0.05,10899,14.5026842077137,0.442027171503347,0.198865214536516
0.75,0.032,0.1,10899,13.7311898028269,0.317914294866235,0.198865214536516
0.75,0.032,0.2,10899,13.4325406777581,0.258046016763765,0.198865214536516
0.75,0.032,0.4,10915,13.5054787347542,0.229282573564843,0.198865214536516
0.75,0.032,0.6,10915,13.8419330160729,0.220026715551942,0.198865214536516
0.75,0.032,0.8,10915,20.8119949759868,0.216141849961602,0.198865214536516
0.75,0.064,0.05,10899,9.87035043377955,0.459736346018945,0.198865214536516
0.75,0.064,0.1,10899,8.51022226639456,0.330988084887878,0.198865214536516
0.75,0.064,0.2,10915,8.14460829727122,0.267355883633625,0.198865214536516
0.75,0.064,0.4,10915,8.18196620140353,0.236390396476684,0.198865214536516
0.75,0.064,0.6,10915,8.29117191755256,0.226287929894513,0.198865214536516
0.75,0.064,0.8,10915,8.45233039107064,0.221318031742074,0.198865214536516
0.75,0.128,0.05,10899,4.61018793047887,0.488191073683162,0.198865214536516
0.75,0.128,0.1,10899,4.3346142810746,0.350613723160333,0.198865214536516
0.75,0.128,0.2,10899,4.44712872053153,0.281429047254028,0.198865214536516
0.75,0.128,0.4,10915,4.57651041132091,0.247453007210286,0.198865214536516
0.75,0.128,0.6,10915,4.65035527631891,0.236285853754674,0.198865214536516
0.75,0.128,0.8,10915,4.70624929176222,0.230747451505468,0.198865214536516
1,0.016,0.05,10803,11.7568794309483,0.421275124453519,0.198865214536516
1,0.016,0.1,10883,19.9111689599342,0.307171078707006,0.198865214536516
1,0.016,0.2,10883,39.6080642187854,0.2523041456263,0.198865214536516
1,0.016,0.4,9715,96.0754766958796,0.226374034287664,0.198865214536516
1,0.016,0.6,6195,190.628262499788,0.241416089698436,0.198865214536516
1,0.016,0.8,0,265.976985250768,0.247261564420021,0.198865214536516
1,0.032,0.05,10899,8.43193904571671,0.427020361582641,0.198865214536516
1,0.032,0.1,10899,14.1473401146236,0.311563096294316,0.198865214536516
1,0.032,0.2,10915,5.23579008164344,0.253979434004029,0.198865214536516
1,0.032,0.4,10915,5.54908856798682,0.226585856246332,0.198865214536516
1,0.032,0.6,10915,7.8688068820733,0.218262130417595,0.198865214536516
1,0.032,0.8,0,203.4748260949,0.228008198092671,0.198865214536516
1,0.064,0.05,10899,4.19961905552969,0.441437818834056,0.198865214536516
1,0.064,0.1,10899,4.33422354034099,0.321289477473906,0.198865214536516
1,0.064,0.2,10915,4.46141234567412,0.261634806165848,0.198865214536516
1,0.064,0.4,10915,4.63689677809761,0.232346327749284,0.198865214536516
1,0.064,0.6,10915,4.81691514333711,0.222772110404649,0.198865214536516
1,0.064,0.8,10915,5.17470066919926,0.218147263759595,0.198865214536516
1,0.128,0.05,10899,4.19154928317805,0.46970135006493,0.198865214536516
1,0.128,0.1,10899,4.34909675609334,0.339904054070613,0.198865214536516
1,0.128,0.2,10899,4.45064620576752,0.274337475039009,0.198865214536516
1,0.128,0.4,10915,4.57329832819964,0.242055179110209,0.198865214536516
1,0.128,0.6,10915,4.65000582499504,0.231449982801047,0.198865214536516
1,0.128,0.8,10915,4.71572634754958,0.226197142432894,0.198865214536516
1.5,0.016,0.05,10803,19.7153102612044,0.423554961092601,0.198865214536516
1.5,0.016,0.1,10803,35.1508596215338,0.310247613525891,0.198865214536516
1.5,0.016,0.2,10803,72.2983297135688,0.253803850094857,0.198865214536516
1.5,0.016,0.4,0,207.459085982481,0.239539063208577,0.198865214536516
1.5,0.016,0.6,0,329.483274532203,0.258682965004554,0.198865214536516
1.5,0.016,0.8,0,383.061058291253,0.27926627261344,0.198865214536516
1.5,0.032,0.05,10883,15.5248323247728,0.41946652387686,0.198865214536516
1.5,0.032,0.1,10883,28.0527050881861,0.307271631897451,0.198865214536516
1.5,0.032,0.2,10883,56.5169858988421,0.252426317338255,0.198865214536516
1.5,0.032,0.4,8451,115.647892374952,0.224643463430413,0.198865214536516
1.5,0.032,0.6,10179,110.540753282712,0.23479820775232,0.198865214536516
1.5,0.032,0.8,0,364.225502178026,0.267600997892916,0.198865214536516
1.5,0.064,0.05,10899,4.23695589783584,0.427990706889065,0.198865214536516
1.5,0.064,0.1,10899,4.38915122348312,0.313627582202563,0.198865214536516
1.5,0.064,0.2,10915,4.53373924534182,0.256423962237966,0.198865214536516
1.5,0.064,0.4,10915,4.77866086136911,0.228414134844894,0.198865214536516
1.5,0.064,0.6,10915,5.1875975347869,0.219401500956104,0.198865214536516
1.5,0.064,0.8,10915,20.845573894455,0.213552448765911,0.198865214536516
1.5,0.128,0.05,10899,4.2120571981713,0.450820170329511,0.198865214536516
1.5,0.128,0.1,10899,4.36251552259001,0.327960955313099,0.198865214536516
1.5,0.128,0.2,10915,4.4734271080831,0.266180254193921,0.198865214536516
1.5,0.128,0.4,10915,4.61602100798428,0.235819690569592,0.198865214536516
1.5,0.128,0.6,10915,4.72260595317036,0.22586915165898,0.198865214536516
1.5,0.128,0.8,10915,4.84409989607018,0.220974863959043,0.198865214536516
2,0.016,0.05,10867,28.5745055873642,0.42747653731163,0.198865214536516
2,0.016,0.1,10883,50.4013196704548,0.308137767028886,0.198865214536516
2,0.016,0.2,8723,107.069001303507,0.253398601462484,0.198865214536516
2,0.016,0.4,0,287.149177255634,0.254682938522812,0.198865214536516
2,0.016,0.6,0,387.494990703436,0.29392141963615,0.198865214536516
2,0.016,0.8,0,602.667085930747,1.4980089534641,0.198865214536516
2,0.032,0.05,10883,24.5763115732483,0.424693257143294,0.198865214536516
2,0.032,0.1,10883,44.4520428090323,0.30832173889278,0.198865214536516
2,0.032,0.2,9347,94.4824889756022,0.255428226114552,0.198865214536516
2,0.032,0.4,0,251.220473927612,0.240950235989375,0.198865214536516
2,0.032,0.6,0,369.569966444014,0.313399404655533,0.198865214536516
2,0.032,0.8,0,431.933917584214,0.5488284843365,0.198865214536516
2,0.064,0.05,10883,17.7266800967907,0.423990329633268,0.198865214536516
2,0.064,0.1,10883,35.503405914577,0.310268420318338,0.198865214536516
2,0.064,0.2,10915,4.83341159958729,0.253801947109468,0.198865214536516
2,0.064,0.4,10915,5.22065562108728,0.226510456391106,0.198865214536516
2,0.064,0.6,10915,7.13296948348461,0.218243824716414,0.198865214536516
2,0.064,0.8,0,394.720664567691,0.421984208949631,0.198865214536516
2,0.128,0.05,10899,4.22248319869602,0.439970552353062,0.198865214536516
2,0.128,0.1,10899,4.37064302957273,0.321134105526498,0.198865214536516
2,0.128,0.2,10915,4.4901247482606,0.261526619408001,0.198865214536516
2,0.128,0.4,10915,4.6555759483104,0.232271228377351,0.198865214536516
2,0.128,0.6,10915,4.80726290044033,0.222714789111603,0.198865214536516
2,0.128,0.8,10915,5.07730919073999,0.218104890706627,0.198865214536516
3,0.016,0.05,10723,51.3097382375665,0.417481316483457,0.198865214536516
3,0.016,0.1,10371,88.570692914066,0.296654068242213,0.198865214536516
3,0.016,0.2,720,192.664566497468,0.25563629904167,0.198865214536516
3,0.016,0.4,0,372.52055428244,0.273769554382922,0.198865214536516
3,0.016,0.6,0,485.153581548948,1.04616485224147,0.198865214536516
3,0.016,0.8,0,720.697194138753,1.77864769315193,0.198865214536516
3,0.032,0.05,10723,46.1896062546708,0.423057821042792,0.198865214536516
3,0.032,0.1,10563,81.9622162983358,0.306158195005959,0.198865214536516
3,0.032,0.2,3408,174.668023550284,0.266277018507203,0.198865214536516
3,0.032,0.4,0,363.236833444292,0.270405272285633,0.198865214536516
3,0.032,0.6,0,432.008218461884,0.333201368628666,0.198865214536516
3,0.032,0.8,0,721.775734232077,1.77538888406698,0.198865214536516
3,0.064,0.05,10803,35.350938823139,0.426568305845316,0.198865214536516
3,0.064,0.1,10739,67.6165691610399,0.308782645394859,0.198865214536516
3,0.064,0.2,6883,150.114411846753,0.256297754466862,0.198865214536516
3,0.064,0.4,0,274.726963217664,0.333122037668613,0.198865214536516
3,0.064,0.6,10595,55.5571033088373,0.237439796464016,0.198865214536516
3,0.064,0.8,0,724.516365892006,1.80628853002427,0.198865214536516
3,0.128,0.05,10899,4.23695589783584,0.427990706889065,0.198865214536516
3,0.128,0.1,10899,4.38915122348312,0.313627582202563,0.198865214536516
3,0.128,0.2,10915,4.53373924534182,0.256423962237966,0.198865214536516
3,0.128,0.4,10915,4.77866086136911,0.228414134844894,0.198865214536516
3,0.128,0.6,10915,5.1875975347869,0.219401500956104,0.198865214536516
3,0.128,0.8,10915,20.845573894455,0.213552448765911,0.198865214536516
6,0.016,0.05,7011,251.791779648956,0.737610901495469,0.198865214536516
6,0.016,0.1,0,339.376705076283,0.953315113328208,0.198865214536516
6,0.016,0.2,0,490.263934029896,1.21254664476083,0.198865214536516
6,0.016,0.4,0,462.665334411281,0.549234236750295,0.198865214536516
6,0.016,0.6,0,723.88472163717,1.81048958452604,0.198865214536516
6,0.016,0.8,0,714.339473880265,1.80842806934945,0.198865214536516
6,0.032,0.05,7171,236.221398967252,0.689020046208553,0.198865214536516
6,0.032,0.1,0,350.972159021973,0.97505268280388,0.198865214536516
6,0.032,0.2,0,426.827496060008,0.987211902724747,0.198865214536516
6,0.032,0.4,0,460.996984783976,0.664181039714934,0.198865214536516
6,0.032,0.6,0,724.612576053094,1.80150103261717,0.198865214536516
6,0.032,0.8,0,713.788659891137,1.80034366252097,0.198865214536516
6,0.064,0.05,7955,215.52075040383,0.672625187284225,0.198865214536516
6,0.064,0.1,0,344.545688928659,0.971751855777023,0.198865214536516
6,0.064,0.2,0,476.948986627801,1.26091428256413,0.198865214536516
6,0.064,0.4,0,466.871443077303,0.899822441165328,0.198865214536516
6,0.064,0.6,0,711.966135800285,1.81205262921543,0.198865214536516
6,0.064,0.8,0,714.418096941103,1.7941794718422,0.198865214536516
6,0.128,0.05,9139,95.8686442551412,0.436252688706147,0.198865214536516
6,0.128,0.1,0,264.574795608316,0.732598080659816,0.198865214536516
6,0.128,0.2,0,486.614332763754,1.30611934394683,0.198865214536516
6,0.128,0.4,0,556.203025387583,1.46779111372375,0.198865214536516
6,0.128,0.6,10563,63.1795963185444,0.246149466432862,0.198865214536516
6,0.128,0.8,0,725.049465913366,1.8156182802786,0.198865214536516
11.7,0.016,0.05,0,665.339953599451,1.83218974864075,0.198865214536516
11.7,0.016,0.1,0,676.681029676274,1.83740618341853,0.198865214536516
11.7,0.016,0.2,0,715.503272238169,1.82735617799988,0.198865214536516
11.7,0.016,0.4,0,693.60148962089,1.81322349047443,0.198865214536516
11.7,0.016,0.6,0,706.314025097515,1.79676964709275,0.198865214536516
11.7,0.016,0.8,0,719.444789755576,1.81544399108171,0.198865214536516
11.7,0.032,0.05,0,683.9757725304,1.80998017147277,0.198865214536516
11.7,0.032,0.1,0,683.06169892057,1.81491344244774,0.198865214536516
11.7,0.032,0.2,0,697.354353184755,1.82693747186663,0.198865214536516
11.7,0.032,0.4,0,706.507077742742,1.81048098836635,0.198865214536516
11.7,0.032,0.6,0,715.349761568774,1.82202629709169,0.198865214536516
11.7,0.032,0.8,0,679.007322723591,1.81061953665688,0.198865214536516
11.7,0.064,0.05,0,686.760337376822,1.80690855344082,0.198865214536516
11.7,0.064,0.1,0,681.737493067941,1.80993879564797,0.198865214536516
11.7,0.064,0.2,0,680.797119210143,1.8102623319149,0.198865214536516
11.7,0.064,0.4,0,713.36656814993,1.81768395252175,0.198865214536516
11.7,0.064,0.6,0,732.036457248614,1.80498333631834,0.198865214536516
11.7,0.064,0.8,0,679.012468905676,1.81062476974361,0.198865214536516
11.7,0.128,0.05,0,674.82873447934,1.7946837234377,0.198865214536516
11.7,0.128,0.1,0,684.568546516358,1.8087426579328,0.198865214536516
11.7,0.128,0.2,0,681.30862980406,1.81014697047923,0.198865214536516
11.7,0.128,0.4,0,689.859907366941,1.81639098183776,0.198865214536516
11.7,0.128,0.6,0,717.250260224408,1.7986597016041,0.198865214536516
11.7,0.128,0.8,0,719.418997022616,1.81289618981531,0.198865214536516
