sequence,control_tick,current_u_a,current_v_a,current_w_a,bus_voltage_v,command_phase_u_v,applied_phase_u_v,compare_u,compare_v,compare_w,pwm_period_ticks,flags
0,11794995,-0.0015960800274525762,0.0,0.0015960800274525762,12.287765567765568,0.9934764575001758,1.0452528165206632,4114,3255,3255,7083,144
1,11794996,0.08459224145498655,-0.03670984063140925,-0.047882400823577295,12.287765567765568,0.9934764575001758,0.7772117835075019,4114,3255,3255,7083,144
2,11794997,0.11491776197658549,-0.05107456087848244,-0.06384320109810304,12.274871794871794,0.9924339848270387,0.7763962412372951,4114,3255,3255,7083,144
3,11794998,0.1340707223060164,-0.062247121070650474,-0.07182360123536594,12.274871794871794,0.9935893212470939,0.7775515776573503,4115,3255,3255,7083,144
4,11794999,0.15322368263544733,-0.0670353611530082,-0.08618832148243913,12.274871794871794,0.9935893212470939,0.7775515776573503,4115,3255,3255,7083,144
5,11795000,0.15641584269035247,-0.0734196812628185,-0.08299616142753397,12.274871794871794,0.9935893212470939,0.7775515776573503,4115,3255,3255,7083,144
6,11795001,0.16280016280016277,-0.07820792134517623,-0.08459224145498653,12.274871794871794,0.9935893212470939,0.7775515776573503,4115,3255,3255,7083,144
7,11795002,0.16599232285506793,-0.07980400137262882,-0.08618832148243911,12.287765567765568,0.9946330075089085,0.7783683335162328,4115,3255,3255,7083,144
8,11795003,0.1675884028825205,-0.08299616142753397,-0.08459224145498653,12.274871794871794,0.9924339848270387,0.7763962412372951,4114,3255,3255,7083,144
9,11795004,0.1675884028825205,-0.08299616142753397,-0.08459224145498653,12.261978021978022,0.9925456349852793,0.776734821798466,4115,3255,3255,7083,144
10,11795005,0.17078056293742566,-0.08299616142753397,-0.0877844015098917,12.274871794871794,0.9935893212470939,0.7775515776573503,4115,3255,3255,7083,144
11,11795006,0.17876096307468853,-0.08459224145498655,-0.09416872161970198,12.30065934065934,0.9956766937707222,0.779185089375118,4115,3255,3255,7083,144
12,11795007,0.17397272299233082,-0.08459224145498655,-0.08938048153734428,12.261978021978022,0.9890832664911438,0.7732724533043314,4113,3256,3256,7083,144
13,11795008,0.17397272299233082,-0.08618832148243911,-0.08778440150989171,12.261978021978022,0.9925456349852793,0.776734821798466,4115,3255,3255,7083,144
14,11795009,0.17078056293742566,-0.08459224145498655,-0.08618832148243911,12.274871794871794,0.9935893212470939,0.7775515776573503,4115,3255,3255,7083,144
15,11795010,0.17716488304723596,-0.08459224145498655,-0.09257264159224941,12.274871794871794,0.9935893212470939,0.7775515776573503,4115,3255,3255,7083,144
16,11795011,0.17397272299233082,-0.08459224145498655,-0.08938048153734428,12.274871794871794,0.9935893212470939,0.7775515776573503,4115,3255,3255,7083,144
17,11795012,0.1755688030197834,-0.08459224145498655,-0.09097656156479685,12.274871794871794,0.9935893212470939,0.7775515776573503,4115,3255,3255,7083,144
18,11795013,0.17876096307468853,-0.08459224145498655,-0.09416872161970198,12.287765567765568,0.9946330075089085,0.7783683335162328,4115,3255,3255,7083,144
19,11795014,0.17397272299233082,-0.08459224145498655,-0.08938048153734428,12.261978021978022,0.9913915121539008,0.7755806989670884,4114,3255,3255,7083,144
20,11795015,0.17397272299233082,-0.08459224145498655,-0.08938048153734428,12.261978021978022,0.9925456349852793,0.776734821798466,4115,3255,3255,7083,144
21,11795016,0.17397272299233082,-0.08459224145498655,-0.08938048153734428,12.274871794871794,0.9935893212470939,0.7775515776573503,4115,3255,3255,7083,144
22,11795017,0.17078056293742566,-0.08299616142753397,-0.0877844015098917,12.274871794871794,0.9935893212470939,0.7775515776573503,4115,3255,3255,7083,144
23,11795018,0.17237664296487823,-0.08618832148243911,-0.08618832148243911,12.274871794871794,0.9935893212470939,0.7775515776573503,4115,3255,3255,7083,144
24,11795019,0.17397272299233082,-0.08459224145498655,-0.08938048153734428,12.249084249084248,0.9915019487234655,0.7759180659395826,4115,3255,3255,7083,144
25,11795020,0.17876096307468853,-0.08299616142753397,-0.09576480164715456,12.261978021978022,0.9948538806480363,0.779043067461223,4116,3254,3254,7083,144
26,11795021,0.17237664296487823,-0.08459224145498655,-0.08778440150989168,12.261978021978022,0.9925456349852793,0.776734821798466,4115,3255,3255,7083,144
27,11795022,0.17397272299233082,-0.08140008140008138,-0.09257264159224944,12.261978021978022,0.9925456349852793,0.776734821798466,4115,3255,3255,7083,144
28,11795023,0.17397272299233082,-0.07980400137262882,-0.09416872161970201,12.261978021978022,0.9925456349852793,0.776734821798466,4115,3255,3255,7083,144
29,11795024,0.1755688030197834,-0.08299616142753397,-0.09257264159224943,12.261978021978022,0.9925456349852793,0.776734821798466,4115,3255,3255,7083,144
30,11795025,0.17716488304723596,-0.08459224145498655,-0.09257264159224941,12.274871794871794,0.9935893212470939,0.7775515776573503,4115,3255,3255,7083,144
31,11795026,0.17397272299233082,-0.08459224145498655,-0.08938048153734428,12.261978021978022,0.9925456349852793,0.776734821798466,4115,3255,3255,7083,144
32,11795027,0.17397272299233082,-0.08140008140008138,-0.09257264159224944,12.261978021978022,0.9925456349852793,0.776734821798466,4115,3255,3255,7083,144
33,11795028,0.1755688030197834,-0.07980400137262882,-0.09576480164715458,12.261978021978022,0.9925456349852793,0.776734821798466,4115,3255,3255,7083,144
34,11795029,0.17397272299233082,-0.08299616142753397,-0.09097656156479686,12.313553113553114,0.9967203800325359,0.7800018452340014,4115,3255,3255,7083,144
35,11795030,0.17716488304723596,-0.07980400137262882,-0.09736088167460714,12.287765567765568,0.9911633574827139,0.77489868349004,4113,3256,3256,7083,144
36,11795031,0.17397272299233082,-0.08140008140008138,-0.09257264159224944,12.274871794871794,0.9924339848270387,0.7763962412372951,4114,3255,3255,7083,144
37,11795032,0.17237664296487823,-0.07980400137262882,-0.09257264159224941,12.274871794871794,0.9935893212470939,0.7775515776573503,4115,3255,3255,7083,144
38,11795033,0.17237664296487823,-0.07980400137262882,-0.09257264159224941,12.261978021978022,0.9925456349852793,0.776734821798466,4115,3255,3255,7083,144
39,11795034,0.17237664296487823,-0.07980400137262882,-0.09257264159224941,12.261978021978022,0.9925456349852793,0.776734821798466,4115,3255,3255,7083,144
40,11795035,0.17716488304723596,-0.08299616142753397,-0.094168721619702,12.274871794871794,0.9935893212470939,0.7775515776573503,4115,3255,3255,7083,144
41,11795036,0.17397272299233082,-0.07980400137262882,-0.09416872161970201,12.30065934065934,0.9956766937707222,0.779185089375118,4115,3255,3255,7083,144
42,11795037,0.17716488304723596,-0.07980400137262882,-0.09736088167460714,12.261978021978022,0.9890832664911438,0.7732724533043314,4113,3256,3256,7083,144
43,11795038,0.1755688030197834,-0.08140008140008138,-0.09416872161970201,12.236190476190476,0.9904582624616518,0.7751013100806992,4115,3255,3255,7083,144
44,11795039,0.17397272299233082,-0.07980400137262882,-0.09416872161970201,12.261978021978022,0.9948538806480363,0.779043067461223,4116,3254,3254,7083,144
45,11795040,0.17397272299233082,-0.07980400137262882,-0.09416872161970201,12.274871794871794,0.9935893212470939,0.7775515776573503,4115,3255,3255,7083,144
46,11795041,0.17397272299233082,-0.07980400137262882,-0.09416872161970201,12.274871794871794,0.9935893212470939,0.7775515776573503,4115,3255,3255,7083,144
47,11795042,0.1675884028825205,-0.07980400137262882,-0.08778440150989168,12.249084249084248,0.9915019487234655,0.7759180659395826,4115,3255,3255,7083,144
48,11795043,0.17237664296487823,-0.07980400137262882,-0.09257264159224941,12.274871794871794,0.9958999940872033,0.7798622504974597,4116,3254,3254,7083,144
49,11795044,0.17397272299233082,-0.07980400137262882,-0.09416872161970201,12.249084249084248,0.9915019487234655,0.7759180659395826,4115,3255,3255,7083,144
50,11795045,0.17397272299233082,-0.07980400137262882,-0.09416872161970201,12.261978021978022,0.9948538806480363,0.779043067461223,4116,3254,3254,7083,144
51,11795046,0.17237664296487823,-0.07980400137262882,-0.09257264159224941,12.274871794871794,0.9935893212470939,0.7775515776573503,4115,3255,3255,7083,144
52,11795047,0.17397272299233082,-0.07980400137262882,-0.09416872161970201,12.287765567765568,0.9946330075089085,0.7783683335162328,4115,3255,3255,7083,144
53,11795048,0.17237664296487823,-0.07980400137262882,-0.09257264159224941,12.236190476190476,0.9893065668076257,0.7739496144266749,4114,3255,3255,7083,144
54,11795049,0.17237664296487823,-0.07980400137262882,-0.09257264159224941,12.274871794871794,0.9958999940872033,0.7798622504974597,4116,3254,3254,7083,144
55,11795050,0.1755688030197834,-0.07820792134517623,-0.09736088167460716,12.287765567765568,0.9946330075089085,0.7783683335162328,4115,3255,3255,7083,144
56,11795051,0.17237664296487823,-0.07980400137262882,-0.09257264159224941,12.261978021978022,0.9913915121539008,0.7755806989670884,4114,3255,3255,7083,144
57,11795052,0.1691844829099731,-0.07820792134517623,-0.09097656156479686,12.261978021978022,0.9925456349852793,0.776734821798466,4115,3255,3255,7083,144
58,11795053,0.17237664296487823,-0.07820792134517623,-0.094168721619702,12.30065934065934,0.9956766937707222,0.779185089375118,4115,3255,3255,7083,144
59,11795054,0.17078056293742566,-0.07820792134517623,-0.09257264159224943,12.261978021978022,0.9890832664911438,0.7732724533043314,4113,3256,3256,7083,144
60,11795055,0.1691844829099731,-0.08140008140008138,-0.08778440150989171,12.274871794871794,0.9935893212470939,0.7775515776573503,4115,3255,3255,7083,144
61,11795056,0.17237664296487823,-0.07661184131772367,-0.09576480164715456,12.261978021978022,0.9925456349852793,0.776734821798466,4115,3255,3255,7083,144
62,11795057,0.17237664296487823,-0.07820792134517623,-0.094168721619702,12.261978021978022,0.9925456349852793,0.776734821798466,4115,3255,3255,7083,144
63,11795058,0.17397272299233082,-0.07820792134517623,-0.09576480164715459,12.261978021978022,0.9925456349852793,0.776734821798466,4115,3255,3255,7083,144
64,11795059,0.17078056293742566,-0.07661184131772367,-0.094168721619702,12.261978021978022,0.9925456349852793,0.776734821798466,4115,3255,3255,7083,144
65,11795060,0.17237664296487823,-0.07661184131772367,-0.09576480164715456,12.261978021978022,0.9925456349852793,0.776734821798466,4115,3255,3255,7083,144
66,11795061,0.17078056293742566,-0.07661184131772367,-0.094168721619702,12.274871794871794,0.9935893212470939,0.7775515776573503,4115,3255,3255,7083,144
67,11795062,0.17237664296487823,-0.07661184131772367,-0.09576480164715456,12.261978021978022,0.9925456349852793,0.776734821798466,4115,3255,3255,7083,144
68,11795063,0.17397272299233082,-0.07661184131772367,-0.09736088167460716,12.249084249084248,0.9915019487234655,0.7759180659395826,4115,3255,3255,7083,144
69,11795064,0.1675884028825205,-0.07501576129027109,-0.09257264159224941,12.326446886446886,1.0000844478438724,0.7831389826424058,4116,3254,3254,7083,144
70,11795065,0.1691844829099731,-0.07820792134517623,-0.09097656156479686,12.261978021978022,0.987929143659767,0.7721183304729538,4112,3256,3256,7083,144
71,11795066,0.17397272299233082,-0.07501576129027109,-0.09895696170205974,12.274871794871794,0.9935893212470939,0.7775515776573503,4115,3255,3255,7083,144
72,11795067,0.17078056293742566,-0.07661184131772367,-0.094168721619702,12.261978021978022,0.9925456349852793,0.776734821798466,4115,3255,3255,7083,144
73,11795068,0.17078056293742566,-0.0734196812628185,-0.09736088167460716,12.261978021978022,0.9925456349852793,0.776734821798466,4115,3255,3255,7083,144
74,11795069,0.17397272299233082,-0.07501576129027109,-0.09895696170205974,12.261978021978022,0.9925456349852793,0.776734821798466,4115,3255,3255,7083,144
75,11795070,0.17237664296487823,-0.07501576129027109,-0.09736088167460714,12.287765567765568,0.9946330075089085,0.7783683335162328,4115,3255,3255,7083,144
76,11795071,0.17078056293742566,-0.07501576129027109,-0.09576480164715458,12.274871794871794,0.9924339848270387,0.7763962412372951,4114,3255,3255,7083,144
77,11795072,0.17078056293742566,-0.07501576129027109,-0.09576480164715458,12.274871794871794,0.9935893212470939,0.7775515776573503,4115,3255,3255,7083,144
78,11795073,0.16599232285506793,-0.07661184131772367,-0.08938048153734426,12.261978021978022,0.9925456349852793,0.776734821798466,4115,3255,3255,7083,144
79,11795074,0.17078056293742566,-0.07501576129027109,-0.09576480164715458,12.261978021978022,0.9925456349852793,0.776734821798466,4115,3255,3255,7083,144
80,11795075,0.17078056293742566,-0.07661184131772367,-0.094168721619702,12.261978021978022,0.9925456349852793,0.776734821798466,4115,3255,3255,7083,144
81,11795076,0.16599232285506793,-0.0734196812628185,-0.09257264159224943,12.249084249084248,0.9915019487234655,0.7759180659395826,4115,3255,3255,7083,144
82,11795077,0.1675884028825205,-0.0734196812628185,-0.094168721619702,12.261978021978022,0.9948538806480363,0.779043067461223,4116,3254,3254,7083,144
83,11795078,0.17237664296487823,-0.0734196812628185,-0.09895696170205973,12.261978021978022,0.9925456349852793,0.776734821798466,4115,3255,3255,7083,144
84,11795079,0.1691844829099731,-0.07501576129027109,-0.09416872161970201,12.274871794871794,0.9935893212470939,0.7775515776573503,4115,3255,3255,7083,144
85,11795080,0.1675884028825205,-0.0734196812628185,-0.094168721619702,12.261978021978022,0.9925456349852793,0.776734821798466,4115,3255,3255,7083,144
86,11795081,0.1691844829099731,-0.0734196812628185,-0.09576480164715459,12.261978021978022,0.9925456349852793,0.776734821798466,4115,3255,3255,7083,144
87,11795082,0.17078056293742566,-0.0734196812628185,-0.09736088167460716,12.261978021978022,0.9925456349852793,0.776734821798466,4115,3255,3255,7083,144
88,11795083,0.17078056293742566,-0.0734196812628185,-0.09736088167460716,12.313553113553114,0.9967203800325359,0.7800018452340014,4115,3255,3255,7083,144
89,11795084,0.1691844829099731,-0.0734196812628185,-0.09576480164715459,12.274871794871794,0.9901233119869293,0.7740855683971857,4113,3256,3256,7083,144
90,11795085,0.1675884028825205,-0.0734196812628185,-0.094168721619702,12.249084249084248,0.9915019487234655,0.7759180659395826,4115,3255,3255,7083,144
91,11795086,0.1675884028825205,-0.07501576129027109,-0.09257264159224941,12.261978021978022,0.9948538806480363,0.779043067461223,4116,3254,3254,7083,144
92,11795087,0.16599232285506793,-0.07501576129027109,-0.09097656156479685,12.287765567765568,0.9946330075089085,0.7783683335162328,4115,3255,3255,7083,144
93,11795088,0.1691844829099731,-0.07182360123536594,-0.09736088167460716,12.261978021978022,0.9913915121539008,0.7755806989670884,4114,3255,3255,7083,144
94,11795089,0.17237664296487823,-0.07182360123536594,-0.1005530417295123,12.287765567765568,0.9946330075089085,0.7783683335162328,4115,3255,3255,7083,144
95,11795090,0.1691844829099731,-0.0734196812628185,-0.09576480164715459,12.274871794871794,0.9924339848270387,0.7763962412372951,4114,3255,3255,7083,144
96,11795091,0.1691844829099731,-0.07182360123536594,-0.09736088167460716,12.261978021978022,0.9925456349852793,0.776734821798466,4115,3255,3255,7083,144
97,11795092,0.1691844829099731,-0.07182360123536594,-0.09736088167460716,12.261978021978022,0.9925456349852793,0.776734821798466,4115,3255,3255,7083,144
98,11795093,0.16599232285506793,-0.0734196812628185,-0.09257264159224943,12.249084249084248,0.9915019487234655,0.7759180659395826,4115,3255,3255,7083,144
99,11795094,0.1675884028825205,-0.07182360123536594,-0.09576480164715456,12.261978021978022,0.9948538806480363,0.779043067461223,4116,3254,3254,7083,144
100,11795095,0.1691844829099731,-0.0734196812628185,-0.09576480164715459,12.261978021978022,0.9925456349852793,0.776734821798466,4115,3255,3255,7083,144
101,11795096,0.1691844829099731,-0.0734196812628185,-0.09576480164715459,12.261978021978022,0.9925456349852793,0.776734821798466,4115,3255,3255,7083,144
102,11795097,0.1691844829099731,-0.07182360123536594,-0.09736088167460716,12.261978021978022,0.9925456349852793,0.776734821798466,4115,3255,3255,7083,144
103,11795098,0.1675884028825205,-0.07182360123536594,-0.09576480164715456,12.261978021978022,0.9925456349852793,0.776734821798466,4115,3255,3255,7083,144
104,11795099,0.1691844829099731,-0.07182360123536594,-0.09736088167460716,12.261978021978022,0.9925456349852793,0.776734821798466,4115,3255,3255,7083,144
105,11795100,0.1691844829099731,-0.07022752120791335,-0.09895696170205974,12.249084249084248,0.9915019487234655,0.7759180659395826,4115,3255,3255,7083,144
106,11795101,0.17078056293742566,-0.07182360123536594,-0.09895696170205973,12.261978021978022,0.9948538806480363,0.779043067461223,4116,3254,3254,7083,144
107,11795102,0.1691844829099731,-0.07022752120791335,-0.09895696170205974,12.274871794871794,0.9935893212470939,0.7775515776573503,4115,3255,3255,7083,144
108,11795103,0.1691844829099731,-0.07022752120791335,-0.09895696170205974,12.274871794871794,0.9935893212470939,0.7775515776573503,4115,3255,3255,7083,144
109,11795104,0.16599232285506793,-0.07182360123536594,-0.094168721619702,12.249084249084248,0.9915019487234655,0.7759180659395826,4115,3255,3255,7083,144
110,11795105,0.16599232285506793,-0.06863144118046077,-0.09736088167460716,12.249084249084248,0.9938077672088692,0.7782238844249854,4116,3254,3254,7083,144
111,11795106,0.17237664296487823,-0.07182360123536594,-0.1005530417295123,12.261978021978022,0.9948538806480363,0.779043067461223,4116,3254,3254,7083,144
112,11795107,0.16599232285506793,-0.07022752120791335,-0.09576480164715458,12.274871794871794,0.9935893212470939,0.7775515776573503,4115,3255,3255,7083,144
113,11795108,0.1675884028825205,-0.0670353611530082,-0.1005530417295123,12.249084249084248,0.9915019487234655,0.7759180659395826,4115,3255,3255,7083,144
114,11795109,0.16599232285506793,-0.07022752120791335,-0.09576480164715458,12.261978021978022,0.9948538806480363,0.779043067461223,4116,3254,3254,7083,144
115,11795110,0.16599232285506793,-0.06863144118046077,-0.09736088167460716,12.261978021978022,0.9925456349852793,0.776734821798466,4115,3255,3255,7083,144
116,11795111,0.17078056293742566,-0.0670353611530082,-0.10374520178441746,12.261978021978022,0.9925456349852793,0.776734821798466,4115,3255,3255,7083,144
117,11795112,0.16599232285506793,-0.06863144118046077,-0.09736088167460716,12.261978021978022,0.9925456349852793,0.776734821798466,4115,3255,3255,7083,144
118,11795113,0.16280016280016277,-0.07022752120791335,-0.09257264159224941,12.261978021978022,0.9925456349852793,0.776734821798466,4115,3255,3255,7083,144
119,11795114,0.16439624282761536,-0.0734196812628185,-0.09097656156479686,12.287765567765568,0.9946330075089085,0.7783683335162328,4115,3255,3255,7083,144
120,11795115,0.1691844829099731,-0.07022752120791335,-0.09895696170205974,12.236190476190476,1.3877932631003365,1.1724363107193838,4345,3140,3140,7083,176
121,11795116,0.17876096307468853,-0.0734196812628185,-0.10534128181187002,12.261978021978022,1.3964886259676605,1.1806778127808482,4348,3138,3138,7083,176
122,11795117,0.18674136321195142,-0.08140008140008138,-0.10534128181187004,12.313553113553114,1.3988854636038033,1.1821669288052687,4346,3139,3139,7083,176
123,11795118,0.20908648359628748,-0.0877844015098917,-0.12130208208639578,12.287765567765568,1.3901731104950086,1.173908436502333,4343,3141,3141,7083,176
124,11795119,0.2154708037060978,-0.09097656156479685,-0.12449424214130096,12.261978021978022,0.593219135328412,0.3774083221415987,3884,3370,3370,7083,208
125,11795120,0.19791392340411945,-0.08299616142753397,-0.11491776197658549,12.261978021978022,0.593219135328412,0.3774083221415987,3884,3370,3370,7083,208
126,11795121,0.16280016280016277,-0.07022752120791335,-0.09257264159224941,12.261978021978022,0.593219135328412,0.3774083221415987,3884,3370,3370,7083,208
127,11795122,0.14364720247073187,-0.059054961015745325,-0.08459224145498655,12.261978021978022,0.593219135328412,0.3774083221415987,3884,3370,3370,7083,208
128,11795123,0.1276864021962061,-0.05267064090593502,-0.0750157612902711,12.274871794871794,1.3944910590060955,1.178453315416352,4346,3139,3139,7083,176
129,11795124,0.14364720247073187,-0.05745888098829274,-0.08618832148243913,12.261978021978022,1.390718011810769,1.1749071986239565,4345,3140,3140,7083,176
130,11795125,0.17397272299233082,-0.07022752120791335,-0.10374520178441747,12.274871794871794,1.3944910590060955,1.178453315416352,4346,3139,3139,7083,176
131,11795126,0.19472176334921432,-0.07820792134517623,-0.11651384200403808,12.261978021978022,1.390718011810769,1.1749071986239565,4345,3140,3140,7083,176
132,11795127,0.20429824351392975,-0.08299616142753397,-0.12130208208639578,12.261978021978022,0.593219135328412,0.3774083221415987,3884,3370,3370,7083,208
133,11795128,0.18993352326685659,-0.07661184131772367,-0.11332168194913292,12.249084249084248,0.5925953507486756,0.3770114679647927,3884,3370,3370,7083,208
134,11795129,0.15801192271780504,-0.06543928112555562,-0.09257264159224941,12.261978021978022,0.5943732581597896,0.3785624449729772,3885,3370,3370,7083,208
135,11795130,0.13885896238837414,-0.05586280096084017,-0.08299616142753397,12.274871794871794,0.5938429199081465,0.37780517631840294,3884,3370,3370,7083,208
136,11795131,0.13087856225111125,-0.04947848085102986,-0.08140008140008138,12.21040293040293,1.384868514389903,1.169965422814812,4345,3140,3140,7083,176
137,11795132,0.13726288236092155,-0.054266720933387594,-0.08299616142753395,12.287765567765568,1.4028951605910525,1.1866304865983786,4350,3137,3137,7083,176
138,11795133,0.1691844829099731,-0.0670353611530082,-0.10214912175696489,12.274871794871794,1.3921803861659852,1.1761426425762416,4345,3140,3140,7083,176
139,11795134,0.18993352326685659,-0.07501576129027109,-0.1149177619765855,12.261978021978022,1.390718011810769,1.1749071986239565,4345,3140,3140,7083,176
140,11795135,0.20270216348647718,-0.08140008140008138,-0.1213020820863958,12.326446886446886,0.5963380582270892,0.37939259302562256,3884,3370,3370,7083,208
141,11795136,0.18674136321195142,-0.07501576129027109,-0.11172560192168034,12.261978021978022,0.5897567668342765,0.3739459536474641,3882,3371,3371,7083,208
142,11795137,0.1612040827727102,-0.06384320109810306,-0.09736088167460714,12.249084249084248,0.5925953507486756,0.3770114679647927,3884,3370,3370,7083,208
143,11795138,0.13566680233346898,-0.054266720933387594,-0.08140008140008138,12.249084249084248,0.5937482599913775,0.3781643772074945,3885,3370,3370,7083,208
144,11795139,0.11970600205894322,-0.04788240082357729,-0.07182360123536594,12.261978021978022,1.3941803803049035,1.1783695671180903,4347,3139,3139,7083,176
145,11795140,0.1404550424158267,-0.05267064090593502,-0.0877844015098917,12.223296703296704,1.3886318528758181,1.1735018308977958,4346,3139,3139,7083,176
146,11795141,0.1691844829099731,-0.06384320109810306,-0.10534128181187004,12.261978021978022,1.3976427487990382,1.1818319356122258,4349,3138,3138,7083,176
147,11795142,0.18993352326685659,-0.0734196812628185,-0.11651384200403808,12.274871794871794,1.3944910590060955,1.178453315416352,4346,3139,3139,7083,176
148,11795143,0.20270216348647718,-0.07980400137262882,-0.12289816211384837,12.274871794871794,0.5938429199081465,0.37780517631840294,3884,3370,3370,7083,208
149,11795144,0.1819531231295937,-0.0734196812628185,-0.10853344186677519,12.261978021978022,0.593219135328412,0.3774083221415987,3884,3370,3370,7083,208
150,11795145,0.15322368263544733,-0.062247121070650474,-0.09097656156479686,12.261978021978022,0.593219135328412,0.3774083221415987,3884,3370,3370,7083,208
151,11795146,0.13247464227856384,-0.054266720933387594,-0.07820792134517625,12.261978021978022,0.593219135328412,0.3774083221415987,3884,3370,3370,7083,208
152,11795147,0.12289816211384837,-0.046286320796124714,-0.07661184131772365,12.274871794871794,1.3944910590060955,1.178453315416352,4346,3139,3139,7083,176
153,11795148,0.1404550424158267,-0.05107456087848244,-0.08938048153734426,12.274871794871794,1.3921803861659852,1.1761426425762416,4345,3140,3140,7083,176
154,11795149,0.1675884028825205,-0.06384320109810306,-0.10374520178441744,12.261978021978022,1.390718011810769,1.1749071986239565,4345,3140,3140,7083,176
155,11795150,0.18674136321195142,-0.07182360123536594,-0.11491776197658549,12.261978021978022,1.393026257473525,1.1772154442867127,4346,3139,3139,7083,176
156,11795151,0.19472176334921432,-0.07661184131772367,-0.11810992203149065,12.236190476190476,0.5919715661689402,0.3766146137879893,3884,3370,3370,7083,208
157,11795152,0.18354920315704626,-0.0734196812628185,-0.11012952189422776,12.249084249084248,0.5937482599913775,0.3781643772074945,3885,3370,3370,7083,208
158,11795153,0.1548197626628999,-0.0606510410431979,-0.094168721619702,12.261978021978022,0.5943732581597896,0.3785624449729772,3885,3370,3370,7083,208
159,11795154,0.13566680233346898,-0.05107456087848244,-0.08459224145498653,12.261978021978022,0.593219135328412,0.3774083221415987,3884,3370,3370,7083,208
160,11795155,0.12449424214130095,-0.046286320796124714,-0.07820792134517623,12.261978021978022,1.393026257473525,1.1772154442867127,4346,3139,3139,7083,176
161,11795156,0.13885896238837414,-0.05107456087848244,-0.0877844015098917,12.261978021978022,1.393026257473525,1.1772154442867127,4346,3139,3139,7083,176
162,11795157,0.16439624282761536,-0.06384320109810306,-0.10055304172951231,12.274871794871794,1.3944910590060955,1.178453315416352,4346,3139,3139,7083,176
163,11795158,0.18514528318449885,-0.07022752120791335,-0.1149177619765855,12.287765567765568,1.3936427605212023,1.1773780865285266,4345,3140,3140,7083,176
164,11795159,0.20270216348647718,-0.07501576129027109,-0.12768640219620608,12.261978021978022,0.593219135328412,0.3774083221415987,3884,3370,3370,7083,208
165,11795160,0.18035704310214112,-0.07182360123536594,-0.10853344186677519,12.274871794871794,0.5938429199081465,0.37780517631840294,3884,3370,3370,7083,208
166,11795161,0.1484354425530896,-0.0606510410431979,-0.0877844015098917,12.287765567765568,0.594466704487882,0.37820203049520806,3884,3370,3370,7083,208
167,11795162,0.13087856225111125,-0.05107456087848244,-0.0798040013726288,12.274871794871794,0.5938429199081465,0.37780517631840294,3884,3370,3370,7083,208
168,11795163,-0.0015960800274525762,0.0,0.0015960800274525762,12.261978021978022,0.0,0.051667699295365736,0,0,0,7083,128
169,11795164,0.0015960800274525762,0.0031921600549051523,-0.004788240082357728,12.261978021978022,0.0,-0.051667699295365736,0,0,0,7083,128
170,11795165,0.0031921600549051523,0.0,-0.0031921600549051523,12.236190476190476,0.0,-0.10311807914048808,0,0,0,7083,128
171,11795166,-0.0015960800274525762,-0.0015960800274525762,0.0031921600549051523,12.274871794871794,0.0,0.05172202915792658,0,0,0,7083,128
172,11795167,0.0,0.0,-0.0,12.274871794871794,0.0,0.0,0,0,0,7083,128
173,11795168,0.0031921600549051523,0.0015960800274525762,-0.004788240082357728,12.261978021978022,0.0,-0.10333539859073147,0,0,0,7083,128
174,11795169,0.0,0.0,-0.0,12.287765567765568,0.0,0.0,0,0,0,7083,128
175,11795170,0.0015960800274525762,0.0015960800274525762,-0.0031921600549051523,12.261978021978022,0.0,-0.051667699295365736,0,0,0,7083,128
176,11795171,0.0015960800274525762,0.0015960800274525762,-0.0031921600549051523,12.274871794871794,0.0,-0.05172202915792658,0,0,0,7083,128
177,11795172,0.0015960800274525762,0.0,-0.0015960800274525762,12.261978021978022,0.0,-0.051667699295365736,0,0,0,7083,128
178,11795173,0.006384320109810305,0.0031921600549051523,-0.009576480164715457,12.249084249084248,0.0,-0.12727899913270882,0,0,0,7083,128
179,11795174,0.0031921600549051523,0.0,-0.0031921600549051523,12.287765567765568,0.0,-0.10355271804097486,0,0,0,7083,128
180,11795175,-0.004788240082357729,0.0015960800274525762,0.0031921600549051528,12.249084249084248,0.0,0.15484010829841469,0,0,0,7083,128
181,11795176,0.0015960800274525762,-0.0015960800274525762,0.0,12.261978021978022,0.0,-0.051667699295365736,0,0,0,7083,128
182,11795177,0.0031921600549051523,0.0015960800274525762,-0.004788240082357728,12.274871794871794,0.0,-0.10344405831585315,0,0,0,7083,128
183,11795178,0.0,-0.0015960800274525762,0.0015960800274525762,12.261978021978022,0.0,0.0,0,0,0,7083,128
184,11795179,0.0031921600549051523,0.0031921600549051523,-0.006384320109810305,12.261978021978022,0.0,-0.08839783616028046,0,0,0,7083,128
185,11795180,-0.0015960800274525762,0.0031921600549051523,-0.0015960800274525762,12.30065934065934,0.0,0.05183068888304828,0,0,0,7083,128
186,11795181,-0.004788240082357729,0.0,0.004788240082357729,12.287765567765568,0.0,0.15532907706146235,0,0,0,7083,128
187,11795182,0.0015960800274525762,0.0,-0.0015960800274525762,12.261978021978022,0.0,-0.051667699295365736,0,0,0,7083,128
188,11795183,0.0015960800274525762,0.0,-0.0015960800274525762,12.274871794871794,0.0,-0.05172202915792658,0,0,0,7083,128
189,11795184,-0.0015960800274525762,-0.0015960800274525762,0.0031921600549051523,12.274871794871794,0.0,0.05172202915792658,0,0,0,7083,128
190,11795185,0.006384320109810305,0.0031921600549051523,-0.009576480164715457,12.249084249084248,0.0,-0.12727899913270882,0,0,0,7083,128
191,11795186,0.0015960800274525762,0.0015960800274525762,-0.0031921600549051523,12.274871794871794,0.0,-0.05172202915792658,0,0,0,7083,128
