round,sequence_position,pair,q,r_ohm,l_mh,frequency_hz,test_voltage_display_v,rotor_state,main_bus_state
1,1,WV,1.322,10.16,2.138,1000,0.6,locked_angle_a,disconnected
1,2,VU,1.694,10.45,2.822,1000,0.6,locked_angle_a,disconnected
1,3,WU,1.305,10.25,2.130,1000,0.6,locked_angle_a,disconnected
2,1,WU,1.323,10.15,2.138,1000,0.6,locked_angle_a,disconnected
2,2,VU,1.700,10.42,2.820,1000,0.6,locked_angle_a,disconnected
2,3,WV,1.307,10.24,2.130,1000,0.6,locked_angle_a,disconnected
3,1,WV,1.325,10.14,2.138,1000,0.6,locked_angle_a,disconnected
3,2,VU,1.700,10.41,2.820,1000,0.6,locked_angle_a,disconnected
3,3,WU,1.307,10.24,2.130,1000,0.6,locked_angle_a,disconnected
