sequence,reference_control_tick,estimated_electrical_angle_rad,reliable
0,240,0.0,0
1,480,0.0,0
2,720,0.0,0
3,960,0.0,0
4,1200,0.0,0
5,1440,0.0,0
6,1680,0.0,0
7,1920,0.0,0
8,2160,0.0,0
9,2400,0.0,0
10,2640,0.0,0
11,2880,0.0,0
12,3120,0.0,0
13,3360,0.0,0
14,3600,0.0,0
15,3840,0.0,0
16,4080,0.0,0
17,4320,0.0,0
18,4560,0.0,0
19,4800,0.0,0
20,5040,0.0,0
21,5280,0.0,0
22,5520,0.0,0
23,5760,0.0,0
24,6000,0.0,0
25,6240,0.0,0
26,6480,0.0,0
27,6720,0.0,0
28,6960,0.0,0
29,7200,0.0,0
30,7440,0.0,0
31,7680,0.0,0
32,7920,0.0,0
33,8160,0.0,0
34,8400,0.0,0
35,8640,0.0,0
36,8880,0.0,0
37,9120,0.0,0
38,9360,0.0,0
39,9600,0.0,0
40,9840,0.0,0
41,10080,0.0,0
42,10320,0.0,0
43,10560,0.0,0
44,10800,0.0,0
45,11040,0.0,0
46,11280,0.0,0
47,11520,0.0,0
48,11760,0.0,0
49,12000,0.0,0
50,12240,0.0,0
51,12480,0.0,0
52,12720,0.0,0
53,12960,0.0,0
54,13200,0.0,0
55,13440,0.0,0
56,13680,0.0,0
57,13920,0.0,0
58,14160,0.0,0
59,14400,0.0,0
60,14640,0.0,0
61,14880,0.0,0
62,15120,0.0,0
63,15360,0.0,0
64,15600,0.0,0
65,15840,0.0,0
66,16080,0.0,0
67,16320,0.0,0
68,16560,0.0,0
69,16800,0.0,0
70,17040,0.0,0
71,17280,0.0,0
72,17520,0.0,0
73,17760,0.0,0
74,18000,0.0,0
75,18240,0.0,0
76,18480,0.0,0
77,18720,0.0,0
78,18960,0.0,0
79,19200,0.0,0
80,19440,0.0,0
81,19680,0.0,0
82,19920,0.0,0
83,20160,0.0,0
84,20400,0.0,0
85,20640,0.0,0
86,20880,0.0,0
87,21120,0.0,0
88,21360,0.0,0
89,21600,0.0,0
90,21840,0.0,0
91,22080,0.0,0
92,22320,0.0,0
93,22560,0.0,0
94,22800,0.0,0
95,23040,0.0,0
96,23280,0.0,0
97,23520,0.0,0
98,23760,0.0,0
99,24000,0.0,0
100,24240,0.002,0
101,24480,0.016,0
102,24720,0.058,0
103,24960,0.141,0
104,25200,0.272,0
105,25440,0.454,0
106,25680,0.682,0
107,25920,0.955,0
108,26160,1.27,0
109,26400,1.616,0
110,26640,1.978,0
111,26880,2.37,0
112,27120,2.81,0
113,27360,3.273,0
114,27600,3.76,0
115,27840,4.273,0
116,28080,4.837,0
117,28320,5.453,0
118,28560,6.096,0
119,28800,0.468,0
120,29040,1.17,0
121,29280,1.921,0
122,29520,2.693,0
123,29760,3.502,0
124,30000,4.33,0
125,30240,5.21,0
126,30480,6.13,0
127,30720,0.773,0
128,30960,1.757,0
129,31200,2.77,0
130,31440,3.817,0
131,31680,4.885,0
132,31920,6.011,0
133,32160,0.867,0
134,32400,2.054,0
135,32640,3.277,0
136,32880,4.519,0
137,33120,5.809,0
138,33360,0.839,0
139,33600,2.198,0
140,33840,3.59,0
141,34080,5.005,0
142,34320,0.187,0
143,34560,1.669,0
144,34800,3.2,0
145,35040,4.75,0
146,35280,0.071,0
147,35520,1.691,0
148,35760,3.358,0
149,36000,5.048,0
150,36240,0.498,0
151,36480,2.263,0
152,36720,4.06,0
153,36960,5.895,0
154,37200,1.472,0
155,37440,3.382,0
156,37680,5.313,0
157,37920,0.998,0
158,38160,3.002,0
159,38400,5.037,0
160,38640,0.832,0
161,38880,2.938,0
162,39120,5.075,0
163,39360,0.969,0
164,39600,3.181,0
165,39840,5.421,0
166,40080,1.414,0
167,40320,3.735,0
168,40560,6.079,0
169,40800,2.171,0
170,41040,4.587,0
171,41280,0.753,0
172,41520,3.236,0
173,41760,5.757,0
174,42000,2.021,0
175,42240,4.604,0
176,42480,0.945,0
177,42720,3.603,0
178,42960,0.007,0
179,43200,2.726,0
180,43440,5.481,0
181,43680,1.989,0
182,43920,4.812,0
183,44160,1.389,0
184,44400,4.289,0
185,44640,0.933,0
186,44880,3.897,0
187,45120,0.607,0
188,45360,3.638,0
189,45600,0.421,0
190,45840,3.523,0
191,46080,0.373,0
192,46320,3.538,0
193,46560,0.456,0
194,46800,3.692,0
195,47040,0.678,0
196,47280,3.984,0
197,47520,1.038,0
198,47760,4.413,0
199,48000,1.533,0
200,48240,4.974,0
201,48480,2.166,0
202,48720,5.674,0
203,48960,2.936,0
204,49200,0.235,0
205,49440,3.849,0
206,49680,1.21,0
207,49920,4.888,0
208,50160,2.317,0
209,50400,6.065,0
210,50640,3.57,0
211,50880,1.105,0
212,51120,4.955,0
213,51360,2.557,0
214,51600,0.195,0
215,51840,4.154,0
216,52080,1.853,0
217,52320,5.87,0
218,52560,3.648,0
219,52800,1.457,0
220,53040,5.58,0
221,53280,3.458,0
222,53520,1.373,0
223,53760,5.598,0
224,54000,3.577,0
225,54240,1.592,0
226,54480,5.918,0
227,54720,4.004,0
228,54960,2.12,0
229,55200,0.266,0
230,55440,4.736,0
231,55680,2.951,0
232,55920,1.206,0
233,56160,5.777,0
234,56400,4.099,0
235,56640,2.452,0
236,56880,0.842,0
237,57120,5.55,0
238,57360,4.004,0
239,57600,2.497,0
240,57840,1.025,0
241,58080,5.868,0
242,58320,4.462,0
243,58560,3.093,0
244,58800,1.757,0
245,59040,0.452,0
246,59280,5.469,0
247,59520,4.232,0
248,59760,3.03,0
249,60000,1.867,0
250,60240,0.732,0
251,60480,5.92,0
252,60720,4.857,0
253,60960,3.826,0
254,61200,2.832,0
255,61440,1.87,0
256,61680,0.944,0
257,61920,0.051,0
258,62160,5.478,0
259,62400,4.653,0
260,62640,3.862,0
261,62880,3.101,0
262,63120,2.373,0
263,63360,1.675,0
264,63600,1.013,0
265,63840,0.384,0
266,64080,6.075,0
267,64320,5.514,0
268,64560,4.99,0
269,64800,4.5,0
270,65040,4.044,0
271,65280,3.623,0
272,65520,3.236,0
273,65760,2.884,0
274,66000,2.567,0
275,66240,2.281,0
276,66480,2.032,0
277,66720,1.816,0
278,66960,1.632,0
279,67200,1.485,0
280,67440,1.371,0
281,67680,1.291,0
282,67920,1.246,0
283,68160,1.235,0
284,68400,1.258,0
285,68640,1.315,0
286,68880,1.407,0
287,69120,1.532,0
288,69360,1.692,0
289,69600,1.886,0
290,69840,2.115,0
291,70080,2.378,0
292,70320,2.673,0
293,70560,3.004,0
294,70800,3.369,0
295,71040,3.769,0
296,71280,4.202,0
297,71520,4.671,0
298,71760,5.172,0
299,72000,5.707,0
300,72240,6.276,0
301,72480,0.597,0
302,72720,1.236,0
303,72960,1.908,0
304,73200,2.616,0
305,73440,3.357,0
306,73680,4.132,0
307,73920,4.942,0
308,74160,5.785,0
309,74400,0.38,0
310,74640,1.292,0
311,74880,2.238,0
312,75120,3.218,0
313,75360,4.233,0
314,75600,5.281,0
315,75840,0.08,0
316,76080,1.197,0
317,76320,2.348,0
318,76560,3.533,0
319,76800,4.754,0
320,77040,6.007,0
321,77280,1.012,0
322,77520,2.334,0
323,77760,3.69,0
324,78000,5.08,0
325,78240,0.221,0
326,78480,1.68,0
327,78720,3.174,1
328,78960,4.701,1
329,79200,6.262,1
330,79440,1.574,1
331,79680,3.205,1
332,79920,4.869,1
333,80160,0.283,1
334,80400,2.015,1
335,80640,3.781,1
336,80880,5.583,1
337,81120,1.134,1
338,81360,3.003,1
339,81600,4.907,1
340,81840,0.56,1
341,82080,2.532,1
342,82320,4.538,1
343,82560,0.294,1
344,82800,2.368,1
345,83040,4.476,1
346,83280,0.335,1
347,83520,2.512,1
348,83760,4.723,1
349,84000,0.691,1
350,84240,3.115,1
351,84480,5.845,0
352,84720,3.129,0
353,84960,0.996,0
354,85200,5.695,0
355,85440,4.613,0
356,85680,3.918,0
357,85920,3.275,1
358,86160,2.597,1
359,86400,1.968,1
360,86640,1.392,1
