frequency_Hz,plant_dB,input_notched_dB,plant_phase_deg
0.1,40.8691731184,40.8691278537,-56.4483766102
0.100771126488,40.8227110559,40.8226650904,-56.6507821739
0.101548199337,40.7760326626,40.7759859854,-56.8525734557
0.102331264401,40.7291392564,40.7290918565,-57.0537423362
0.103120367886,40.6820321681,40.6819840343,-57.254280843
0.103915556358,40.634712741,40.634663862,-57.4541811533
0.104716876738,40.5871823305,40.5871326948,-57.6534355932
0.105524376312,40.5394423039,40.5393918997,-57.8520366386
0.10633810273,40.4914940391,40.4914428545,-58.0499769163
0.107158104007,40.443338925,40.443286948,-58.2472492038
0.107984428531,40.3949783606,40.3949255788,-58.4438464299
0.108817125063,40.3464137546,40.3463601556,-58.6397616748
0.109656242738,40.2976465249,40.2975920961,-58.8349881707
0.110501831072,40.2486780983,40.2486228267,-59.0295193016
0.111353939961,40.1995099097,40.1994537824,-59.2233486037
0.112212619688,40.1501434023,40.150086406,-59.4164697649
0.113077920922,40.1005800261,40.1005221474,-59.6088766256
0.113949894722,40.0508212387,40.0507624638,-59.8005631777
0.114828592544,40.0008685037,40.0008088189,-59.9915235649
0.115714066237,39.9507232911,39.9506626822,-60.1817520823
0.116606368052,39.9003870763,39.9003255291,-60.3712431764
0.117505550643,39.8498613402,39.8497988401,-60.5599914444
0.118411667069,39.7991475682,39.7990841004,-60.7479916339
0.119324770799,39.7482472502,39.7481827997,-60.9352386422
0.120244915714,39.6971618799,39.6970964315,-61.1217275164
0.12117215611,39.6458929545,39.6458264928,-61.3074534521
0.122106546702,39.5944419745,39.5943744838,-61.4924117933
0.123048142628,39.542810443,39.5427419074,-61.6765980311
0.123996999449,39.4909998652,39.4909302685,-61.8600078037
0.124953173156,39.4390117485,39.4389410742,-62.0426368952
0.125916720172,39.3868476016,39.3867758331,-62.2244812346
0.126887697355,39.3345089345,39.3344360549,-62.4055368952
0.127866161999,39.2819972579,39.2819232499,-62.5858000939
0.128852171844,39.2293140828,39.2292389289,-62.7652671894
0.129845785072,39.1764609202,39.1763846028,-62.9439346822
0.130847060314,39.123439281,39.1233617819,-63.1217992127
0.131856056656,39.0702506753,39.0701719763,-63.2988575606
0.132872833635,39.016896612,39.0168166945,-63.4751066438
0.133897451251,38.9633785988,38.9632974441,-63.6505435169
0.134929969964,38.9096981418,38.9096157306,-63.8251653701
0.135970450703,38.8558567449,38.8557730577,-63.9989695283
0.137018954865,38.8018559098,38.8017709269,-64.1719534494
0.13807554432,38.7476971354,38.7476108366,-64.3441147233
0.139140281416,38.6933819177,38.6932942828,-64.5154510703
0.140213228982,38.6389117495,38.6388227578,-64.6859603402
0.14129445033,38.58428812,38.5841977505,-64.8556405103
0.142384009263,38.5295125147,38.529420746,-65.0244896846
0.143481970074,38.4745864149,38.4744932253,-65.1925060922
0.144588397551,38.4195112975,38.419416665,-65.3596880855
0.145703356983,38.3642886347,38.3641925371,-65.5260341392
0.146826914163,38.308919894,38.3088223086,-65.6915428487
0.14795913539,38.2534065377,38.2533074413,-65.8562129283
0.149100087475,38.1977500226,38.1976493919,-66.0200432101
0.150249837744,38.1419518,38.1418496113,-66.1830326424
0.151408454041,38.0860133153,38.0859095443,-66.3451802877
0.152576004736,38.0299360078,38.0298306301,-66.5064853218
0.153752558723,37.9737213105,37.9736143014,-66.6669470317
0.15493818543,37.9173706501,37.9172619841,-66.8265648143
0.156132954818,37.8608854463,37.8607750978,-66.9853381748
0.15733693739,37.8042671121,37.8041550551,-67.1432667249
0.15855020419,37.7475170534,37.7474032614,-67.3003501815
0.159772826811,37.6906366687,37.6905211149,-67.4565883647
0.1610048774,37.6336273492,37.6335100062,-67.6119811966
0.162246428657,37.5764904784,37.5763713186,-67.7665286993
0.163497553844,37.519227432,37.5191064273,-67.9202309935
0.16475832679,37.4618395779,37.4617166996,-68.073088297
0.166028821889,37.4043282758,37.4042034949,-68.2251009226
0.167309114113,37.346694877,37.3465681642,-68.3762692769
0.168599279009,37.2889407248,37.28881205,-68.5265938586
0.169899392709,37.2310671537,37.2309364866,-68.6760752566
0.171209531929,37.1730754895,37.1729427993,-68.8247141488
0.17252977398,37.1149670496,37.1148323049,-68.9725113001
0.173860196768,37.0567431421,37.0566063111,-69.1194675609
0.175200878797,36.9984050664,36.9982661168,-69.2655838657
0.176551899182,36.9399541126,36.9398130116,-69.4108612312
0.177913337642,36.8813915618,36.8812482761,-69.5553007547
0.179285274514,36.8227186856,36.8225731813,-69.6989036127
0.180667790756,36.7639367464,36.7637889892,-69.8416710594
0.182060967946,36.7050469969,36.704896952,-69.9836044245
0.183464888295,36.6460506806,36.6458983124,-70.1247051125
0.184879634645,36.5869490309,36.5867943036,-70.2649746005
0.186305290479,36.527743272,36.527586149,-70.4044144367
0.187741939923,36.468434618,36.4682750621,-70.5430262392
0.189189667751,36.4090242732,36.4088622468,-70.6808116942
0.190648559392,36.3495134321,36.349348897,-70.8177725545
0.192118700933,36.2899032794,36.2897361967,-70.953910638
0.193600179125,36.2301949895,36.2300253198,-71.0892278263
0.195093081388,36.1703897271,36.1702174302,-71.2237260631
0.196597495815,36.1104886465,36.1103136819,-71.3574073527
0.19811351118,36.0504928922,36.0503152185,-71.4902737586
0.199641216942,35.9904035985,35.9902231737,-71.6223274022
0.201180703247,35.9302218893,35.9300386709,-71.753570461
0.202732060939,35.8699488787,35.8697628234,-71.8840051674
0.204295381561,35.8095856703,35.8093967341,-72.0136338075
0.205870757363,35.7491333575,35.7489414959,-72.1424587192
0.207458281304,35.6885930237,35.6883981913,-72.2704822913
0.209058047064,35.6279657417,35.6277678926,-72.397706962
0.21067014904,35.5672525745,35.5670516619,-72.5241352173
0.212294682363,35.5064545743,35.5062505508,-72.6497695899
0.213931742891,35.4455727835,35.4453656009,-72.7746126581
0.215581427228,35.384608234,35.3843978434,-72.8986670439
0.217243832717,35.3235619476,35.3233482994,-73.0219354124
0.218919057455,35.2624349358,35.2622179794,-73.14442047
0.220607200295,35.2012281998,35.201007884,-73.2661249634
0.222308360851,35.1399427306,35.1397190034,-73.3870516785
0.224022639507,35.0785795092,35.0783523178,-73.5072034386
0.22575013742,35.0171395061,35.0169087969,-73.6265831039
0.227490956527,34.955623682,34.9553894004,-73.7451935701
0.229245199552,34.8940329871,34.8937950778,-73.863037767
0.231012970008,34.8323683618,34.8321267687,-73.9801186573
0.232794372211,34.7706307363,34.7703854022,-74.0964392361
0.234589511279,34.7088210306,34.7085718977,-74.212002529
0.236398493139,34.646940155,34.6466871645,-74.3268115916
0.238221424537,34.5849890096,34.5847321016,-74.4408695079
0.240058413043,34.5229684845,34.5227075984,-74.5541793898
0.241909567053,34.4608794601,34.4606145343,-74.6667443754
0.243774995802,34.3987228067,34.3984537787,-74.7785676286
0.245654809366,34.3364993851,34.3362261913,-74.8896523378
0.247549118671,34.2742100459,34.2739326218,-75.0000017146
0.249458035497,34.2118556302,34.2115739103,-75.1096189936
0.251381672485,34.1494369695,34.1491508873,-75.2185074304
0.253320143149,34.0869548855,34.0866643733,-75.3266703017
0.255273561872,34.0244101902,34.0241151795,-75.4341109035
0.257242043926,33.9618036863,33.9615041074,-75.5408325508
0.259225705465,33.8991361668,33.898831949,-75.6468385764
0.261224663544,33.8364084154,33.8360994868,-75.75213233
0.263239036119,33.7736212063,33.7733074939,-75.8567171775
0.265268942054,33.7107753044,33.7104567342,-75.9605964999
0.267314501131,33.6478714653,33.6475479621,-76.0637736927
0.269375834056,33.5849104354,33.5845819227,-76.1662521652
0.271453062466,33.521892952,33.5215593522,-76.268035339
0.273546308934,33.4588197431,33.4584809775,-76.3691266483
0.275655696979,33.3956915279,33.3953475164,-76.4695295381
0.277781351075,33.3325090163,33.3321596777,-76.569247464
0.279923396653,33.2692729095,33.2689181613,-76.6682838913
0.282081960111,33.2059838998,33.2056236581,-76.7666422943
0.284257168824,33.1426426705,33.1422768504,-76.8643261558
0.286449151148,33.0792498965,33.0788784114,-76.9613389659
0.288658036428,33.0158062436,33.0154290059,-77.0576842216
0.290883955007,32.9523123693,32.9519292898,-77.1533654264
0.293127038234,32.8887689223,32.8883799106,-77.2483860891
0.29538741847,32.825176543,32.8247815072,-77.3427497237
0.297665229097,32.7615358632,32.76113471,-77.4364598482
0.299960604525,32.6978475065,32.697440141,-77.5295199845
0.302273680201,32.634112088,32.6336984141,-77.6219336575
0.304604592616,32.5703302147,32.5699101347,-77.7137043949
0.306953479314,32.5065024853,32.5060758999,-77.8048357258
0.3093204789,32.4426294905,32.442196299,-77.895331181
0.311705731046,32.3787118129,32.3782719129,-77.9851942922
0.314109376504,32.3147500271,32.3143033147,-78.0744285912
0.316531557108,32.2507446998,32.2502910695,-78.1630376097
0.318972415788,32.1866963898,32.1862357344,-78.2510248785
0.321432096577,32.1226056481,32.1221378589,-78.3383939273
0.323910744615,32.0584730181,32.0579979844,-78.4251482839
0.326408506165,31.9942990354,31.9938166451,-78.5112914742
0.328925528616,31.930084228,31.9295943672,-78.5968270211
0.331461960494,31.8658291166,31.8653316694,-78.6817584446
0.33401795147,31.801534214,31.801029063,-78.766089261
0.336593652369,31.7372000259,31.7366870517,-78.8498229827
0.339189215181,31.6728270507,31.6723061321,-78.9329631177
0.341804793064,31.6084157794,31.6078867933,-79.0155131691
0.344440540362,31.5439666956,31.5434295171,-79.097476635
0.347096612605,31.4794802761,31.4789347783,-79.1788570076
0.349773166524,31.4149569905,31.4144030444,-79.2596577733
0.35247036006,31.3503973011,31.3498347759,-79.3398824123
0.35518835237,31.2858016637,31.2852304264,-79.4195343978
0.357927303838,31.2211705267,31.2205904425,-79.4986171962
0.360687376087,31.1565043321,31.1559152637,-79.5771342664
0.363468731984,31.0918035148,31.0912053232,-79.6550890597
0.366271535652,31.0270685031,31.0264610469,-79.7324850193
0.369095952483,30.9622997187,30.9616828542,-79.8093255802
0.37194214914,30.8974975765,30.8968711581,-79.8856141685
0.374810293573,30.832662485,30.8320263647,-79.9613542017
0.377700555027,30.7677948463,30.7671488736,-80.036549088
0.380613104053,30.7028950558,30.7022390782,-80.111202226
0.383548112516,30.6379635027,30.6372973652,-80.1853170047
0.386505753607,30.5730005699,30.572324115,-80.2588968031
0.389486201852,30.5080066341,30.5073197019,-80.3319449899
0.392489633122,30.4429820656,30.4422844938,-80.4044649233
0.395516224647,30.3779272286,30.3772188524,-80.4764599509
0.398566155021,30.3128424813,30.3121231332,-80.5479334092
0.401639604215,30.2477281759,30.2469976859,-80.6188886237
0.404736753591,30.1825846585,30.1818428539,-80.6893289085
0.407857785905,30.1174122692,30.1166589748,-80.759257566
0.411002885327,30.0522113425,30.0514463801,-80.8286778869
0.414172237443,29.9869822067,29.9862053956,-80.89759315
0.417366029273,29.9217251846,29.9209363411,-80.9660066219
0.420584449278,29.8564405932,29.8556395309,-81.0339215568
0.423827687372,29.7911287438,29.7903152732,-81.1013411966
0.427095934934,29.725789942,29.724963871,-81.1682687705
0.430389384818,29.660424488,29.6595856212,-81.2347074947
0.433708231367,29.5950326762,29.5941808154,-81.3006605725
0.437052670421,29.5296147959,29.5287497396,-81.3661311944
0.44042289933,29.4641711306,29.4632926744,-81.4311225372
0.443819116967,29.3987019586,29.3978098947,-81.4956377646
0.447241523738,29.3332075527,29.3323016702,-81.5596800267
0.450690321594,29.2676881806,29.2667682654,-81.6232524599
0.454165714044,29.2021441045,29.2012099391,-81.6863581871
0.457667906166,29.1365755816,29.1356269452,-81.7490003171
0.461197104618,29.0709828639,29.070019532,-81.8111819447
0.464753517655,29.0053661981,29.004387943,-81.8729061509
0.468337355135,28.9397258259,28.9387324164,-81.9341760021
0.471948828535,28.874061984,28.8730531851,-81.9949945509
0.475588150963,28.8083749041,28.8073504771,-82.0553648352
0.47925553717,28.7426648127,28.7416245156,-82.1152898786
0.482951203563,28.6769319317,28.6758755183,-82.1747726903
0.486675368219,28.6111764778,28.6101036983,-82.2338162647
0.490428250895,28.545398663,28.5443092638,-82.2924235817
0.494210073044,28.4795986945,28.4784924178,-82.3505976062
0.498021057825,28.4137767746,28.4126533588,-82.4083412888
0.501861430119,28.3479331008,28.3467922802,-82.4656575648
0.505731416541,28.2820678661,28.2809093709,-82.5225493548
0.509631245453,28.2161812586,28.2150048147,-82.5790195645
0.513561146979,28.1502734617,28.1490787909,-82.6350710844
0.517521353017,28.0843446544,28.083131474,-82.6907067901
0.521512097253,28.0183950109,28.017163034,-82.7459295421
0.525533615174,27.952424701,27.951173636,-82.8007421859
0.529586144085,27.8864338897,27.8851634408,-82.8551475516
0.533669923121,27.8204227377,27.8191326042,-82.9091484543
0.537785193258,27.7543914012,27.7530812779,-82.9627476937
0.541932197333,27.6883400318,27.6870096088,-83.0159480546
0.546111180055,27.6222687768,27.6209177393,-83.0687523063
0.55032238802,27.5561777791,27.5548058074,-83.1211632028
0.554566069724,27.4900671771,27.4886739465,-83.173183483
0.558842475583,27.4239371049,27.4225222857,-83.2248158703
0.56315185794,27.3577876923,27.3563509497,-83.2760630729
0.567494471086,27.2916190646,27.2901600586,-83.3269277838
0.571870571271,27.225431343,27.2239497283,-83.3774126804
0.576280416725,27.1592246444,27.1577200704,-83.427520425
0.580724267665,27.0929990814,27.0914711919,-83.4772536646
0.585202386317,27.0267547623,27.0252031956,-83.5266150306
0.589715036928,26.9604917912,26.9589161801,-83.5756071395
0.594262485783,26.894210268,26.8926102396,-83.6242325922
0.59884500122,26.8279102885,26.826285464,-83.6724939744
0.603462853648,26.7615919443,26.7599419389,-83.7203938565
0.60811631556,26.6952553226,26.6935797458,-83.7679347937
0.612805661548,26.6289005069,26.6271989619,-83.8151193257
0.617531168326,26.562527576,26.5607996601,-83.8619499774
0.622293114738,26.4961366051,26.494381909,-83.908429258
0.627091781781,26.429727665,26.4279457732,-83.9545596619
0.631927452616,26.3633008224,26.361491313,-84.0003436681
0.636800412589,26.2968561401,26.2950185844,-84.0457837405
0.641710949248,26.2303936765,26.2285276395,-84.0908823279
0.646659352356,26.1639134861,26.1620185259,-84.1356418641
0.651645913911,26.0974156195,26.0954912871,-84.1800647676
0.656670928162,26.030900123,26.0289459626,-84.2241534421
0.66173469163,25.9643670388,25.9623825875,-84.2679102762
0.666837503119,25.8978164051,25.895801193,-84.3113376435
0.67197966374,25.8312482562,25.8292018057,-84.3544379026
0.677161476922,25.7646626223,25.7625844485,-84.3972133976
0.682383248439,25.6980595292,25.6959491399,-84.4396664571
0.687645286419,25.6314389992,25.6292958942,-84.4817993955
0.692947901368,25.5648010501,25.5626247216,-84.5236145121
0.698291406186,25.4981456959,25.4959356281,-84.5651140914
0.703676116184,25.4314729464,25.4292286157,-84.6063004034
0.709102349107,25.3647828075,25.3625036818,-84.6471757033
0.71457042515,25.2980752809,25.29576082,-84.6877422319
0.720080666976,25.2313503642,25.2290000196,-84.7280022152
0.725633399736,25.1646080511,25.1622212656,-84.7679578647
0.731228951089,25.097848331,25.0954245388,-84.8076113777
0.73686765122,25.0310711895,25.0286098159,-84.8469649367
0.742549832862,24.9642766078,24.9617770693,-84.8860207102
0.748275831312,24.8974645631,24.894926267,-84.924780852
0.754045984452,24.8306350287,24.828057373,-84.9632475019
0.759860632772,24.7637879734,24.7611703468,-85.0014227854
0.765720119385,24.696923362,24.6942651439,-85.0393088139
0.771624790052,24.6300411554,24.6273417151,-85.0769076844
0.777574993198,24.5631413099,24.5604000072,-85.1142214802
0.783571079937,24.496223778,24.4934399625,-85.1512522704
0.789613404088,24.4292885076,24.426461519,-85.1880021101
0.795702322202,24.3623354428,24.3594646103,-85.2244730406
0.801838193576,24.2953645232,24.2924491656,-85.2606670894
0.80802138028,24.2283756842,24.2254151096,-85.29658627
0.814252247174,24.1613688568,24.1583623629,-85.3322325824
0.820531161933,24.094343968,24.091290841,-85.3676080127
0.826858495067,24.0273009402,24.0242004556,-85.4027145335
0.833234619943,23.9602396916,23.9570911133,-85.4375541038
0.839659912807,23.8931601359,23.8899627165,-85.4721286692
0.846134752806,23.8260621825,23.8228151628,-85.5064401617
0.852659522011,23.7589457364,23.7556483455,-85.5404904999
0.85923460544,23.691810698,23.6884621529,-85.5742815893
0.865860391079,23.6246569633,23.6212564688,-85.6078153217
0.872537269906,23.5574844238,23.5540311722,-85.6410935762
0.879265635914,23.4902929665,23.4867861376,-85.6741182182
0.886045886135,23.4230824737,23.4195212344,-85.7068911005
0.892878420661,23.3558528231,23.3522363274,-85.7394140626
0.89976364267,23.2886038878,23.2849312765,-85.771688931
0.906701958451,23.2213355362,23.2176059365,-85.8037175193
0.913693777422,23.154047632,23.1502601576,-85.8355016283
0.920739512161,23.086740034,23.0828937848,-85.8670430461
0.927839578427,23.0194125964,23.0155066581,-85.8983435477
0.934994395185,22.9520651684,22.9480986124,-85.9294048959
0.94220438463,22.8846975944,22.8806694777,-85.9602288405
0.949469972214,22.8173097137,22.8132190786,-85.9908171188
0.956791586667,22.7499013608,22.7457472345,-86.0211714559
0.96416966003,22.6824723652,22.6782537596,-86.0512935639
0.97160462767,22.615022551,22.6107384628,-86.0811851431
0.979096928315,22.5475517375,22.5432011476,-86.1108478812
0.986647004075,22.4800597388,22.4756416121,-86.1402834535
0.994255300469,22.4125463636,22.4080596488,-86.1694935233
1.00192226645,22.3450114154,22.3404550448,-86.1984797418
1.00964835444,22.2774546923,22.2728275815,-86.227243748
1.01743402034,22.2098759872,22.2051770347,-86.2557871688
1.02527972357,22.1422750872,22.1375031744,-86.2841116193
1.0331859271,22.0746517742,22.069805765,-86.3122187026
1.04115309745,22.0070058243,22.0020845647,-86.34011001
1.04918170477,21.9393370081,21.934339326,-86.3677871209
1.05727222281,21.8716450904,21.8665697954,-86.3952516031
1.06542512897,21.8039298303,21.7987757134,-86.4225050126
1.07364090435,21.7361909809,21.7309568141,-86.4495488939
1.08192003376,21.6684282897,21.6631128255,-86.4763847798
1.09026300572,21.6006414977,21.5952434695,-86.5030141917
1.09867031255,21.5328303404,21.5273484614,-86.5294386396
1.10714245035,21.4649945467,21.4594275101,-86.5556596219
1.11567991904,21.3971338396,21.3914803179,-86.5816786259
1.12428322242,21.3292479357,21.3235065807,-86.6074971274
1.13295286815,21.2613365451,21.2555059874,-86.6331165911
1.14168936782,21.1933993716,21.1874782204,-86.6585384705
1.15049323695,21.1254361124,21.1194229549,-86.683764208
1.15936499504,21.057446458,21.0513398593,-86.708795235
1.16830516562,20.9894300924,20.983228595,-86.7336329716
1.17731427621,20.9213866925,20.915088816,-86.7582788273
1.18639285845,20.8533159284,20.8469201693,-86.7827342004
1.19554144803,20.7852174633,20.7787222943,-86.8070004786
1.20476058482,20.7170909532,20.7104948229,-86.8310790386
1.21405081281,20.648936047,20.6422373797,-86.8549712465
1.2234126802,20.580752386,20.5739495813,-86.8786784575
1.23284673944,20.5125396045,20.5056310367,-86.9022020163
1.24235354721,20.4442973289,20.4372813468,-86.9255432569
1.25193366449,20.3760251784,20.3689001047,-86.948703503
1.26158765659,20.3077227641,20.300486895,-86.9716840673
1.27131609318,20.2393896893,20.2320412945,-86.9944862526
1.28111954833,20.1710255496,20.1635628712,-87.0171113508
1.29099860051,20.1026299321,20.0950511847,-87.0395606437
1.30095383268,20.0342024161,20.026505786,-87.0618354027
1.31098583229,19.9657425722,19.9579262172,-87.0839368891
1.3210951913,19.8972499629,19.8893120117,-87.1058663536
1.33128250625,19.8287241417,19.8206626935,-87.127625037
1.34154837829,19.7601646538,19.7519777777,-87.1492141698
1.35189341319,19.6915710351,19.68325677,-87.1706349726
1.36231822139,19.6229428129,19.6144991663,-87.1918886556
1.37282341805,19.5542795051,19.5457044534,-87.2129764194
1.38340962307,19.4855806203,19.4768721077,-87.2338994542
1.39407746111,19.4168456578,19.4080015961,-87.2546589404
1.40482756168,19.3480741072,19.3390923752,-87.2752560486
1.41566055912,19.2792654484,19.2701438912,-87.2956919395
1.42657709268,19.2104191513,19.2011555801,-87.3159677639
1.43757780651,19.1415346759,19.1321268672,-87.3360846626
1.44866334977,19.0726114718,19.0630571668,-87.3560437671
1.45983437659,19.0036489782,18.9939458824,-87.3758461988
1.47109154615,18.9346466238,18.9247924063,-87.3954930695
1.48243552273,18.8656038264,18.8555961195,-87.4149854813
1.49386697571,18.7965199931,18.7863563914,-87.4343245267
1.50538657966,18.7273945196,18.7170725796,-87.4535112887
1.51699501433,18.6582267905,18.6477440298,-87.4725468404
1.52869296471,18.5890161786,18.5783700756,-87.4914322457
1.54048112109,18.5197620452,18.5089500383,-87.5101685587
1.55236017906,18.4504637397,18.4394832264,-87.5287568241
1.56433083959,18.3811205994,18.3699689359,-87.5471980772
1.57639380906,18.3117319489,18.3004064495,-87.5654933438
1.58854979928,18.2422971008,18.2307950369,-87.5836436401
1.60079952756,18.1728153545,18.1611339543,-87.6016499731
1.61314371674,18.1032859965,18.0914224439,-87.6195133402
1.62558309524,18.0337083002,18.0216597343,-87.6372347296
1.63811839707,17.9640815253,17.9518450398,-87.65481512
1.65075036194,17.8944049181,17.88197756,-87.6722554809
1.66347973524,17.8246777105,17.8120564801,-87.6895567723
1.6763072681,17.7548991205,17.7420809701,-87.706719945
1.68923371747,17.6850683516,17.6720501848,-87.7237459403
1.70225984611,17.6151845924,17.6019632636,-87.7406356904
1.71538642269,17.5452470167,17.5318193296,-87.7573901181
1.72861422177,17.4752547827,17.4616174904,-87.774010137
1.74194402391,17.4052070333,17.3913568368,-87.7904966512
1.75537661569,17.3351028953,17.3210364428,-87.8068505557
1.76891278974,17.2649414796,17.2506553656,-87.8230727361
1.78255334482,17.1947218803,17.180212645,-87.8391640688
1.79629908583,17.1244431751,17.109707303,-87.8551254209
1.81015082389,17.0541044241,17.0391383436,-87.8709576501
1.82410937637,16.9837046704,16.9685047524,-87.8866616049
1.83817556694,16.9132429392,16.8978054965,-87.9022381244
1.85235022564,16.8427182374,16.8270395236,-87.9176880384
1.86663418889,16.7721295536,16.7562057621,-87.9330121675
1.88102829956,16.7014758577,16.6853031207,-87.9482113227
1.89553340703,16.6307561001,16.6143304876,-87.9632863059
1.91015036722,16.5599692119,16.5432867308,-87.9782379092
1.92488004267,16.4891141041,16.4721706968,-87.9930669158
1.93972330254,16.4181896674,16.4009812111,-88.007774099
1.95468102273,16.3471947718,16.3297170772,-88.022360223
1.96975408586,16.2761282659,16.2583770762,-88.0368260422
1.98494338137,16.2049889771,16.1869599666,-88.0511723017
2.00024980556,16.1337757103,16.1154644837,-88.0653997368
2.01567426164,16.0624872483,16.0438893391,-88.0795090734
2.03121765979,15.9911223509,15.9722332204,-88.0935010278
2.0468809172,15.9196797543,15.9004947905,-88.1073763063
2.06266495813,15.848158171,15.8286726871,-88.1211356057
2.07857071399,15.7765562891,15.7567655225,-88.1347796131
2.09459912334,15.7048727717,15.6847718825,-88.1483090054
2.110751132,15.6331062567,15.6126903265,-88.16172445
2.12702769308,15.5612553559,15.5405193864,-88.175026604
2.14342976704,15.4893186548,15.4682575666,-88.1882161148
2.15995832173,15.4172947116,15.3959033427,-88.2012936195
2.17661433248,15.3451820573,15.3234551617,-88.2142597449
2.19339878215,15.2729791943,15.2509114406,-88.2271151079
2.21031266115,15.2006845964,15.1782705663,-88.2398603148
2.22735696755,15.1282967081,15.1055308949,-88.2524959617
2.24453270712,15.0558139436,15.032690751,-88.265022634
2.26184089336,14.9832346866,14.9597484266,-88.2774409065
2.27928254761,14.9105572893,14.8867021811,-88.2897513436
2.29685869908,14.8377800721,14.8135502403,-88.3019544986
2.3145703849,14.7649013222,14.7402907953,-88.3140509141
2.33241865023,14.6919192939,14.6669220023,-88.3260411214
2.35040454826,14.6188322067,14.5934419816,-88.3379256409
2.36852914031,14.5456382454,14.5198488167,-88.3497049818
2.3867934959,14.4723355592,14.4461405536,-88.3613796416
2.40519869276,14.3989222604,14.3723152,-88.3729501066
2.42374581698,14.325396424,14.2983707242,-88.3844168512
2.44243596298,14.2517560869,14.2243050548,-88.395780338
2.46127023365,14.1779992466,14.1501160789,-88.4070410177
2.48024974037,14.1041238608,14.0758016419,-88.4181993287
2.49937560309,14.0301278462,14.0013595463,-88.4292556973
2.51864895041,13.9560090775,13.9267875506,-88.4402105371
2.53807091961,13.8817653867,13.8520833685,-88.4510642491
2.55764265677,13.8073945617,13.7772446677,-88.4618172213
2.57736531677,13.7328943456,13.7022690688,-88.4724698288
2.59724006342,13.6582624356,13.6271541444,-88.4830224333
2.61726806952,13.5834964816,13.5518974177,-88.4934753829
2.63745051687,13.5085940855,13.4764963615,-88.503829012
2.65778859642,13.4335527998,13.4009483969,-88.5140836411
2.67828350829,13.3583701263,13.3252508922,-88.5242395762
2.69893646185,13.2830435152,13.2494011615,-88.534297109
2.71974867581,13.2075703636,13.1733964635,-88.5442565164
2.74072137826,13.1319480141,13.097234,-88.55411806
2.76185580678,13.0561737538,13.0209109144,-88.5638819862
2.78315320847,12.9802448125,12.9444242909,-88.5735485258
2.80461484007,12.9041583617,12.8677711521,-88.5831178933
2.826241968,12.8279115128,12.7909484582,-88.5925902871
2.84803586844,12.7515013156,12.7139531052,-88.6019658887
2.86999782741,12.6749247572,12.636781923,-88.6112448626
2.89212914087,12.5981787595,12.5594316743,-88.620427356
2.91443111475,12.5212601785,12.4818990524,-88.6295134979
2.93690506506,12.4441658019,12.4041806796,-88.6385033992
2.95955231795,12.3668923476,12.3262731053,-88.6473971521
2.98237420981,12.2894364619,12.2481728044,-88.6561948296
3.00537208732,12.2117947177,12.1698761749,-88.664896485
3.02854730756,12.133963612,12.0913795362,-88.6735021516
3.05190123805,12.0559395647,12.0126791268,-88.6820118418
3.0754352569,11.977718916,11.9337711026,-88.690425547
3.09915075279,11.8992979241,11.8546515341,-88.6987432368
3.12304912516,11.8206727637,11.7753164043,-88.7069648583
3.1471317842,11.741839523,11.6957616068,-88.7150903359
3.17140015101,11.6627942016,11.6159829426,-88.7231195702
3.19585565762,11.5835327081,11.5359761182,-88.7310524375
3.22049974713,11.5040508575,11.4557367425,-88.7388887893
3.24533387373,11.4243443685,11.3752603245,-88.7466284514
3.27035950286,11.344408861,11.2945422703,-88.7542712231
3.29557811125,11.264239853,11.2135778803,-88.7618168762
3.32099118701,11.1838327581,11.1323623461,-88.769265155
3.34660022972,11.103182882,11.0508907474,-88.7766157743
3.37240675055,11.0222854197,10.9691580489,-88.7838684193
3.3984122723,10.9411354524,10.887159097,-88.7910227446
3.42461832951,10.8597279436,10.8048886162,-88.7980783725
3.45102646857,10.7780577363,10.7223412057,-88.8050348931
3.47763824779,10.696119549,10.6395113357,-88.8118918621
3.50445523748,10.6139079721,10.5563933432,-88.8186488005
3.53147902009,10.5314174639,10.4729814288,-88.8253051928
3.55871119024,10.4486423468,10.3892696519,-88.8318604864
3.58615335487,10.3655768031,10.3052519265,-88.8383140896
3.61380713329,10.2822148705,10.2209220171,-88.8446653708
3.64167415733,10.1985504379,10.1362735341,-88.8509136568
3.66975607138,10.1145772404,10.0512999285,-88.8570582313
3.6980545325,10.0302888547,9.96599448763,-88.8630983335
3.72657121055,9.94567869426,9.88035032941,-88.8690331563
3.75530778826,9.86074000353,9.7943603974,-88.8748618447
3.78426596133,9.775465853,9.70801745506,-88.8805834938
3.81344743854,9.68984913335,9.62131408001,-88.8861971472
3.84285394186,9.60388254962,9.53424265801,-88.8917017948
3.87248720651,9.51755861508,9.44679537669,-88.8970963708
3.90234898111,9.43086964486,9.35896421904,-88.9023797512
3.93244102777,9.34380774937,9.27074095667,-88.9075507521
3.96276512217,9.2563648273,9.1821171427,-88.9126081269
3.99332305369,9.16853255854,9.09308410443,-88.9175505636
4.02411662552,9.08030239659,9.00363293568,-88.9223766824
4.05514765474,8.99166556079,8.91375448881,-88.9270850329
4.08641797244,8.90261302815,8.82343936639,-88.931674091
4.11792942385,8.81313552485,8.73267791248,-88.9361422556
4.1496838684,8.72322351735,8.64146020364,-88.9404878458
4.18168317989,8.63286720312,8.5497760394,-88.944709097
4.21392924655,8.54205650098,8.45761493243,-88.9488041573
4.24642397116,8.45078104091,8.3649660982,-88.952771084
4.27916927121,8.35903015357,8.2718184442,-88.956607839
4.31216707894,8.26679285916,8.17816055869,-88.9603122849
4.3454193415,8.1740578559,8.08398069889,-88.9638821803
4.37892802107,8.08081350787,7.98926677868,-88.967315175
4.41269509494,7.9870478324,7.89400635565,-88.9706088051
4.44672255567,7.89274848675,7.79818661764,-88.9737604874
4.48101241115,7.79790275419,7.70179436857,-88.9767675138
4.5155666848,7.70249752945,7.6048160136,-88.9796270455
4.5503874156,7.60651930341,7.5072375436,-88.9823361064
4.58547665828,7.50995414708,7.40904451883,-88.9848915765
4.6208364834,7.41278769472,7.31022205183,-88.9872901847
4.65646897751,7.31500512618,7.2107547895,-88.9895285012
4.69237624321,7.21659114835,7.11062689418,-88.9916029296
4.72856039935,7.11752997558,7.00982202385,-88.9935096983
4.7650235811,7.01780530919,6.90832331132,-88.9952448513
4.80176794011,6.91740031584,6.80611334228,-88.9968042388
4.8387956446,6.81629760482,6.70317413224,-88.9981835068
4.87610887953,6.71447920406,6.59948710227,-88.9993780861
4.91370984669,6.61192653492,6.49503305341,-89.0003831809
4.95160076488,6.50862038557,6.38979213968,-89.0011937564
4.98978386997,6.40454088293,6.28374383969,-89.0018045252
5.02826141509,6.29966746303,6.17686692663,-89.0022099337
5.06703567077,6.19397883973,6.06913943657,-89.0024041469
5.10610892499,6.08745297167,5.96053863501,-89.0023810322
5.14548348343,5.98006702727,5.85104098155,-89.0021341421
5.18516166952,5.87179734781,5.7406220924,-89.0016566963
5.22514582461,5.76261940821,5.62925670088,-89.0009415613
5.26543830812,5.65250777559,5.51691861542,-88.9999812299
5.30604149764,5.54143606531,5.40358067517,-88.9987677981
5.3469577891,5.4293768943,5.28921470288,-88.997292941
5.38818959693,5.3163018316,5.17379145487,-88.9955478867
5.42973935415,5.20218134574,5.05728056797,-88.9935233879
5.47160951255,5.08698474887,4.93965050311,-88.9912096922
5.51380254284,4.9706801373,4.82086848527,-88.9885965091
5.55632093476,4.85323432823,4.70090043968,-88.9856729751
5.59916719726,4.73461279227,4.57971092378,-88.9824276156
5.64234385864,4.61477958161,4.45726305473,-88.9788483045
5.68585346669,4.49369725324,4.33351843206,-88.9749222194
5.72969858885,4.37132678706,4.20843705513,-88.9706357942
5.77388181237,4.2476274983,4.08197723484,-88.9659746667
5.81840574443,4.12255694379,3.95409549931,-88.9609236232
5.86327301232,3.99607082169,3.82474649277,-88.9554665367
5.90848626359,3.8681228639,3.69388286738,-88.9495863009
5.95404816623,3.73866472073,3.56145516704,-88.9432647581
5.99996140876,3.60764583704,3.42741170276,-88.9364826205
6.04622870047,3.47501331898,3.29169841866,-88.9292193842
6.09285277152,3.34071179079,3.15425874785,-88.9214532358
6.13983637313,3.20468324035,3.01503345712,-88.9131609502
6.18718227774,3.06686685271,2.87396047966,-88.9043177778
6.23489327916,2.92719883037,2.73097473428,-88.8948973224
6.28297219275,2.78561219897,2.58600793024,-88.8848714053
6.33142185558,2.64203659698,2.43898835592,-88.8742099176
6.38024512659,2.49639804791,2.28984064995,-88.8628806565
6.42944488678,2.34861871307,2.13848555296,-88.8508491448
6.47902403935,2.19861662295,1.98483963785,-88.8380784319
6.52898550989,2.04630538505,1.82881501644,-88.8245288735
6.57933224658,1.89159386553,1.67031901994,-88.810157887
6.63006722028,1.73438584181,1.50925385037,-88.7949196803
6.6811934248,1.57457962302,1.34551619965,-88.7787649501
6.73271387703,1.41206763454,1.17899683289,-88.7616405454
6.78463161712,1.24673596253,1.00958013153,-88.7434890914
6.83694970865,1.07846385378,0.837143591732,-88.7242485697
6.88967123884,0.907123165463,0.661557272712,-88.7038518458
6.94279931872,0.732577758697,0.482683188747,-88.6822261398
6.99633708329,0.55468282893,0.300374637972,-88.6592924284
7.05028769175,0.373284165028,0.114475459823,-88.6349647708
7.10465432764,0.188217327833,-0.0751807881057,-88.6091495451
7.15944019906,-0.000693262535448,-0.268771744542,-88.5817445809
7.21464853884,-0.193635343069,-0.466487262763,-88.5526381731
7.27028260476,-0.390809942362,-0.668530546997,-88.5217079554
7.3263456797,-0.592432650048,-0.875119423848,-88.4888196107
7.38284107186,-0.798735040867,-1.08648776843,-88.4538253905
7.43977211495,-1.00996627649,-1.30288710832,-88.4165624085
7.49714216839,-1.22639491233,-1.52458843262,-88.3768506682
7.55495461751,-1.44831094163,-1.75188423835,-88.3344907739
7.61321287375,-1.67602811513,-1.98509085248,-88.2892612658
7.67192037482,-1.90988658197,-2.22455107542,-88.2409155027
7.73108058499,-2.15025590672,-2.47063720058,-88.1891780033
7.79069699521,-2.39753852857,-2.7237544763,-88.13374013
7.85077312336,-2.6521737425,-2.98434508982,-88.0742549763
7.91131251445,-2.91464229977,-3.2528927707,-88.0103312783
7.97231874082,-3.18547174673,-3.52992813269,-87.9415261281
8.03379540236,-3.4652426486,-3.81603490068,-87.8673362038
8.09574612672,-3.7545958796,-4.11185720411,-87.7871871526
8.15817456952,-4.05424120614,-4.41810816364,-87.7004206554
8.22108441458,-4.36496744734,-4.73558005522,-87.6062785638
8.28447937413,-4.68765457313,-5.06515641194,-87.5038833029
8.348363189,-5.02328819921,-5.40782652285,-87.3922134773
8.41273962888,-5.37297707026,-5.76470292025,-87.2700732514
8.47761249255,-5.7379742995,-6.1370426235,-87.1360535724
8.54298560805,-6.11970337248,-6.52627314712,-86.9884825846
8.60886283296,-6.51979025135,-6.93402460974,-86.8253615555
8.67524805461,-6.94010337279,-7.3621697368,-86.6442811315
8.74214519028,-7.38280397516,-7.81287419264,-86.4423105099
8.80955818748,-7.85041010859,-8.28866059589,-86.2158487491
8.87749102416,-8.34587901521,-8.79249090505,-85.9604222531
8.94594770894,-8.8727145351,-9.3278738302,-85.6704043015
9.01493228135,-9.43510915792,-9.89900689048,-85.338619327
9.08444881207,-10.0381348927,-10.5109672901,-84.955772834
9.15450140317,-10.6880042804,-11.1699729374,-84.5096106159
9.22509418836,-11.3924343808,-11.8837464385,-83.9836452087
9.29623133322,-12.1611655608,-12.6620338924,-83.3551669783
9.36791703544,-13.0067191194,-13.5173625239,-82.5920263465
9.44015552509,-13.9455338695,-14.4661772727,-81.6472086567
9.51295106488,-14.9997216581,-15.5305963212,-80.4492306904
9.58630795036,-16.199861062,-16.7412047999,-78.8841207403
9.66023051021,-17.589557659,-18.1416150664,-76.7591362306
9.7347231065,-19.2329135384,-19.7959362252,-73.7231538376
9.80979013493,-21.2256689849,-21.7999158217,-69.0729043928
9.88543602511,-23.7013985968,-24.2871359702,-61.224387406
9.96166524078,-26.7365281323,-27.3340302109,-46.1974619399
10.0384822801,-29.4795628368,-30.0891118483,-15.6971573527
10.115891676,-28.8379479442,-29.459834464,24.8819460561
10.1938979962,-25.7179881319,-26.3525113839,49.9935269668
10.2725058439,-22.7806692388,-23.4281374091,62.2626657979
10.3517198574,-20.4073026646,-21.0680332283,68.9197442455
10.4315447113,-18.475096041,-19.1494161035,72.9899154519
10.5119851157,-16.860302849,-17.5485495013,75.7072407529
10.5930458173,-15.4776642036,-16.1801848936,77.6397600979
10.6747315995,-14.2700224199,-14.9871753399,79.0797209296
10.7570472825,-13.1981620557,-13.930316546,80.1913686118
10.8399977234,-12.2343238152,-12.9818607872,81.0736418401
10.9235878172,-11.3582585255,-12.1215709015,81.7895230657
11.0078224963,-10.5547943742,-11.3342875486,82.3809396721
11.0927067313,-9.81229500877,-10.6083873289,82.8768504624
11.1782455312,-9.1216525564,-9.93477582565,83.2978832245
11.2644439434,-8.47561092468,-9.30621092789,83.6591205685
11.3513070544,-7.86829900117,-8.71683605451,83.9718406273
11.4388399899,-7.29490096318,-8.16185048898,84.2446421333
11.527047915,-6.75141844703,-7.63727157529,84.4841932461
11.6159360348,-6.23449569629,-7.13975989406,84.6957429206
11.7055095944,-5.74128880045,-6.66648853063,84.8834781179
11.7957738795,-5.26936639078,-6.21504380188,85.0507784043
11.8867342164,-4.81663316889,-5.78334881735,85.200400709
11.9783959725,-4.3812702689,-5.36960387581,85.3346155881
12.0707645567,-3.96168820868,-4.97223945259,85.4553092025
12.1638454195,-3.55648937877,-4.58987872672,85.5640606578
12.2576440536,-3.16443784469,-4.22130742336,85.6622013724
12.3521659937,-2.78443481829,-3.8654493276,85.7508611586
12.4474168175,-2.41549856885,-3.52134624023,85.8310043545
12.5434021457,-2.05674784345,-3.18814144536,85.903458423
12.6401276422,-1.70738808558,-2.86506597875,85.9689367823
12.7375990146,-1.36669990283,-2.55142714817,86.02805718
12.8358220146,-1.03402935613,-2.24659887811,86.0813565874
12.9348024381,-0.708779734242,-1.95001354299,86.1293033585
13.0345461259,-0.390404547524,-1.66115502291,86.1723072164
13.1350589637,-0.0784015285142,-1.37955276979,86.2107275054
13.2363468826,0.227692531365,-1.10477671339,86.2448800454
13.3384158595,0.528306247014,-0.836432869471,86.2750428541
13.4412719173,0.823837519195,-0.574159537819,86.3014609457
13.5449211254,1.11465692046,-0.317623998497,86.3243503707
13.6493696001,1.4011106633,-0.0665196306982,86.3439016299
13.7546235045,1.68352321332,0.179436608254,86.3602825678
13.8606890497,1.96219959973,0.420506395715,86.3736408316
13.9675724944,2.23742746695,0.65693199173,86.3841059652
14.0752801457,2.50947890409,0.888937958674,86.3917911934
14.1838183592,2.77861208352,1.11673268321,86.3967949449
14.2931935396,3.04507273486,1.34050972651,86.3992021502
14.403412141,3.30909547707,1.56044902493,86.3990853457
14.5144806673,3.57090502797,1.77671795974,86.3965056109
14.6264056723,3.83071730787,1.98947231229,86.3915133586
14.7391937607,4.0887404519,2.19885711832,86.3841489964
14.852851588,4.34517574366,2.40500743341,86.3744434729
14.9673858608,4.60021848125,2.60804901991,86.3624187216
15.0828033378,4.85405878558,2.80809896441,86.3480880106
15.1991108295,5.10688235985,3.00526623356,86.3314562062
15.3163151991,5.35887120774,3.19965217521,86.3125199567
15.4344233626,5.61020431798,3.39135097088,86.2912677999
15.5534422895,5.86105832135,3.58045004496,86.2676801974
15.6733790028,6.11160812675,3.76703043551,86.2417294978
15.7942405799,6.36202754162,3.95116713088,86.2133798296
15.9160341527,6.6124898826,4.13292937616,86.1825869218
16.0387669079,6.86316858158,4.31238095289,86.1492978518
16.1624460879,7.11423779239,4.4895804354,86.1134507169
16.2870789908,7.36587300348,4.66458142687,86.0749742253
16.4126729711,7.61825166189,4.83743277792,86.0337872008
16.5392354398,7.87155381412,5.0081787906,85.9897979949
16.6667738652,8.12596276955,5.17685941044,85.9429037958
16.7952957733,8.38166579275,5.34351040934,85.8929898258
16.9248087477,8.63885483125,5.50816356194,85.8399284132
17.0553204311,8.897727286,5.67084681841,85.7835779233
17.1868385246,9.15848683253,5.83158447654,85.7237815309
17.3193707889,9.42134430166,5.99039735638,85.6603658124
17.4529250447,9.68651862971,6.1473029808,85.5931391324
17.5875091727,9.95423788946,6.30231576596,85.5218897932
17.7231311146,10.2247404145,6.45544722584,85.4463839125
17.8597988731,10.498276032,6.60670619586,85.3663629843
17.997520513,10.7751074197,6.75609908112,85.2815410724
18.1363041609,11.0555116081,6.90363013603,85.1916015742
18.2761580063,11.3397816491,7.0493017829,85.096193479
18.4170903017,11.6282284778,7.19311497898,84.9949270307
18.5591093634,11.9211829994,7.33506964281,84.8873686862
18.7022235717,12.2189984359,7.47516515364,84.7730352323
18.8464413715,12.5220529779,7.61340094021,84.6513869006
18.991771273,12.8307527912,7.74977717942,84.5218192748
19.1382218519,13.1455354407,7.88429563002,84.3836537422
19.28580175,13.4668738053,8.01696063334,84.2361261761
19.4345196757,13.7952805725,8.1477803211,84.0783734597
19.5843844048,14.1313134207,8.27676808166,83.9094173581
19.7354047805,14.4755810216,8.40394435075,83.7281451157
19.8875897144,14.8287500231,8.52933881233,83.5332859784
20.0409481865,15.1915532113,8.65299312185,83.3233826151
20.1954892465,15.5647990987,8.77496429992,83.0967561042
20.3512220135,15.9493832436,8.89532899419,82.8514627386
20.5081556771,16.3463016861,9.01418887517,82.585240343
20.6662994978,16.7566669848,9.13167752713,82.2954410285
20.8256628074,17.1817274681,9.2479693301,81.9789462362
20.9862550097,17.6228904843,9.36329102025,81.6320584231
21.1480855809,18.081750658,9.4779368922,81.2503615956
21.3111640706,18.5601244498,9.59228900889,80.8285398116
21.4755001017,19.0600927042,9.7068443759,80.3601382385
21.6411033715,19.5840533759,9.82225191762,79.837244623
21.8079836519,20.1347872821,9.93936341658,79.2500588319
21.9761507904,20.7155405771,10.0593045872,78.5863024231
22.1456147103,21.3301286823,10.1835755311,77.8303955451
22.3163854113,21.98306758,10.3141945463,76.9622889288
22.4884729704,22.6797394133,10.4539065034,75.9557739829
22.6618875423,23.4265994149,10.6064879283,74.7759855344
22.8366393599,24.2314280612,10.7771967226,73.3756259616
23.012738735,25.1036200752,10.9734348562,71.6891145729
23.1901960591,26.0544647714,11.2057103159,69.6232891275
23.3690218036,27.0972683208,11.4889683411,67.0422599126
23.5492265207,28.2468839745,11.8441990567,63.7422508274
23.7308208442,29.5174399544,12.2995603035,59.4096336003
23.9138154896,30.9149649927,12.8880472489,53.5537145436
24.0982212552,32.4164113435,13.6325945929,45.4180662887
24.2840490225,33.9175242298,14.4976319479,33.9589738628
24.4713097569,35.1421575186,15.2917099293,18.2839488497
24.6600145085,35.6405329503,15.6405980087,-0.827676289169
24.8501744124,35.1575809071,15.319519615,-19.8529279111
25.0418006897,33.9667874435,14.5692570196,-35.35273443
25.2349046479,32.5151623363,13.7601961283,-46.6545333287
25.4294976819,31.0702292894,13.0754573481,-54.6787351253
25.6255912744,29.7313340576,12.546595791,-60.4604690776
25.8231969965,28.519621988,12.1496525208,-64.7437406177
26.0223265086,27.4284808454,11.8516900106,-68.0103258816
26.2229915612,26.4436826849,11.6248572019,-70.5682415667
26.4252039952,25.5504336806,11.4484611554,-72.61780984
26.6289757427,24.7355292392,11.3077893954,-74.2927686424
26.8343188282,23.9877838784,11.1925058401,-75.6849080312
27.0412453687,23.2978969506,11.0953346492,-76.858910483
27.2497675745,22.6581701134,11.0111121133,-77.8614703923
27.4598977502,22.0622193526,10.9361342188,-78.7270380445
27.6716482954,21.5047246702,10.8677140067,-79.4815304601
27.8850317052,20.9812249845,10.803881255,-80.144788033
28.1000605709,20.4879541005,10.7431772927,-80.7322384458
28.3167475812,20.0217106898,10.6845133359,-81.2560476684
28.5351055224,19.5797553718,10.6270714901,-81.7259316886
28.7551472795,19.1597290337,10.5702346805,-82.1497391917
28.9768858369,18.7595877046,10.5135364144,-82.5338766411
29.2003342791,18.3775503249,10.4566243051,-82.8836230152
29.4255057914,18.0120565936,10.3992332608,-83.2033660315
29.6524136608,17.6617327268,10.3411655444,-83.4967816735
29.881071277,17.3253634621,10.2822757761,-83.7669722058
30.1114921326,17.0018690231,10.2224595336,-84.0165734117
30.3436898244,16.6902860491,10.1616445987,-84.24783874
30.5776780542,16.3897517119,10.0997841738,-84.4627059391
30.8134706292,16.0994904148,10.0368515774,-84.6628502719
31.0510814631,15.8188025897,9.97283606302,-84.8497273532
31.2905245772,15.5470552168,9.90773949953,-85.0246078879
31.5318141005,15.2836737587,9.84157371648,-85.1886060375
31.7749642713,15.0281352686,9.77435836935,-85.3427027341
32.0199894374,14.7799624744,9.70611921331,-85.4877649586
32.2669040575,14.5387186785,9.63688670113,-85.6245617739
32.5157227016,14.3040033442,9.56669484014,-85.7537777313
32.7664600522,14.0754482612,9.4955802576,-85.8760241377
33.0191309049,13.8527142018,9.423581435,-85.9918485708
33.2737501695,13.6354879953,9.35073807997,-86.1017429513
33.5303328707,13.4234799594,9.27709061114,-86.2061504214
33.7888941491,13.2164216384,9.20267973593,-86.305471229
34.049449262,13.0140638052,9.12754610546,-86.4000677821
34.3120135843,12.8161746914,9.05173003335,-86.490269006
34.5766026097,12.6225384144,8.97527126797,-86.5763741135
34.8432319512,12.4329535778,8.89820880938,-86.6586558771
35.1119173422,12.2472320201,8.82058076368,-86.737363479
35.3826746373,12.0651976961,8.74242422882,-86.812725001
35.6555198137,11.8866856721,8.66377520692,-86.8849496058
35.9304689715,11.7115412235,8.58466853876,-86.9542294538
36.2075383351,11.5396190206,8.50513785706,-87.0207413917
36.4867442539,11.3707823944,8.42521555538,-87.0846484442
36.7681032036,11.2049026715,8.34493277034,-87.1461011347
37.0516317866,11.0418585718,8.26431937473,-87.2052386579
37.3373467337,10.8815356611,8.18340397993,-87.2621899229
37.6252649043,10.7238258534,8.10221394581,-87.3170744833
37.9154032883,10.568626957,8.02077539705,-87.3700033682
38.2077790062,10.4158422606,7.93911324451,-87.4210798267
38.5024093107,10.2653801547,7.85725121072,-87.4703999954
38.7993115875,10.1171537846,7.77521185873,-87.5180534986
39.0985033564,9.97108073266,7.69301662357,-87.5641239887
39.4000022723,9.82708272639,7.61068584554,-87.6086896341
39.7038261262,9.68508536979,7.52823880513,-87.6518235598
40.0099928463,9.54501789615,7.44569375878,-87.6935942461
40.3185204991,9.40681294001,7.36306797535,-87.7340658909
40.6294272903,9.27040632673,7.28037777287,-87.7732987373
40.9427315662,9.13573687784,7.19763855528,-87.8113493734
41.2584518143,9.00274623101,7.11486484899,-87.8482710034
41.5766066649,8.8713786732,7.03207033909,-87.8841136967
41.8972148918,8.74158098592,6.94926790494,-87.9189246139
42.2202954137,8.61330230149,6.86646965514,-87.9527482146
42.545867295,8.48649396948,6.78368696168,-87.9856264471
42.8739497474,8.36110943243,6.70093049328,-88.0175989226
43.2045621305,8.23710411004,6.61821024779,-88.048703075
43.5377239532,8.11443529128,6.53553558356,-88.078974308
43.873454875,7.99306203363,6.4529152499,-88.10844613
44.2117747069,7.87294506897,6.37035741646,-88.137150279
44.5527034125,7.75404671569,6.28786970153,-88.1651168374
44.8962611098,7.63633079632,6.2054591994,-88.1923743379
45.2424680714,7.51976256045,6.12313250653,-88.2189498619
45.5913447267,7.40430861251,6.04089574684,-88.2448691299
45.9429116622,7.28993684401,5.95875459586,-88.2701565855
46.2971896235,7.17661636987,5.87671430391,-88.2948354737
46.654199516,7.0643174687,5.7947797183,-88.3189279127
47.0139624064,6.95301152657,5.71295530458,-88.342454961
47.3764995237,6.84267098415,5.63124516679,-88.3654366802
47.7418322607,6.73326928694,5.54965306691,-88.3878921926
48.1099821753,6.62478083832,5.46818244329,-88.4098397353
48.4809709913,6.5171809554,5.38683642835,-88.431296711
48.8548206004,6.41044582721,5.30561786535,-88.4522797343
49.2315530628,6.30455247538,5.22452932446,-88.472804676
49.6111906091,6.1994787169,5.14357311797,-88.4928867038
49.993755641,6.09520312892,5.06275131486,-88.5125403209
50.3792707332,5.99170501553,4.98206575459,-88.5317794015
50.7677586345,5.88896437624,4.9015180602,-88.5506172244
51.1592422688,5.78696187616,4.82110965087,-88.5690665046
51.5537447371,5.6856788178,4.74084175371,-88.5871394224
51.9512893185,5.58509711421,4.66071541507,-88.6048476515
52.3518994714,5.48519926363,4.58073151122,-88.6222023846
52.7555988353,5.38596832538,4.50089075852,-88.6392143577
53.162411232,5.28738789695,4.42119372301,-88.6558938734
53.5723606668,5.18944209225,4.34164082963,-88.6722508222
53.9854713303,5.09211552095,4.26223237078,-88.6882947027
54.4017675995,4.99539326884,4.18296851465,-88.7040346407
54.8212740396,4.89926087908,4.10384931293,-88.7194794076
55.2440154049,4.80370433444,4.0248747082,-88.7346374367
55.6700166408,4.70871004031,3.94604454095,-88.7495168398
56.0993028852,4.61426480858,3.86735855621,-88.7641254221
56.5318994695,4.52035584224,3.78881640977,-88.7784706962
56.9678319206,4.42697072067,3.71041767416,-88.7925598961
57.4071259623,4.33409738564,3.63216184426,-88.8063999894
57.8498075167,4.24172412797,3.55404834261,-88.81999769
58.2959027059,4.14983957475,3.47607652445,-88.8333594687
58.7454378532,4.05843267711,3.39824568246,-88.8464915648
59.1984394852,3.96749269865,3.32055505129,-88.8593999958
59.6549343327,3.8770092042,3.24300381179,-88.8720905672
60.1149493329,3.78697204927,3.16559109506,-88.884568882
60.5785116306,3.69737136977,3.08831598621,-88.8968403491
61.04564858,3.60819757232,3.01117752797,-88.9089101915
61.5163877461,3.5194413249,2.93417472411,-88.9207834546
61.9907569066,3.43109354786,2.85730654258,-88.9324650133
62.4687840534,3.34314540543,2.78057191862,-88.9439595792
62.9504973941,3.25558829743,2.70396975752,-88.9552717073
63.435925354,3.16841385146,2.62749893739,-88.9664058026
63.9250965775,3.0816139153,2.55115831165,-88.977366126
64.4180399299,2.99518054971,2.47494671147,-88.9881568001
64.914784499,2.90910602142,2.39886294799,-88.998781815
65.415359597,2.82338279651,2.32290581447,-89.0092450332
65.9197947623,2.73800353398,2.24707408829,-89.0195501951
66.4281197607,2.65296107957,2.17136653284,-89.0297009231
66.9403645878,2.56824845987,2.0957818993,-89.039700727
67.4565594705,2.48385887662,2.02031892833,-89.0495530077
67.9767348686,2.39978570126,1.94497635161,-89.0592610616
68.5009214771,2.31602246962,1.86975289335,-89.0688280847
69.0291502273,2.23256287692,1.79464727166,-89.0782571761
69.5614522893,2.14940077285,1.7196581999,-89.0875513418
70.0978590735,2.06653015693,1.64478438784,-89.0967134984
70.6384022325,1.98394517393,1.57002454289,-89.1057464757
71.183113663,1.90164010959,1.49537737111,-89.1146530208
71.7320255077,1.81960938638,1.42084157828,-89.1234358004
72.2851701569,1.73784755951,1.34641587081,-89.1320974039
72.8425802511,1.65634931299,1.27209895664,-89.1406403464
73.4042886821,1.5751094559,1.19788954609,-89.1490670711
73.9703285957,1.49412291878,1.12378635261,-89.157379952
74.5407333929,1.41338475012,1.04978809351,-89.165581296
75.1155367327,1.33289011302,0.975893490668,-89.1736733459
75.6947725332,1.25263428191,0.902101271107,-89.181658282
76.2784749744,1.17261263941,0.828410167623,-89.1895382244
76.8666784998,1.09282067335,0.754818919317,-89.1973152355
77.4594178184,1.01325397376,0.681326272106,-89.2049913214
78.0567279068,0.933908230121,0.607930979185,-89.2125684339
78.6586440116,0.854779228585,0.534631801471,-89.2200484727
79.2652016508,0.775862849353,0.461427508003,-89.2274332869
79.8764366167,0.697155064117,0.388316876311,-89.2347246764
80.4923849774,0.618651933592,0.315298692759,-89.2419243941
81.113083079,0.54034960513,0.242371752862,-89.249034147
81.738567548,0.462244310407,0.16953486157,-89.2560555979
82.3688752935,0.384332363193,0.0967868335334,-89.2629903666
83.004043509,0.306610157186,0.0241264933441,-89.2698400318
83.6441096748,0.22907416392,-0.0484473242497,-89.2766061317
84.2891115604,0.151720930738,-0.120935774144,-89.2832901658
84.9390872263,0.0745470788292,-0.193340000703,-89.2898935961
85.5940750268,-0.00245069867229,-0.265661137599,-89.2964178479
86.2541136117,-0.0792756385273,-0.337900307672,-89.3028643116
86.919241929,-0.155930909178,-0.410058622806,-89.309234343
87.5894992269,-0.232419612474,-0.482137183815,-89.315529265
88.2649250564,-0.308744785354,-0.554137080354,-89.3217503682
88.9455592733,-0.384909401465,-0.626059390833,-89.3278989122
89.631442041,-0.460916372741,-0.697905182354,-89.3339761264
90.3226138324,-0.536768550931,-0.769675510649,-89.3399832108
91.0191154326,-0.612468729082,-0.841371420041,-89.3459213371
91.720987941,-0.688019642973,-0.912993943408,-89.3517916494
92.4282727744,-0.76342397252,-0.984544102159,-89.357595265
93.1410116684,-0.83868434312,-1.05602290622,-89.3633332753
93.8592466808,-0.913803326972,-1.12743135403,-89.3690067466
94.5830201936,-0.988783444354,-1.19877043255,-89.3746167206
95.3123749157,-1.06362716486,-1.27004111726,-89.3801642153
96.0473538853,-1.1383369086,-1.34124437218,-89.3856502256
96.7880004724,-1.21291504739,-1.41238114992,-89.3910757242
97.5343583815,-1.28736390585,-1.48345239168,-89.3964416617
98.2864716541,-1.36168576255,-1.55445902729,-89.401748968
99.0443846714,-1.43588285106,-1.62540197529,-89.406998552
99.8081421567,-1.50995736099,-1.69628214293,-89.4121913029
100.577789178,-1.58391143901,-1.76710042625,-89.4173280905
101.353371152,-1.65774718984,-1.83785771015,-89.4224097657
102.134933844,-1.73146667722,-1.90855486842,-89.4274371609
102.922523372,-1.80507192481,-1.97919276382,-89.432411091
103.716186212,-1.87856491711,-2.04977224816,-89.4373323531
104.515969197,-1.95194760037,-2.12029416236,-89.4422017279
105.32191952,-2.0252218834,-2.19075933655,-89.4470199793
106.134084739,-2.09838963844,-2.26116859011,-89.4517878554
106.95251278,-2.17145270198,-2.33152273177,-89.4565060887
107.777251936,-2.24441287553,-2.40182255971,-89.4611753966
108.608350874,-2.31727192637,-2.47206886162,-89.4657964818
109.445858636,-2.39003158836,-2.54226241483,-89.4703700326
110.289824642,-2.46269356263,-2.61240398632,-89.4748967233
111.140298694,-2.5352595183,-2.68249433291,-89.4793772146
111.997330976,-2.60773109316,-2.75253420128,-89.4838121541
112.860972061,-2.68010989439,-2.8225243281,-89.4882021764
113.731272912,-2.75239749915,-2.89246544012,-89.4925479034
114.608284883,-2.8245954553,-2.96235825424,-89.496849945
115.492059725,-2.89670528195,-3.03220347767,-89.501108899
116.382649589,-2.96872847013,-3.10200180795,-89.5053253516
117.280107028,-3.04066648333,-3.17175393311,-89.5094998776
118.184484999,-3.11252075815,-3.24146053174,-89.5136330409
119.095836868,-3.18429270478,-3.31112227311,-89.5177253945
120.014216412,-3.25598370761,-3.38073981723,-89.5217774809
120.939677825,-3.32759512576,-3.45031381502,-89.5257898324
121.872275715,-3.39912829359,-3.51984490833,-89.5297629713
122.812065115,-3.47058452121,-3.58933373012,-89.5336974101
123.75910148,-3.54196509499,-3.65878090448,-89.5375936519
124.713440693,-3.61327127804,-3.7281870468,-89.5414521902
125.675139069,-3.6845043107,-3.79755276385,-89.54527351
126.644253355,-3.75566541097,-3.86687865387,-89.5490580868
127.620840739,-3.826755775,-3.93616530665,-89.5528063881
128.604958846,-3.8977765775,-4.00541330368,-89.5565188726
129.596665749,-3.96872897222,-4.07462321824,-89.5601959907
130.596019966,-4.0396140923,-4.14379561546,-89.5638381852
131.603080469,-4.11043305075,-4.21293105244,-89.5674458906
132.617906682,-4.1811869408,-4.28203007839,-89.571019534
133.640558489,-4.25187683632,-4.35109323464,-89.5745595351
134.671096234,-4.32250379222,-4.42012105484,-89.5780663059
135.709580729,-4.39306884477,-4.48911406497,-89.5815402518
136.756073253,-4.46357301203,-4.55807278348,-89.5849817707
137.810635558,-4.53401729414,-4.6269977214,-89.5883912542
138.873329873,-4.60440267374,-4.69588938238,-89.5917690867
139.944218905,-4.67473011626,-4.76474826285,-89.5951156466
141.023365845,-4.74500057028,-4.83357485205,-89.5984313057
142.110834374,-4.81521496785,-4.90236963218,-89.6017164295
143.206688661,-4.88537422478,-4.97113307846,-89.6049713775
144.31099337,-4.95547924102,-5.03986565922,-89.6081965034
145.423813665,-5.0255309009,-5.108567836,-89.6113921548
146.545215213,-5.09553007346,-5.17724006365,-89.6145586739
147.675264184,-5.16547761272,-5.24588279041,-89.6176963972
148.814027263,-5.23537435801,-5.31449645797,-89.6208056558
149.961571646,-5.30522113419,-5.38308150161,-89.6238867753
151.117965047,-5.37501875196,-5.45163835025,-89.6269400764
152.283275704,-5.44476800813,-5.52016742655,-89.6299658745
153.45757238,-5.51446968586,-5.58866914698,-89.6329644801
154.640924369,-5.58412455494,-5.65714392194,-89.6359361988
155.833401498,-5.653733372,-5.72559215579,-89.6388813313
157.035074135,-5.72329688081,-5.79401424696,-89.6418001739
158.246013187,-5.79281581248,-5.86241058807,-89.644693018
159.466290112,-5.8622908857,-5.93078156592,-89.6475601508
160.695976914,-5.931722807,-5.99912756165,-89.6504018548
161.935146158,-6.00111227091,-6.06744895081,-89.6532184087
163.183870964,-6.07045996027,-6.13574610337,-89.6560100864
164.442225017,-6.13976654636,-6.20401938388,-89.6587771581
165.710282572,-6.20903268915,-6.27226915151,-89.6615198898
166.988118455,-6.27825903754,-6.34049576011,-89.6642385435
168.275808069,-6.34744622949,-6.40869955831,-89.6669333775
169.573427398,-6.41659489227,-6.47688088959,-89.6696046461
170.881053014,-6.48570564264,-6.54504009234,-89.6722526
172.198762077,-6.55477908703,-6.61317749994,-89.6748774862
173.526632344,-6.62381582175,-6.68129344084,-89.6774795481
174.86474217,-6.69281643316,-6.7493882386,-89.6800590258
176.213170515,-6.76178149784,-6.81746221199,-89.6826161556
177.571996949,-6.83071158277,-6.88551567505,-89.6851511708
178.941301653,-6.89960724552,-6.95354893715,-89.6876643011
180.321165429,-6.96846903439,-7.02156230307,-89.6901557731
181.711669699,-7.03729748859,-7.08955607303,-89.6926258103
183.112896517,-7.10609313841,-7.15753054282,-89.695074633
184.524928565,-7.17485650536,-7.22548600381,-89.6975024583
185.947849167,-7.24358810234,-7.293422743,-89.6999095006
187.381742286,-7.31228843378,-7.36134104317,-89.702295971
188.826692535,-7.38095799579,-7.42924118283,-89.7046620781
190.282785178,-7.44959727634,-7.49712343636,-89.7070080274
191.750106137,-7.51820675535,-7.56498807404,-89.7093340217
193.228741997,-7.58678690486,-7.63283536212,-89.7116402611
194.718780009,-7.65533818916,-7.70066556286,-89.713926943
196.2203081,-7.72386106496,-7.76847893461,-89.7161942621
197.733414871,-7.79235598145,-7.83627573184,-89.7184424106
199.258189609,-7.8608233805,-7.90405620523,-89.7206715782
200.794722289,-7.92926369675,-7.9718206017,-89.7228819521
202.34310358,-7.99767735775,-8.03956916449,-89.725073717
203.903424848,-8.06606478408,-8.10730213316,-89.7272470551
205.475778168,-8.13442638947,-8.17501974372,-89.7294021465
207.06025632,-8.20276258089,-8.24272222862,-89.7315391688
208.656952803,-8.27107375874,-8.31040981682,-89.7336582975
210.265961836,-8.33936031688,-8.37808273386,-89.7357597056
211.887378364,-8.40762264279,-8.44574120189,-89.7378435641
213.521298063,-8.47586111767,-8.51338543973,-89.7399100418
215.167817351,-8.54407611655,-8.5810156629,-89.7419593054
216.827033385,-8.61226800837,-8.6486320837,-89.7439915195
218.499044073,-8.68043715612,-8.71623491123,-89.7460068467
220.183948078,-8.74858391693,-8.78382435144,-89.7480054475
221.881844825,-8.81670864216,-8.85140060721,-89.7499874805
223.592834503,-8.8848116775,-8.91896387835,-89.7519531022
225.317018076,-8.95289336307,-8.98651436165,-89.7539024675
227.054497284,-9.02095403352,-9.05405225097,-89.7558357292
228.805374656,-9.08899401811,-9.12157773724,-89.7577530382
230.569753506,-9.15701364081,-9.1890910085,-89.7596545437
232.34773795,-9.22501322038,-9.25659224999,-89.7615403931
234.139432902,-9.29299307047,-9.32408164412,-89.7634107321
235.944944088,-9.3609534997,-9.39155937058,-89.7652657046
237.76437805,-9.42889481174,-9.45902560636,-89.7671054527
239.597842149,-9.4968173054,-9.52648052575,-89.768930117
241.445444575,-9.56472127472,-9.59392430043,-89.7707398364
243.307294353,-9.63260700901,-9.6613570995,-89.7725347481
245.183501347,-9.70047479297,-9.7287790895,-89.7743149879
247.074176271,-9.76832490677,-9.79619043445,-89.7760806898
248.97943069,-9.83615762609,-9.8635912959,-89.7778319865
250.89937703,-9.90397322222,-9.93098183298,-89.7795690089
252.834128585,-9.97177196213,-9.99836220238,-89.7812918866
254.783799522,-10.0395541085,-10.0657325585,-89.7830007477
256.748504888,-10.1073199199,-10.1330930532,-89.7846957189
258.728360618,-10.1750696508,-10.2004438364,-89.7863769253
260.723483539,-10.2428035515,-10.2677850555,-89.7880444907
262.733991382,-10.3105218684,-10.3351168556,-89.7896985377
264.760002783,-10.3782248441,-10.4024393799,-89.7913391871
266.801637295,-10.445912717,-10.4697527692,-89.7929665588
268.859015391,-10.5135857222,-10.5370571622,-89.7945807712
270.932258475,-10.5812440908,-10.6043526956,-89.7961819413
273.021488885,-10.6488880502,-10.671639504,-89.797770185
275.126829904,-10.7165178243,-10.7389177198,-89.7993456168
277.248405766,-10.7841336334,-10.8061874738,-89.80090835
279.386341661,-10.8517356944,-10.8734488943,-89.8024584968
281.540763746,-10.9193242207,-10.9407021081,-89.8039961679
283.711799151,-10.9868994223,-11.0079472397,-89.8055214731
285.899575984,-11.0544615061,-11.0751844122,-89.807034521
288.104223345,-11.1220106754,-11.1424137463,-89.8085354187
290.325871325,-11.1895471306,-11.2096353612,-89.8100242727
292.564651021,-11.2570710687,-11.2768493743,-89.8115011879
294.82069454,-11.3245826837,-11.344055901,-89.8129662684
297.094135008,-11.3920821667,-11.4112550553,-89.814419617
299.385106579,-11.4595697055,-11.478446949,-89.8158613357
301.693744437,-11.5270454851,-11.5456316927,-89.8172915251
304.020184814,-11.5945096876,-11.612809395,-89.8187102849
306.364564989,-11.6619624923,-11.6799801629,-89.8201177139
308.7270233,-11.7294040755,-11.747144102,-89.8215139097
311.107699153,-11.7968346108,-11.8143013159,-89.822898969
313.506733028,-11.8642542693,-11.8814519071,-89.8242729874
315.924266489,-11.931663219,-11.9485959761,-89.8256360597
318.360442191,-11.9990616256,-12.0157336222,-89.8269882796
320.815403889,-12.0664496521,-12.082864943,-89.8283297399
323.289296447,-12.1338274589,-12.1499900348,-89.8296605324
325.782265845,-12.2011952039,-12.2171089923,-89.8309807481
328.294459191,-12.2685530427,-12.2842219087,-89.8322904769
330.826024725,-12.3359011281,-12.351328876,-89.833589808
333.377111832,-12.403239611,-12.4184299846,-89.8348788296
335.947871047,-12.4705686394,-12.4855253237,-89.8361576291
338.538454068,-12.5378883594,-12.552614981,-89.8374262929
341.14901376,-12.6051989146,-12.619699043,-89.8386849067
343.779704169,-12.6725004466,-12.6867775948,-89.8399335552
346.43068053,-12.7397930944,-12.7538507202,-89.8411723224
349.102099271,-12.8070769952,-12.8209185018,-89.8424012915
351.794118029,-12.8743522838,-12.8879810209,-89.8436205448
354.506895657,-12.9416190931,-12.9550383575,-89.8448301637
357.240592233,-13.0088775538,-13.0220905905,-89.8460302291
359.995369066,-13.0761277946,-13.0891377976,-89.8472208208
362.771388713,-13.1433699421,-13.1561800552,-89.8484020181
365.568814984,-13.2106041212,-13.2232174387,-89.8495738994
368.387812949,-13.2778304546,-13.2902500222,-89.8507365423
371.228548954,-13.3450490632,-13.3572778788,-89.8518900238
374.091190627,-13.4122600658,-13.4243010804,-89.85303442
376.975906888,-13.4794635798,-13.4913196978,-89.8541698065
379.88286796,-13.5466597203,-13.5583338009,-89.855296258
382.81224538,-13.613848601,-13.6253434584,-89.8564138485
385.764212004,-13.6810303335,-13.6923487378,-89.8575226514
388.738942025,-13.7482050278,-13.7593497059,-89.8586227394
391.736610977,-13.8153727924,-13.8263464282,-89.8597141844
394.757395749,-13.8825337338,-13.8933389694,-89.8607970577
397.801474592,-13.949687957,-13.9603273932,-89.86187143
400.869027133,-14.0168355653,-14.0273117622,-89.8629373712
403.960234384,-14.0839766605,-14.0942921381,-89.8639949508
407.075278754,-14.1511113427,-14.1612685817,-89.8650442373
410.214344055,-14.2182397106,-14.2282411529,-89.8660852989
413.377615521,-14.2853618612,-14.2952099107,-89.867118203
416.565279811,-14.3524778901,-14.3621749131,-89.8681430163
419.777525024,-14.4195878914,-14.4291362173,-89.8691598051
423.014540711,-14.4866919577,-14.4960938795,-89.870168635
426.276517884,-14.5537901803,-14.5630479553,-89.871169571
429.563649027,-14.6208826488,-14.6299984992,-89.8721626775
432.876128108,-14.6879694518,-14.696945565,-89.8731480182
436.214150593,-14.7550506763,-14.7638892057,-89.8741256565
439.577913454,-14.8221264079,-14.8308294734,-89.875095655
442.967615181,-14.8891967309,-14.8977664195,-89.8760580757
446.383455797,-14.9562617286,-14.9647000946,-89.8770129804
449.825636863,-15.0233214825,-15.0316305485,-89.8779604298
453.2943615,-15.0903760733,-15.0985578301,-89.8789004846
456.789834392,-15.1574255801,-15.165481988,-89.8798332045
460.3122618,-15.224470081,-15.2324030695,-89.880758649
463.86185158,-15.2915096529,-15.2993211216,-89.8816768768
467.438813186,-15.3585443714,-15.3662361904,-89.8825879464
471.043357691,-15.425574311,-15.4331483213,-89.8834919155
474.675697793,-15.4925995449,-15.500057559,-89.8843888413
478.336047832,-15.5596201455,-15.5669639477,-89.8852787808
482.0246238,-15.6266361837,-15.6338675308,-89.88616179
485.741643354,-15.6936477295,-15.7007683509,-89.8870379249
489.48732583,-15.7606548519,-15.7676664501,-89.8879072408
493.261892257,-15.8276576186,-15.8345618699,-89.8887697923
497.065565364,-15.8946560966,-15.9014546511,-89.889625634
500.898569603,-15.9616503514,-15.9683448338,-89.8904748195
504.761131152,-16.028640448,-16.0352324578,-89.8913174024
508.653477937,-16.09562645,-16.1021175618,-89.8921534354
512.575839639,-16.1626084202,-16.1690001844,-89.8929829712
516.528447711,-16.2295864204,-16.2358803633,-89.8938060616
520.51153539,-16.2965605114,-16.3027581357,-89.8946227583
524.525337714,-16.3635307532,-16.3696335383,-89.8954331123
528.570091531,-16.4304972048,-16.4365066072,-89.8962371743
532.646035516,-16.4974599242,-16.503377378,-89.8970349946
536.753410184,-16.5644189686,-16.5702458856,-89.8978266229
540.892457907,-16.6313743943,-16.6371121645,-89.8986121086
545.063422923,-16.6983262567,-16.7039762487,-89.8993915007
549.266551355,-16.7652746105,-16.7708381716,-89.9001648477
553.502091223,-16.8322195094,-16.8376979662,-89.9009321977
557.770292462,-16.8991610063,-16.9045556648,-89.9016935983
562.071406931,-16.9660991533,-16.9714112995,-89.902449097
566.405688433,-17.0330340017,-17.0382649015,-89.9031987406
570.773392727,-17.099965602,-17.105116502,-89.9039425755
575.174777546,-17.166894004,-17.1719661313,-89.9046806479
579.61010261,-17.2338192566,-17.2388138196,-89.9054130035
584.07962964,-17.300741408,-17.3056595964,-89.9061396877
588.583622376,-17.3676605057,-17.3725034909,-89.9068607452
593.122346594,-17.4345765965,-17.4393455316,-89.9075762208
597.696070116,-17.5014897264,-17.5061857468,-89.9082861586
602.305062832,-17.5683999407,-17.5730241645,-89.9089906024
606.949596712,-17.635307284,-17.6398608119,-89.9096895957
611.629945823,-17.7022118004,-17.706695716,-89.9103831815
616.346386345,-17.7691135329,-17.7735289033,-89.9110714025
621.099196589,-17.8360125243,-17.8403604002,-89.9117543012
625.888657013,-17.9029088165,-17.9071902322,-89.9124319195
630.715050234,-17.9698024507,-17.9740184248,-89.913104299
635.578661052,-18.0366934677,-18.0408450029,-89.9137714812
640.479776461,-18.1035819075,-18.1076699912,-89.9144335069
645.418685669,-18.1704678096,-18.1744934138,-89.9150904168
650.395680114,-18.2373512126,-18.2413152947,-89.9157422512
655.411053482,-18.304232155,-18.3081356573,-89.9163890499
660.465101723,-18.3711106742,-18.3749545247,-89.9170308527
665.558123068,-18.4379868074,-18.4417719198,-89.9176676989
670.690418049,-18.5048605911,-18.508587865,-89.9182996273
675.862289517,-18.5717320612,-18.5754023823,-89.9189266767
681.074042656,-18.638601253,-18.6422154936,-89.9195488853
686.325985003,-18.7054682015,-18.7090272202,-89.9201662913
691.61842647,-18.7723329409,-18.7758375832,-89.9207789322
696.951679354,-18.8391955051,-18.8426466035,-89.9213868455
702.326058364,-18.9060559271,-18.9094543015,-89.9219900682
707.741880634,-18.9729142399,-18.9762606973,-89.9225886372
713.199465744,-19.0397704757,-19.0430658109,-89.9231825888
718.699135738,-19.1066246662,-19.1098696616,-89.9237719594
724.241215145,-19.1734768427,-19.1766722688,-89.9243567847
729.826030994,-19.2403270359,-19.2434736514,-89.9249371003
735.453912837,-19.3071752763,-19.3102738282,-89.9255129415
741.125192768,-19.3740215935,-19.3770728173,-89.9260843435
746.84020544,-19.4408660172,-19.4438706371,-89.9266513407
752.599288089,-19.5077085761,-19.5106673052,-89.9272139678
758.40278055,-19.5745492988,-19.5774628393,-89.9277722588
764.251025279,-19.6413882133,-19.6442572565,-89.9283262477
770.144367371,-19.7082253474,-19.7110505741,-89.9288759681
776.083154586,-19.7750607281,-19.7778428086,-89.9294214532
782.067737362,-19.8418943823,-19.8446339766,-89.9299627361
788.098468841,-19.9087263364,-19.9114240943,-89.9304998497
794.175704888,-19.9755566163,-19.9782131778,-89.9310328265
800.299804111,-20.0423852476,-20.0450012429,-89.9315616987
806.471127886,-20.1092122556,-20.111788305,-89.9320864983
812.690040374,-20.176037665,-20.1785743794,-89.9326072572
818.956908542,-20.2428615002,-20.2453594812,-89.9331240067
825.272102192,-20.3096837854,-20.3121436252,-89.9336367781
831.635993972,-20.3765045441,-20.378926826,-89.9341456024
838.048959407,-20.4433237997,-20.445709098,-89.9346505103
844.511376918,-20.5101415752,-20.5124904553,-89.9351515324
851.023627842,-20.5769578931,-20.5792709119,-89.9356486988
857.586096457,-20.6437727758,-20.6460504815,-89.9361420395
864.199170007,-20.7105862452,-20.7128291776,-89.9366315844
870.863238718,-20.7773983228,-20.7796070136,-89.937117363
877.578695828,-20.8442090299,-20.8463840025,-89.9375994044
884.345937607,-20.9110183874,-20.9131601573,-89.9380777378
891.16536338,-20.977826416,-20.9799354906,-89.938552392
898.037375551,-21.044633136,-21.0467100151,-89.9390233956
904.962379628,-21.1114385673,-21.1134837429,-89.9394907769
911.940784246,-21.1782427296,-21.1802566863,-89.9399545641
918.973001191,-21.2450456423,-21.2470288572,-89.940414785
926.059445423,-21.3118473244,-21.3138002675,-89.9408714674
933.200535104,-21.3786477949,-21.3805709286,-89.9413246387
940.396691618,-21.4454470721,-21.447340852,-89.9417743261
947.648339602,-21.5122451743,-21.5141100489,-89.9422205567
954.955906964,-21.5790421195,-21.5808785305,-89.9426633573
962.319824914,-21.6458379253,-21.6476463076,-89.9431027545
969.740527986,-21.712632609,-21.714413391,-89.9435387746
977.218454065,-21.779426188,-21.7811797912,-89.9439714439
984.754044412,-21.8462186789,-21.8479455186,-89.9444007883
992.347743693,-21.9130100984,-21.9147105836,-89.9448268336
1000,-21.9798004629,-21.9814749961,-89.9452496053
