edge_sequence,reference_control_tick,truth_tick
161,34265536,300900725
162,151408167,301589817
163,268222733,302276978
164,384986389,302963837
165,501898897,303651575
166,618472572,304337318
167,735037519,305023010
168,851718643,305709385
169,968725193,306397675
170,1085799590,307086364
171,1203001790,307775805
172,1319864100,308463247
173,1436785111,309151033
174,1553389620,309836958
175,1671010354,310528861
176,1787717830,311215392
177,1904150386,311900305
178,2021270810,312589265
179,2137711570,313274226
180,2254412460,313960719
